,Date,close,MACD^STOCH,CCI^STOCH,MA5&MA10^STOCH,MA5&MA10^MA5&MA15,MA5&MA15^STOCH,MA5&MA15^MA5&MA15,MA5&MA15^MA10&MA15,MA5&MA15^MA10&MA30,MA10&MA15^MACD,MA10&MA15^STOCH,MA10&MA15^MA5&MA30,MA10&MA30^STOCH,MA10&MA30^MA5&MA15,MA15&MA30^STOCH,MA15&MA30^MA5&MA15
0,2010-08-30,18.2600326538,0,0,0,0,0,0,0,0,0,0,0,0,0,0,0
1,2010-08-31,17.7993431091,0,0,0,0,0,0,0,0,0,0,0,0,0,0,0
2,2010-09-01,18.8044834137,0,0,0,0,0,0,0,0,0,0,0,0,0,0,0
3,2010-09-02,18.9301242828,0,0,0,0,0,0,0,0,0,0,0,0,0,0,0
4,2010-09-03,18.7626018524,0,0,0,0,0,0,0,0,0,0,0,0,0,0,0
5,2010-09-06,18.4694366455,0,0,0,0,0,0,0,0,0,0,0,0,0,0,0
6,2010-09-07,18.343793869,0,0,0,0,0,0,0,0,0,0,0,0,0,0,0
7,2010-09-08,18.0087471008,0,0,0,0,0,0,0,0,0,0,0,0,0,0,0
8,2010-09-09,17.2130126953,0,0,0,0,0,0,0,0,0,0,0,0,0,0,0
9,2010-09-10,17.5061779022,0,0,0,0,0,0,0,0,0,0,0,0,0,0,0
10,2010-09-13,18.1762695312,0,0,0,0,0,0,0,0,0,0,0,0,0,0,0
11,2010-09-14,18.0087471008,0,0,0,0,0,0,0,0,0,0,0,0,0,0,0
12,2010-09-15,18.2600326538,0,0,0,0,0,0,0,0,0,0,0,0,0,0,0
13,2010-09-16,18.3019123077,0,0,0,0,0,0,0,0,0,0,0,0,0,0,0
14,2010-09-17,18.9720058441,0,0,1,1,0,0,0,0,0,0,0,0,0,0,0
15,2010-09-20,18.8463630676,0,0,-1,0,0,0,0,0,0,0,0,0,0,0,0
16,2010-09-21,18.5531978607,0,0,0,0,0,0,0,0,0,0,0,0,0,0,0
17,2010-09-23,18.2600326538,0,0,0,0,0,0,0,0,0,0,0,0,0,0,0
18,2010-09-24,18.0506286621,0,0,0,0,0,0,0,0,1,1,1,0,0,0,0
19,2010-09-27,18.2181510925,0,1,0,0,0,0,0,0,0,0,0,0,0,0,0
20,2010-09-28,18.343793869,0,0,0,0,0,0,0,0,0,0,0,0,0,0,0
21,2010-09-29,18.5950775146,0,0,0,0,0,0,0,0,0,0,0,0,0,0,0
22,2010-09-30,18.5113162994,0,0,0,0,0,0,0,0,0,0,0,0,0,0,0
23,2010-10-01,18.3856735229,0,0,0,0,0,0,0,0,0,0,0,0,0,0,0
24,2010-10-04,18.5531978607,0,0,0,0,0,0,0,0,0,0,0,0,0,0,0
25,2010-10-05,19.265171051,0,0,0,0,0,0,0,0,0,0,0,0,0,0,0
26,2010-10-06,19.5583362579,0,0,0,0,0,0,0,0,0,0,0,0,0,0,0
27,2010-10-07,19.265171051,0,0,0,0,0,0,0,0,0,0,0,0,0,0,0
28,2010-10-08,18.8463630676,0,0,0,0,0,0,0,0,0,0,0,0,0,0,0
29,2010-10-11,18.6788406372,0,0,0,0,0,0,0,0,0,0,0,0,0,0,0
30,2010-10-12,18.7626018524,0,0,0,0,0,0,0,0,0,0,0,0,0,0,0
31,2010-10-13,18.7207202911,0,0,0,0,0,0,0,0,0,0,0,0,0,0,0
32,2010-10-14,18.8463630676,0,0,0,0,0,0,0,0,0,0,0,0,0,0,0
33,2010-10-15,18.9301242828,0,0,0,0,0,0,0,0,0,0,0,0,0,0,0
34,2010-10-18,18.6788406372,0,0,0,-1,0,0,0,0,0,0,0,0,0,0,0
35,2010-10-19,18.6788406372,0,0,0,0,0,0,0,0,0,0,0,0,0,0,0
36,2010-10-20,19.0138874054,0,0,0,0,0,0,0,0,0,0,0,0,0,0,0
37,2010-10-21,19.516456604,1,0,0,0,1,1,1,1,0,0,0,0,0,0,0
38,2010-10-22,19.6002178192,0,0,0,0,0,0,0,0,0,0,0,0,0,0,0
39,2010-10-25,20.7728805542,0,0,0,0,0,0,0,0,0,0,0,0,0,0,0
40,2010-10-26,20.7310009003,0,0,0,0,0,0,0,0,0,0,0,0,0,0,0
41,2010-10-27,21.3173313141,0,0,0,0,0,0,0,0,0,0,0,0,0,0,0
42,2010-10-28,21.7361392975,-1,-1,-1,0,-1,0,0,0,0,-1,0,0,0,0,0
43,2010-10-29,21.3592128754,0,0,0,0,0,0,0,0,0,0,0,0,0,0,0
44,2010-11-01,21.9455432892,0,0,0,0,0,0,0,0,0,0,0,0,0,0,0
45,2010-11-02,21.610496521,0,0,0,0,0,0,0,0,0,0,0,0,0,0,0
46,2010-11-03,21.610496521,0,0,0,0,0,0,0,0,0,0,0,0,0,0,0
47,2010-11-04,21.6942577362,0,0,0,0,0,0,0,0,0,0,0,0,0,0,0
48,2010-11-05,21.0241641998,0,0,0,0,0,0,0,0,0,0,0,0,0,0,0
49,2010-11-08,21.1079273224,0,0,0,0,0,0,0,0,0,0,0,0,0,0,0
50,2010-11-09,21.1079273224,0,0,0,0,0,0,0,0,-1,0,0,0,0,0,0
51,2010-11-10,20.2284297943,0,0,0,0,0,0,0,0,0,0,0,0,0,0,0
52,2010-11-11,20.2703113556,0,0,0,-1,0,-1,0,0,0,0,0,0,0,0,0
53,2010-11-12,19.8933849335,0,0,0,0,0,0,-1,0,0,0,0,0,0,0,0
54,2010-11-15,19.8933849335,0,0,0,0,0,0,0,0,0,0,0,0,0,0,0
55,2010-11-16,19.4745750427,0,0,0,0,0,0,0,0,0,0,-1,0,0,0,0
56,2010-11-17,19.3070526123,0,0,0,0,0,0,0,0,0,0,0,0,0,0,0
57,2010-11-18,20.6472377777,0,0,0,0,0,0,0,0,0,0,0,0,0,0,0
58,2010-11-19,20.8147602081,0,0,0,0,0,0,0,0,0,0,0,0,0,0,0
59,2010-11-22,21.9036617279,0,0,0,0,0,0,0,0,0,0,0,0,0,0,0
60,2010-11-23,22.2805900574,0,0,0,0,0,0,0,0,0,0,0,0,0,0,0
61,2010-11-24,22.1130657196,0,0,0,0,0,0,0,0,0,0,0,0,0,0,0
62,2010-11-25,22.0293045044,-1,-1,-1,0,-1,0,0,0,0,-1,0,0,0,0,0
63,2010-11-26,21.2335681915,0,0,0,0,0,0,0,0,0,0,0,0,0,0,0
64,2010-11-29,21.3592128754,0,0,0,0,0,0,0,0,0,0,0,0,0,0,0
65,2010-11-30,21.4848537445,0,0,0,0,0,0,0,0,0,0,0,0,0,0,0
66,2010-12-01,21.4429721832,0,0,0,0,0,0,0,0,0,0,0,0,0,0,0
67,2010-12-02,21.8199005127,0,0,0,0,0,0,0,0,0,0,0,0,0,0,0
68,2010-12-03,21.3592128754,0,0,0,0,0,0,0,0,-1,0,0,0,0,1,1
69,2010-12-06,21.610496521,0,0,0,0,0,0,0,0,0,0,0,0,0,0,0
70,2010-12-07,21.5267353058,0,0,0,0,0,0,0,0,0,0,0,0,0,0,0
71,2010-12-08,21.3592128754,0,0,0,0,0,0,-1,0,0,0,0,0,0,0,0
72,2010-12-09,21.6523761749,0,0,0,-1,0,-1,0,0,0,0,0,0,0,0,-1
73,2010-12-10,21.861782074,0,0,0,0,0,0,0,0,0,0,0,0,0,0,0
74,2010-12-13,22.1130657196,0,0,0,0,0,0,0,0,0,0,0,0,0,0,0
75,2010-12-14,22.2387084961,0,0,0,0,0,0,0,0,0,0,0,0,0,0,0
76,2010-12-15,22.1549472809,0,0,0,0,0,0,0,0,0,0,0,0,0,0,0
77,2010-12-16,22.6156368256,0,0,0,0,0,0,0,0,0,0,0,0,0,0,0
78,2010-12-17,22.5737552643,0,0,0,0,0,0,0,0,0,0,0,0,0,0,0
79,2010-12-20,22.3224697113,0,0,0,0,0,0,0,0,0,0,0,0,0,0,0
80,2010-12-21,23.4113712311,0,0,0,0,0,0,0,0,0,0,0,0,0,0,0
81,2010-12-22,24.2908687592,0,0,0,0,0,0,0,0,0,0,0,0,0,0,0
82,2010-12-23,24.0395832062,0,0,0,0,0,0,0,0,0,0,0,0,0,0,0
83,2010-12-24,23.9977035522,0,0,0,0,0,0,0,0,0,0,0,0,0,0,0
84,2010-12-27,23.9139404297,0,0,0,0,0,0,0,0,0,0,0,0,0,0,0
85,2010-12-28,23.8301792145,0,0,0,0,0,0,0,0,0,0,0,0,0,0,0
86,2010-12-29,25.128484726,0,0,0,0,0,0,0,0,0,0,0,0,0,0,0
87,2010-12-30,25.7985782623,0,0,0,0,0,0,0,0,0,0,0,0,0,0,0
88,2010-12-31,25.3797683716,0,0,0,0,0,0,0,0,0,0,0,0,0,0,0
89,2011-01-03,25.9242191315,0,0,0,0,0,0,0,0,0,0,0,0,0,0,0
90,2011-01-04,25.5472927094,0,0,0,0,0,0,0,0,0,0,0,0,0,0,0
91,2011-01-05,24.3746299744,0,0,0,0,0,0,0,0,0,0,0,0,0,0,0
92,2011-01-06,25.0866031647,0,0,0,0,0,0,0,0,0,0,0,0,0,0,0
93,2011-01-07,24.6259155273,0,0,0,0,0,0,0,0,-1,0,0,0,0,0,0
94,2011-01-10,25.2541275024,0,0,0,0,0,0,0,0,0,0,0,0,0,0,0
95,2011-01-11,25.3378887177,0,0,0,0,0,0,0,0,0,0,0,0,0,0,0
96,2011-01-12,25.4216499329,0,0,0,0,0,0,0,0,0,0,0,0,0,0,0
97,2011-01-13,26.1336231232,0,0,0,0,0,0,0,0,0,0,0,0,0,0,0
98,2011-01-14,25.0447235107,-1,-1,-1,0,-1,0,0,0,0,-1,0,0,0,-1,0
99,2011-01-17,23.955821991,0,0,0,0,0,0,-1,0,0,0,0,0,0,0,0
100,2011-01-18,24.7515563965,0,0,0,-1,0,-1,0,0,0,0,0,0,0,0,-1
101,2011-01-19,24.877199173,0,0,0,0,0,0,0,0,0,0,0,0,0,0,0
102,2011-01-20,24.6677951813,0,0,0,0,0,0,0,0,0,0,0,0,0,0,0
103,2011-01-21,24.2071075439,0,0,0,0,0,0,0,0,0,0,0,0,0,0,0
104,2011-01-24,23.9139404297,0,0,0,0,0,0,0,0,0,0,0,0,0,0,0
105,2011-01-25,24.9609603882,0,0,0,0,0,0,0,0,0,0,0,0,0,0,0
106,2011-01-26,25.128484726,0,0,0,0,0,0,0,0,0,0,0,0,0,0,0
107,2011-01-27,25.5472927094,0,0,0,0,0,0,0,0,0,0,0,0,0,0,0
108,2011-01-28,25.5472927094,0,0,0,0,0,0,0,0,0,0,0,0,0,0,0
109,2011-02-08,25.0447235107,-1,-1,-1,0,-1,0,0,0,0,-1,0,0,0,-1,0
110,2011-02-09,25.2960071564,0,0,0,0,0,0,0,0,0,0,0,0,0,0,0
111,2011-02-10,24.835319519,0,0,0,0,0,0,0,-1,0,0,0,0,0,0,0
112,2011-02-11,23.5370140076,0,0,0,0,0,0,0,0,0,0,-1,0,0,0,0
113,2011-02-14,24.7934379578,0,0,0,-1,0,-1,0,0,0,0,0,0,0,0,-1
114,2011-02-15,24.1652259827,0,0,0,0,0,0,0,0,0,0,0,0,0,0,0
115,2011-02-16,23.6626567841,0,0,0,0,0,0,0,0,0,0,0,0,0,0,0
116,2011-02-17,22.783159256,0,0,0,0,0,0,-1,0,-1,0,0,0,0,0,0
117,2011-02-18,23.2857284546,0,0,0,0,0,0,0,0,0,0,0,0,0,0,0
118,2011-02-21,23.3276100159,0,0,0,0,0,0,0,0,0,0,0,0,0,0,0
119,2011-02-22,22.1549472809,0,0,0,0,0,0,0,0,0,0,0,0,0,0,0
120,2011-02-23,21.4848537445,0,0,0,0,0,0,0,0,0,0,0,0,0,0,0
121,2011-02-24,21.5686168671,0,0,0,0,0,0,0,0,0,0,0,0,0,0,0
122,2011-02-25,21.9455432892,0,0,0,0,0,0,0,0,0,0,0,0,0,0,0
123,2011-03-01,22.9506835938,0,0,0,0,0,0,0,0,0,0,0,0,0,0,0
124,2011-03-02,22.8669204712,0,0,0,0,0,0,0,0,0,0,0,0,0,0,0
125,2011-03-03,22.6575164795,0,0,0,0,0,0,0,0,0,0,0,0,0,0,0
126,2011-03-04,22.4481124878,0,0,0,0,0,0,0,0,0,0,0,0,0,0,0
127,2011-03-07,21.3592128754,0,0,0,0,0,0,0,0,0,0,0,0,0,0,0
128,2011-03-08,20.7728805542,0,0,0,0,0,0,0,0,0,0,0,0,0,0,0
129,2011-03-09,20.940404892,0,0,0,0,0,0,0,0,0,0,0,0,0,0,0
130,2011-03-10,20.689119339,0,0,0,0,0,0,0,0,0,0,0,0,0,0,0
131,2011-03-11,20.940404892,0,0,0,0,0,0,0,0,0,0,0,0,0,0,0
132,2011-03-14,20.2284297943,0,0,0,0,0,0,0,0,0,0,0,0,0,0,0
133,2011-03-15,19.1395282745,0,0,0,0,0,0,0,0,0,0,0,0,0,0,0
134,2011-03-16,19.3489322662,0,0,0,0,0,0,0,0,0,0,0,0,0,0,0
135,2011-03-17,19.7677402496,0,0,0,0,0,0,0,0,0,0,0,0,0,0,0
136,2011-03-18,20.0609073639,0,0,0,0,0,0,0,0,0,0,0,0,0,0,0
137,2011-03-21,20.2703113556,0,0,0,0,0,0,0,0,0,0,0,0,0,0,0
138,2011-03-22,20.6053562164,0,0,0,0,0,0,0,0,0,0,0,0,0,0,0
139,2011-03-23,20.5634765625,0,0,0,0,0,0,0,0,0,0,0,0,0,0,0
140,2011-03-24,20.8566417694,-1,-1,-1,0,-1,0,0,0,0,-1,0,0,0,-1,0
141,2011-03-25,20.689119339,0,0,0,0,0,0,0,0,0,0,0,0,0,0,0
142,2011-03-28,20.4797153473,0,0,0,0,0,0,0,0,0,0,0,0,0,0,0
143,2011-03-29,20.7310009003,0,0,0,0,0,0,0,0,0,0,0,0,0,0,0
144,2011-03-30,20.7728805542,0,0,0,0,0,0,0,0,0,0,0,0,0,0,0
145,2011-03-31,20.4797153473,0,0,0,0,0,0,0,0,0,0,0,0,0,0,0
146,2011-04-01,20.689119339,0,0,0,0,0,0,0,0,0,0,0,0,0,0,0
147,2011-04-06,20.437833786,0,0,0,0,0,0,0,0,0,0,0,0,0,0,0
148,2011-04-07,21.6523761749,0,0,0,0,0,0,0,0,0,0,0,0,0,0,0
149,2011-04-08,21.5267353058,0,0,0,0,0,0,0,0,0,0,0,0,0,0,0
150,2011-04-11,21.0241641998,0,0,0,0,0,0,0,0,0,0,0,0,0,0,0
151,2011-04-12,20.7728805542,0,0,0,0,0,0,0,0,0,0,0,0,0,0,0
152,2011-04-13,21.4848537445,0,0,0,0,0,0,0,0,0,0,0,1,1,0,0
153,2011-04-14,21.6942577362,0,0,0,0,0,0,0,0,0,0,0,0,0,0,0
154,2011-04-15,21.1079273224,0,0,0,0,0,0,0,0,0,0,0,0,0,0,0
155,2011-04-18,21.2335681915,0,0,0,0,0,0,0,0,0,0,0,0,0,0,0
156,2011-04-19,21.0241641998,0,0,0,0,0,0,0,0,0,0,0,0,0,0,0
157,2011-04-20,21.3173313141,0,0,0,0,0,0,0,0,0,0,0,0,0,0,0
158,2011-04-21,21.7361392975,0,0,0,0,0,0,0,0,0,0,0,0,0,0,0
159,2011-04-22,22.0711860657,0,0,0,0,0,0,0,0,0,0,0,0,0,0,0
160,2011-04-25,23.5788955688,0,0,0,0,0,0,0,0,0,0,0,0,0,0,0
161,2011-04-26,23.2857284546,0,0,0,0,0,0,0,0,0,0,0,0,0,0,0
162,2011-04-27,22.9088020325,-1,-1,-1,0,-1,0,0,0,0,-1,0,-1,0,-1,0
163,2011-04-28,22.531873703,0,0,0,0,0,0,0,0,0,0,0,0,0,0,0
164,2011-04-29,22.1968288422,0,0,0,0,0,0,0,0,0,0,0,0,0,0,0
165,2011-05-03,22.2387084961,0,0,0,0,0,0,0,0,0,0,0,0,0,0,0
166,2011-05-04,22.9088020325,0,0,0,0,0,0,0,0,0,0,0,0,0,0,0
167,2011-05-05,23.0763244629,0,0,0,0,0,0,0,0,0,0,0,0,0,0,0
168,2011-05-06,23.3694915771,0,0,0,0,0,0,0,0,0,0,0,0,0,0,0
169,2011-05-09,23.6626567841,0,0,0,0,0,0,0,0,0,0,0,0,0,0,0
170,2011-05-10,23.3694915771,0,0,0,0,0,0,0,0,0,0,0,0,0,0,0
171,2011-05-11,22.783159256,0,0,0,0,0,0,0,0,0,0,0,0,0,0,0
172,2011-05-12,22.9506835938,0,0,0,0,0,0,0,0,0,0,0,0,0,0,0
173,2011-05-13,22.531873703,0,0,0,0,0,0,0,0,-1,0,0,0,0,0,0
174,2011-05-16,22.2805900574,0,0,0,-1,0,-1,0,0,0,0,0,0,-1,0,-1
175,2011-05-17,22.5737552643,0,0,0,0,0,0,0,0,0,0,0,0,0,0,0
176,2011-05-18,22.7412776947,0,0,0,0,0,0,0,0,0,0,0,0,0,0,0
177,2011-05-19,21.7361392975,0,0,0,0,0,0,0,0,0,0,0,0,0,0,0
178,2011-05-20,21.3592128754,0,0,0,0,0,0,-1,0,0,0,-1,0,0,0,0
179,2011-05-23,21.2335681915,0,0,0,0,0,0,0,0,-1,0,0,0,0,0,0
180,2011-05-24,21.5686168671,0,0,0,0,0,0,0,-1,0,0,0,0,0,0,0
181,2011-05-25,21.1916885376,0,0,0,0,0,0,0,0,0,0,0,0,0,0,0
182,2011-05-26,21.2754497528,0,0,0,0,0,0,0,0,0,0,0,0,0,0,0
183,2011-05-27,21.610496521,0,0,0,0,0,0,0,0,0,0,0,0,0,0,0
184,2011-05-30,22.0293045044,0,0,0,0,0,0,0,0,0,0,0,0,0,0,0
185,2011-05-31,22.4062328339,0,0,0,0,0,0,0,0,0,0,0,0,0,0,0
186,2011-06-01,22.0711860657,0,0,0,0,0,0,0,0,0,0,0,0,0,0,0
187,2011-06-02,21.4429721832,-1,-1,-1,0,-1,0,0,0,0,-1,0,-1,0,-1,0
188,2011-06-03,21.1916885376,0,0,0,0,0,0,0,0,0,0,0,0,0,0,0
189,2011-06-07,21.1498088837,0,0,0,-1,0,-1,0,0,0,0,0,0,-1,0,-1
190,2011-06-08,20.9822845459,0,0,0,0,0,0,0,0,0,0,0,0,0,0,0
191,2011-06-09,21.0241641998,0,0,0,0,0,0,0,0,0,0,0,0,0,0,0
192,2011-06-10,21.0241641998,0,0,0,0,0,0,0,0,0,0,0,0,0,0,0
193,2011-06-13,20.2284297943,0,0,0,0,0,0,-1,0,0,0,0,0,0,0,0
194,2011-06-14,20.186548233,0,0,0,0,0,0,0,0,0,0,0,0,0,0,0
195,2011-06-15,19.516456604,0,0,0,0,0,0,0,0,0,0,0,0,0,0,0
196,2011-06-16,18.9301242828,0,0,0,0,0,0,0,0,0,0,0,0,0,0,0
197,2011-06-17,19.1814098358,0,0,0,0,0,0,0,0,0,0,0,0,0,0,0
198,2011-06-20,19.0138874054,0,0,0,0,0,0,0,0,0,0,0,0,0,0,0
199,2011-06-21,19.265171051,0,0,0,0,0,0,0,0,0,0,0,0,0,0,0
200,2011-06-22,19.0557670593,0,0,0,0,0,0,0,0,0,0,0,0,0,0,0
201,2011-06-23,18.6369590759,0,0,0,0,0,0,0,0,0,0,0,0,0,0,0
202,2011-06-24,18.9301242828,0,0,0,0,0,0,0,0,0,0,0,0,0,0,0
203,2011-06-27,18.8882446289,0,0,0,0,0,0,0,0,0,0,0,0,0,0,0
204,2011-06-28,19.1395282745,0,0,0,0,0,0,0,0,0,0,0,0,0,0,0
205,2011-06-29,19.1814098358,0,0,0,0,0,0,0,0,0,0,0,0,0,0,0
206,2011-06-30,19.3489322662,0,0,0,0,0,0,0,0,0,0,0,0,0,0,0
207,2011-07-01,19.4326953888,0,0,0,0,0,0,0,0,0,0,0,0,0,0,0
208,2011-07-04,19.1814098358,0,0,0,0,0,0,0,0,0,0,0,0,0,0,0
209,2011-07-05,18.8463630676,0,0,0,0,0,0,0,0,0,0,0,0,0,0,0
210,2011-07-06,18.6369590759,0,0,0,0,0,0,0,0,0,0,0,0,0,0,0
211,2011-07-07,18.8044834137,0,0,0,-1,0,-1,0,0,0,0,0,0,-1,0,-1
212,2011-07-08,18.9301242828,0,0,0,0,0,0,0,0,0,0,0,0,0,0,0
213,2011-07-11,19.1814098358,0,0,0,0,0,0,0,0,0,0,0,0,0,0,0
214,2011-07-12,18.6788406372,0,0,0,0,0,0,0,0,0,0,0,0,0,0,0
215,2011-07-13,18.6369590759,0,0,0,0,0,0,0,0,0,0,0,0,0,0,0
216,2011-07-14,17.5061779022,0,0,0,0,0,0,-1,0,-1,0,0,0,0,0,0
217,2011-07-15,17.7993431091,0,0,0,0,0,0,0,0,0,0,0,0,0,0,0
218,2011-07-18,17.7574615479,0,0,0,0,0,0,0,0,0,0,0,0,0,0,0
219,2011-07-19,17.3386535645,0,0,0,0,0,0,0,0,0,0,0,0,0,0,0
220,2011-07-20,17.5480575562,0,0,0,0,0,0,0,0,0,0,0,0,0,0,0
221,2011-07-21,17.5899391174,0,0,0,0,0,0,0,0,0,0,0,0,0,0,0
222,2011-07-22,17.422416687,0,0,0,0,0,0,0,0,0,0,0,0,0,0,0
223,2011-07-25,17.5061779022,0,0,0,0,0,0,0,0,0,0,0,0,0,0,0
224,2011-07-26,17.3805351257,0,0,0,0,0,0,0,0,0,0,0,0,0,0,0
225,2011-07-27,17.3386535645,0,0,0,0,0,0,0,0,0,0,0,0,0,0,0
226,2011-07-28,16.9198455811,0,0,0,0,0,0,0,0,0,0,0,0,0,0,0
227,2011-07-29,16.5429191589,0,0,0,0,0,0,0,0,0,0,0,0,0,0,0
228,2011-08-01,16.6266803741,0,0,0,0,0,0,0,0,0,0,0,0,0,0,0
229,2011-08-02,16.5848007202,0,0,0,0,0,0,0,0,0,0,0,0,0,0,0
230,2011-08-03,16.249753952,0,0,0,0,0,0,0,0,0,0,0,0,0,0,0
231,2011-08-04,16.1659927368,0,0,0,0,0,0,0,0,0,0,0,0,0,0,0
232,2011-08-05,15.0352096558,0,0,0,0,0,0,0,0,0,0,0,0,0,0,0
233,2011-08-08,13.9881896973,0,0,0,0,0,0,0,0,0,0,0,0,0,0,0
234,2011-08-09,14.6164016724,0,0,0,0,0,0,0,0,0,0,0,0,0,0,0
235,2011-08-10,15.118970871,0,0,0,0,0,0,0,0,0,0,0,0,0,0,0
236,2011-08-11,14.5745210648,0,0,0,0,0,0,0,0,0,0,0,0,0,0,0
237,2011-08-12,14.65828228,0,0,0,0,0,0,0,0,0,0,0,0,0,0,0
238,2011-08-15,15.2446136475,0,0,0,0,0,0,0,0,0,0,0,0,0,0,0
239,2011-08-16,15.3283748627,0,0,0,0,0,0,0,0,0,0,0,0,0,0,0
240,2011-08-17,15.5796604156,0,0,0,0,0,0,0,0,0,0,0,0,0,0,0
241,2011-08-18,15.2027330399,-1,-1,-1,0,-1,0,0,0,0,-1,0,-1,0,-1,0
242,2011-08-19,14.7839250565,0,0,0,0,0,0,0,0,0,0,0,0,0,0,0
243,2011-08-22,15.118970871,0,0,0,0,0,0,0,0,0,0,0,0,0,0,0
244,2011-08-23,15.7471828461,0,0,0,0,0,0,0,0,0,0,0,0,0,0,0
245,2011-08-24,15.4121370316,0,0,0,0,0,0,0,0,0,0,0,0,0,0,0
246,2011-08-25,15.4540176392,0,0,0,0,0,0,0,0,0,0,0,0,0,0,0
247,2011-08-26,15.5796604156,0,0,0,0,0,0,0,0,0,0,0,0,0,0,0
248,2011-08-29,15.6634216309,0,0,0,0,0,0,0,0,0,0,0,0,0,0,0
249,2011-08-30,15.5377788544,0,0,0,0,0,0,0,0,0,0,0,0,0,0,0
250,2011-08-31,15.5796604156,0,0,0,0,0,0,0,0,0,0,0,0,0,0,0
251,2011-09-01,15.0643892288,0,0,0,0,0,0,0,0,0,0,0,0,0,0,0
252,2011-09-02,15.0643892288,0,0,0,0,0,0,0,0,0,0,0,0,0,0,0
253,2011-09-05,14.649772644,0,0,0,-1,0,-1,0,0,0,0,0,0,-1,0,-1
254,2011-09-06,14.1890878677,0,0,0,0,0,0,-1,0,0,0,0,0,0,0,0
255,2011-09-07,14.5115680695,0,0,0,0,0,0,0,0,-1,0,0,0,0,0,0
256,2011-09-08,14.5115680695,0,0,0,0,0,0,0,0,0,0,0,0,0,0,0
257,2011-09-09,14.6037054062,0,0,0,0,0,0,0,0,0,0,0,0,0,0,0
258,2011-09-13,14.2812252045,0,0,0,0,0,0,0,0,-1,0,0,0,0,0,0
259,2011-09-14,13.7284040451,0,0,0,0,0,0,0,0,0,0,0,0,0,0,0
260,2011-09-15,14.1430196762,0,0,0,0,0,0,0,0,0,0,0,0,0,0,0
261,2011-09-16,14.4194307327,0,0,0,0,0,0,0,0,0,0,0,0,0,0,0
262,2011-09-19,14.2351570129,0,0,0,0,0,0,0,0,0,0,0,0,0,0,0
263,2011-09-20,14.0508832932,0,0,0,0,0,0,0,0,0,0,0,0,0,0,0
264,2011-09-21,14.3733615875,0,0,0,0,0,0,0,0,0,0,0,0,0,0,0
265,2011-09-22,13.8666086197,0,0,0,0,0,0,0,0,0,0,0,0,0,0,0
266,2011-09-23,13.4519929886,0,0,0,0,0,0,0,0,-1,0,0,0,0,0,0
267,2011-09-26,13.4980611801,0,0,0,0,0,0,0,0,0,0,0,0,0,0,0
268,2011-09-27,14.4194307327,0,0,0,0,0,0,0,0,0,0,0,0,0,0,0
269,2011-09-28,14.3272943497,0,0,0,0,0,0,0,0,0,0,0,0,0,0,0
270,2011-09-29,14.4654989243,0,0,0,0,0,0,0,0,0,0,0,0,0,0,0
271,2011-09-30,14.3733615875,0,0,0,0,0,0,0,0,0,0,0,0,0,0,0
272,2011-10-03,13.8205413818,0,0,0,0,0,0,0,0,0,0,0,0,0,0,0
273,2011-10-04,13.8666086197,0,0,0,0,0,0,0,0,0,0,0,0,0,0,0
274,2011-10-05,13.5901975632,0,0,0,-1,0,-1,0,0,0,0,0,0,-1,0,-1
275,2011-10-06,13.8205413818,0,0,0,0,0,0,0,0,0,0,0,0,0,0,0
276,2011-10-07,14.0048151016,0,0,0,0,0,0,0,0,0,0,0,0,0,0,0
277,2011-10-11,14.557636261,0,0,0,0,0,0,0,0,0,0,0,0,0,0,0
278,2011-10-12,14.4194307327,0,0,0,0,0,0,0,0,0,0,0,0,0,0,0
279,2011-10-13,15.3868694305,0,0,0,0,0,0,0,0,0,0,0,0,0,0,0
280,2011-10-14,15.3868694305,0,0,0,0,0,0,0,0,0,0,0,0,0,0,0
281,2011-10-17,15.7093477249,-1,-1,-1,0,-1,0,0,0,0,-1,0,-1,0,-1,0
282,2011-10-18,15.7554159164,0,0,0,0,0,0,0,0,0,0,0,0,0,0,0
283,2011-10-19,15.8014850616,0,0,0,0,0,0,0,0,0,0,0,0,0,0,0
284,2011-10-20,15.4790058136,-1,-1,-1,0,-1,0,0,0,0,-1,0,-1,0,-1,0
285,2011-10-21,15.4329366684,0,0,0,0,0,0,0,0,0,0,0,0,0,0,0
286,2011-10-24,15.5711431503,0,0,0,0,0,0,0,0,0,0,0,0,0,0,0
287,2011-10-25,15.110458374,0,0,0,0,0,0,0,0,0,0,0,0,0,0,0
288,2011-10-26,15.110458374,0,0,0,0,0,0,0,0,0,0,0,0,0,0,0
289,2011-10-27,15.4790058136,0,0,0,0,0,0,0,0,0,0,0,0,0,0,0
290,2011-10-28,15.5250740051,0,0,0,0,0,0,0,0,0,0,0,0,0,0,0
291,2011-10-31,15.2947320938,0,0,0,-1,0,-1,0,0,0,0,0,0,-1,0,-1
292,2011-11-01,15.3868694305,0,0,0,0,0,0,0,0,0,0,0,0,0,0,0
293,2011-11-02,15.2486629486,0,0,0,0,0,0,-1,0,-1,0,0,0,0,0,0
294,2011-11-03,15.0183210373,0,0,0,0,0,0,0,0,0,0,0,0,0,0,0
295,2011-11-04,15.5711431503,0,0,0,0,0,0,0,0,0,0,0,0,0,0,0
296,2011-11-07,15.2947320938,0,0,0,0,0,0,0,0,0,0,0,0,0,0,0
297,2011-11-08,14.9261837006,0,0,0,0,0,0,0,0,0,0,0,0,0,0,0
298,2011-11-09,14.7419099808,0,0,0,0,0,0,0,0,0,0,0,0,0,0,0
299,2011-11-10,14.0048151016,0,0,0,0,0,0,0,0,-1,0,-1,0,0,0,0
300,2011-11-11,14.2351570129,0,0,0,0,0,0,0,0,0,0,0,0,0,0,0
301,2011-11-14,14.4654989243,0,0,0,0,0,0,0,-1,0,0,0,0,0,0,0
302,2011-11-15,14.649772644,0,0,0,0,0,0,0,0,0,0,0,0,0,0,0
303,2011-11-16,14.6037054062,0,0,0,0,0,0,0,0,0,0,0,0,0,0,0
304,2011-11-17,14.2812252045,0,0,0,0,0,0,0,0,0,0,0,0,0,0,0
305,2011-11-18,13.9587459564,0,0,0,0,0,0,0,0,0,0,0,0,0,0,0
306,2011-11-21,13.4980611801,0,0,0,0,0,0,0,0,0,0,0,0,0,0,0
307,2011-11-22,13.5441303253,0,0,0,0,0,0,0,0,0,0,0,0,0,0,0
308,2011-11-23,13.2677192688,0,0,0,0,0,0,0,0,0,0,0,0,0,0,0
309,2011-11-24,13.5441303253,0,0,0,0,0,0,0,0,0,0,0,0,0,0,0
310,2011-11-25,13.6823348999,0,0,0,0,0,0,0,0,0,0,0,0,0,0,0
311,2011-11-28,13.4519929886,0,0,0,0,0,0,0,0,0,0,0,0,0,0,0
312,2011-11-29,13.4519929886,0,0,0,0,0,0,0,0,0,0,0,0,0,0,0
313,2011-11-30,13.4059238434,0,0,0,0,0,0,0,0,0,0,0,0,0,0,0
314,2011-12-01,13.9126777649,0,0,0,0,0,0,0,0,0,0,0,0,0,0,0
315,2011-12-02,13.6362667084,0,0,0,0,0,0,0,0,0,0,0,0,0,0,0
316,2011-12-05,13.6362667084,0,0,0,0,0,0,0,0,0,0,0,0,0,0,0
317,2011-12-06,13.4059238434,0,0,0,0,0,0,0,0,0,0,0,0,0,0,0
318,2011-12-07,13.4059238434,0,0,0,0,0,0,0,0,0,0,0,0,0,0,0
319,2011-12-08,13.7284040451,0,0,0,0,0,0,0,0,0,0,0,0,0,0,0
320,2011-12-09,13.4519929886,0,0,0,0,0,0,0,0,0,0,0,0,0,0,0
321,2011-12-12,13.5441303253,0,0,0,0,0,0,0,0,0,0,0,0,0,0,0
322,2011-12-13,13.4980611801,0,0,0,0,0,0,0,0,0,0,0,0,0,0,0
323,2011-12-14,13.4059238434,0,0,0,0,0,0,0,0,0,0,0,0,0,0,0
324,2011-12-15,13.2216510773,0,0,0,0,0,0,-1,0,0,0,0,0,0,0,0
325,2011-12-16,13.1755819321,0,0,0,0,0,0,0,0,0,0,0,0,0,0,0
326,2011-12-19,12.6688289642,0,0,0,0,0,0,0,0,-1,0,0,0,0,0,0
327,2011-12-20,12.853102684,0,0,0,0,0,0,0,0,0,0,0,0,0,0,0
328,2011-12-21,13.5441303253,0,0,0,0,0,0,0,0,0,0,0,0,0,0,0
329,2011-12-22,13.2216510773,0,0,0,0,0,0,0,0,0,0,0,0,0,0,0
330,2011-12-23,13.6362667084,0,0,0,0,0,0,0,0,0,0,0,0,0,0,0
331,2011-12-26,13.4980611801,0,0,0,0,0,0,0,0,0,0,0,0,0,0,0
332,2011-12-27,13.8205413818,0,0,0,0,0,0,0,0,0,0,0,0,0,0,0
333,2011-12-28,14.3272943497,-1,-1,-1,0,-1,0,0,0,0,-1,0,-1,0,-1,0
334,2011-12-29,14.2812252045,0,0,0,0,0,0,0,0,0,0,0,0,0,0,0
335,2011-12-30,14.096950531,0,0,0,0,0,0,0,0,0,0,0,0,0,0,0
336,2012-01-02,13.9587459564,0,0,0,0,0,0,0,0,0,0,0,0,0,0,0
337,2012-01-03,14.4194307327,0,0,0,0,0,0,0,0,0,0,0,0,0,0,0
338,2012-01-04,14.6958417892,0,0,0,0,0,0,0,0,0,0,0,0,0,0,0
339,2012-01-05,15.3868694305,0,0,0,0,0,0,0,0,0,0,0,0,0,0,0
340,2012-01-06,15.0643892288,0,0,0,0,0,0,0,0,0,0,0,0,0,0,0
341,2012-01-09,15.1565256119,0,0,0,0,0,0,0,0,0,0,0,0,0,0,0
342,2012-01-10,15.4790058136,0,0,0,0,0,0,0,0,0,0,0,0,0,0,0
343,2012-01-11,15.6172113419,0,0,0,0,0,0,0,0,0,0,0,0,0,0,0
344,2012-01-12,15.5250740051,0,0,0,0,0,0,0,0,0,0,0,0,0,0,0
345,2012-01-13,15.5250740051,0,0,0,0,0,0,0,0,0,0,0,0,0,0,0
346,2012-01-16,14.9261837006,0,0,0,0,0,0,0,0,0,0,0,0,0,0,0
347,2012-01-17,15.1565256119,0,0,0,0,0,0,0,0,0,0,0,0,0,0,0
348,2012-01-18,15.0183210373,0,0,0,0,0,0,0,0,0,0,0,0,0,0,0
349,2012-01-30,14.9722518921,0,0,0,0,0,0,0,0,-1,0,0,0,0,0,0
350,2012-01-31,15.2486629486,0,0,0,-1,0,-1,0,0,0,0,0,0,-1,0,-1
351,2012-02-01,16.0318279266,0,0,0,0,0,0,0,0,0,0,0,0,0,0,0
352,2012-02-02,16.5846481323,0,0,0,0,0,0,0,0,0,0,0,0,0,0,0
353,2012-02-03,17.0453338623,0,0,0,0,0,0,0,0,0,0,0,0,0,0,0
354,2012-02-06,17.2756767273,0,0,0,0,0,0,0,0,0,0,0,0,0,0,0
355,2012-02-07,17.3678131104,0,0,0,0,0,0,0,0,0,0,0,0,0,0,0
356,2012-02-08,17.598154068,-1,-1,-1,0,-1,0,0,0,0,-1,0,-1,0,-1,0
357,2012-02-09,17.5060176849,0,0,0,0,0,0,0,0,0,0,0,0,0,0,0
358,2012-02-10,17.4138813019,0,0,0,0,0,0,0,0,0,0,0,0,0,0,0
359,2012-02-13,17.9206352234,0,0,0,0,0,0,0,0,0,0,0,0,0,0,0
360,2012-02-14,17.5060176849,0,0,0,0,0,0,0,0,0,0,0,0,0,0,0
361,2012-02-15,17.6442241669,0,0,0,0,0,0,0,0,0,0,0,0,0,0,0
362,2012-02-16,17.3678131104,0,0,0,0,0,0,0,0,0,0,0,0,0,0,0
363,2012-02-17,16.9992656708,0,0,0,0,0,0,0,0,-1,0,0,0,0,0,0
364,2012-02-20,17.7363605499,0,0,0,0,0,0,0,0,0,0,0,0,0,0,0
365,2012-02-21,18.150976181,0,0,0,0,0,0,0,0,0,0,0,0,0,0,0
366,2012-02-22,18.058839798,0,0,0,0,0,0,0,0,0,0,0,0,0,0,0
367,2012-02-23,18.058839798,0,0,0,0,0,0,0,0,0,0,0,0,0,0,0
368,2012-02-24,17.9667034149,-1,-1,-1,0,-1,0,0,0,0,-1,0,-1,0,-1,0
369,2012-02-29,18.9802093506,0,0,0,0,0,0,0,0,0,0,0,0,0,0,0
370,2012-03-01,19.7173042297,0,0,0,0,0,0,0,0,0,0,0,0,0,0,0
371,2012-03-02,19.3487567902,-1,-1,-1,0,-1,0,0,0,0,-1,0,-1,0,-1,0
372,2012-03-05,18.611661911,0,0,0,0,0,0,0,0,0,0,0,0,0,0,0
373,2012-03-06,18.381319046,0,0,0,0,0,0,0,0,-1,0,0,0,0,0,0
374,2012-03-07,18.0127716064,0,0,0,0,0,0,0,0,0,0,0,0,0,0,0
375,2012-03-08,19.2105522156,0,0,0,0,0,0,0,0,0,0,0,0,0,0,0
376,2012-03-09,18.8880710602,0,0,0,0,0,0,0,0,0,0,0,0,0,0,0
377,2012-03-12,18.7959346771,0,0,0,0,0,0,0,0,0,0,0,0,0,0,0
378,2012-03-13,18.8880710602,0,0,0,0,0,0,0,0,0,0,0,0,0,0,0
379,2012-03-14,19.2566204071,0,0,0,0,0,0,0,0,0,0,0,0,0,0,0
380,2012-03-15,18.9802093506,0,0,0,0,0,0,0,0,0,0,0,0,0,0,0
381,2012-03-16,18.4734554291,0,0,0,0,0,0,-1,0,0,0,0,0,0,0,0
382,2012-03-19,18.6577301025,0,0,0,0,0,0,0,0,0,0,0,0,0,0,0
383,2012-03-20,18.381319046,0,0,0,-1,0,-1,0,0,0,0,0,0,-1,0,-1
384,2012-03-21,18.9341411591,0,0,0,0,0,0,0,0,0,0,0,0,0,0,0
385,2012-03-22,18.7498664856,0,0,0,0,0,0,0,0,0,0,0,0,0,0,0
386,2012-03-23,18.7498664856,0,0,0,0,0,0,0,0,0,0,0,0,0,0,0
387,2012-03-26,18.381319046,0,0,0,0,0,0,0,0,0,0,0,0,0,0,0
388,2012-03-27,18.4734554291,0,0,0,0,0,0,-1,0,0,0,0,0,0,0,0
389,2012-03-28,18.4734554291,0,0,0,0,0,0,0,0,0,0,0,0,0,0,0
390,2012-03-29,18.3352508545,0,0,0,0,0,0,0,0,0,0,-1,0,0,0,0
391,2012-03-30,18.7037982941,0,0,0,0,0,0,0,0,0,0,0,0,0,0,0
392,2012-04-02,18.058839798,0,0,0,0,0,0,0,-1,0,0,0,0,0,0,0
393,2012-04-03,18.058839798,0,0,0,0,0,0,0,0,0,0,0,0,0,0,0
394,2012-04-05,18.150976181,0,0,0,0,0,0,0,0,0,0,0,0,0,0,0
395,2012-04-06,17.9667034149,0,0,0,0,0,0,0,0,0,0,0,0,0,0,0
396,2012-04-09,18.2431144714,0,0,0,0,0,0,0,0,0,0,0,0,0,0,0
397,2012-04-10,18.150976181,0,0,0,0,0,0,0,0,0,0,0,0,0,0,0
398,2012-04-11,17.9667034149,0,0,0,0,0,0,0,0,-1,0,0,0,0,0,0
399,2012-04-12,17.7363605499,0,0,0,0,0,0,0,0,0,0,0,0,0,0,0
400,2012-04-13,17.5060176849,0,0,0,0,0,0,0,0,0,0,0,0,0,0,0
401,2012-04-16,16.3543071747,0,0,0,0,0,0,0,0,0,0,0,0,0,0,0
402,2012-04-17,15.4329366684,0,0,0,0,0,0,0,0,0,0,0,0,0,0,0
403,2012-04-18,15.5711431503,0,0,0,0,0,0,0,0,0,0,0,0,0,0,0
404,2012-04-19,15.9857587814,0,0,0,0,0,0,0,0,0,0,0,0,0,0,0
405,2012-04-20,15.2486629486,0,0,0,0,0,0,0,0,0,0,0,0,0,0,0
406,2012-04-23,15.2025947571,0,0,0,0,0,0,0,0,0,0,0,0,0,0,0
407,2012-04-24,15.6632785797,0,0,0,0,0,0,0,0,0,0,0,0,0,0,0
408,2012-04-25,16.2161006927,0,0,0,0,0,0,0,0,0,0,0,0,0,0,0
409,2012-04-26,16.2161006927,0,0,0,0,0,0,0,0,0,0,0,0,0,0,0
410,2012-04-27,15.8475532532,0,0,0,0,0,0,0,0,0,0,0,0,0,0,0
411,2012-04-30,15.8475532532,0,0,0,0,0,0,0,0,0,0,0,0,0,0,0
412,2012-05-02,16.3543071747,0,0,0,0,0,0,0,0,0,0,0,0,0,0,0
413,2012-05-03,16.1700325012,0,0,0,0,0,0,0,0,0,0,0,0,0,0,0
414,2012-05-04,17.0914020538,0,0,0,0,0,0,0,0,0,0,0,0,0,0,0
415,2012-05-07,16.6767864227,0,0,0,0,0,0,0,0,0,0,0,0,0,0,0
416,2012-05-08,16.6767864227,0,0,0,0,0,0,0,0,0,0,0,0,0,0,0
417,2012-05-09,16.8610591888,0,0,0,0,0,0,0,0,0,0,0,0,0,0,0
418,2012-05-10,16.4464435577,0,0,0,0,0,0,0,0,0,0,0,0,0,0,0
419,2012-05-11,15.8475532532,0,0,0,0,0,0,0,0,0,0,0,0,0,0,0
420,2012-05-14,15.0643892288,0,0,0,0,0,0,0,0,0,0,0,0,0,0,0
421,2012-05-15,14.9261837006,0,0,0,-1,0,-1,0,0,-1,0,0,0,-1,0,-1
422,2012-05-16,14.7419099808,0,0,0,0,0,0,-1,0,0,0,0,0,0,0,0
423,2012-05-17,14.9722518921,0,0,0,0,0,0,0,0,0,0,0,0,0,0,0
424,2012-05-18,14.3733615875,0,0,0,0,0,0,0,0,0,0,0,0,0,0,0
425,2012-05-21,14.3733615875,0,0,0,0,0,0,0,0,0,0,0,0,0,0,0
426,2012-05-22,14.4194307327,0,0,0,0,0,0,0,0,0,0,0,0,0,0,0
427,2012-05-23,14.0048151016,0,0,0,0,0,0,0,0,0,0,0,0,0,0,0
428,2012-05-24,13.9587459564,0,0,0,0,0,0,0,0,0,0,0,0,0,0,0
429,2012-05-25,13.8205413818,0,0,0,0,0,0,0,0,0,0,0,0,0,0,0
430,2012-05-28,13.8205413818,0,0,0,0,0,0,0,0,0,0,0,0,0,0,0
431,2012-05-29,14.2351570129,0,0,0,0,0,0,0,0,0,0,0,0,0,0,0
432,2012-05-30,13.7284040451,0,0,0,0,0,0,0,0,0,0,0,0,0,0,0
433,2012-05-31,13.4980611801,0,0,0,0,0,0,0,0,0,0,0,0,0,0,0
434,2012-06-01,13.4059238434,0,0,0,0,0,0,0,0,0,0,0,0,0,0,0
435,2012-06-04,12.8991708755,0,0,0,0,0,0,0,0,0,0,0,0,0,0,0
436,2012-06-05,12.9452400208,0,0,0,0,0,0,0,0,0,0,0,0,0,0,0
437,2012-06-06,13.1755819321,0,0,0,0,0,0,0,0,0,0,0,0,0,0,0
438,2012-06-07,13.2677192688,0,0,0,0,0,0,0,0,0,0,0,0,0,0,0
439,2012-06-08,13.3598556519,0,0,0,0,0,0,0,0,0,0,0,0,0,0,0
440,2012-06-11,13.5441303253,0,0,0,0,0,0,0,0,0,0,0,0,0,0,0
441,2012-06-12,13.5901975632,0,0,0,0,0,0,0,0,0,0,0,0,0,0,0
442,2012-06-13,13.6362667084,0,0,0,0,0,0,0,0,0,0,0,0,0,0,0
443,2012-06-14,13.8205413818,0,0,0,0,0,0,0,0,0,0,0,0,0,0,0
444,2012-06-15,13.9587459564,0,0,0,0,0,0,0,0,0,0,0,0,0,0,0
445,2012-06-18,14.3733615875,-1,-1,-1,0,-1,0,0,0,0,-1,0,-1,0,-1,0
446,2012-06-19,14.2812252045,0,0,0,0,0,0,0,0,0,0,0,0,0,0,0
447,2012-06-20,14.3272943497,0,0,0,0,0,0,0,0,0,0,0,0,0,0,0
448,2012-06-21,14.3272943497,0,0,0,0,0,0,0,0,0,0,0,0,0,0,0
449,2012-06-22,14.2812252045,0,0,0,0,0,0,0,0,0,0,0,0,0,0,0
450,2012-06-25,14.096950531,0,0,0,0,0,0,0,0,0,0,0,0,0,0,0
451,2012-06-26,13.9126777649,0,0,0,0,0,0,0,0,0,0,0,0,0,0,0
452,2012-06-27,14.3733615875,0,0,0,0,0,0,0,0,0,0,0,0,0,0,0
453,2012-06-28,14.2812252045,0,0,0,0,0,0,0,0,0,0,0,0,0,0,0
454,2012-06-29,14.8340473175,0,0,0,0,0,0,0,0,0,0,0,0,0,0,0
455,2012-07-02,14.8801145554,0,0,0,0,0,0,0,0,0,0,0,0,0,0,0
456,2012-07-03,14.8340473175,0,0,0,0,0,0,0,0,0,0,0,0,0,0,0
457,2012-07-04,15.0183210373,0,0,0,0,0,0,0,0,0,0,0,0,0,0,0
458,2012-07-05,15.2025947571,0,0,0,0,0,0,0,0,0,0,0,0,0,0,0
459,2012-07-06,15.110458374,-1,-1,-1,0,-1,0,0,0,0,-1,0,-1,0,-1,0
460,2012-07-09,15.0183210373,0,0,0,0,0,0,0,0,0,0,0,0,0,0,0
461,2012-07-10,14.9261837006,0,0,0,0,0,0,0,0,0,0,0,0,0,0,0
462,2012-07-11,14.8340473175,0,0,0,0,0,0,0,0,0,0,0,0,0,0,0
463,2012-07-12,14.8801145554,0,0,0,0,0,0,0,0,0,0,0,0,0,0,0
464,2012-07-13,14.8801145554,0,0,0,0,0,0,0,0,0,0,0,0,0,0,0
465,2012-07-16,14.9261837006,0,0,0,0,0,0,0,0,0,0,0,0,0,0,0
466,2012-07-17,15.2025947571,0,0,0,0,0,0,0,0,0,0,0,0,0,0,0
467,2012-07-18,15.0643892288,0,0,0,0,0,0,0,0,0,0,0,0,0,0,0
468,2012-07-19,15.110458374,0,0,0,0,0,0,0,0,0,0,0,0,0,0,0
469,2012-07-20,15.1565256119,0,0,0,0,0,0,-1,0,0,0,0,0,0,0,0
470,2012-07-23,14.787979126,0,0,0,0,0,0,0,0,-1,0,0,0,0,0,0
471,2012-07-24,14.649772644,0,0,0,-1,0,-1,0,0,0,0,0,0,-1,0,-1
472,2012-07-25,14.557636261,0,0,0,0,0,0,0,0,0,0,0,0,0,0,0
473,2012-07-26,14.4654989243,0,0,0,0,0,0,0,0,0,0,0,0,0,0,0
474,2012-07-27,14.7419099808,0,0,0,0,0,0,0,0,0,0,-1,0,0,0,0
475,2012-07-30,14.787979126,0,0,0,0,0,0,0,0,0,0,0,0,0,0,0
476,2012-07-31,15.2025947571,0,0,0,0,0,0,0,0,0,0,0,0,0,0,0
477,2012-08-01,15.6632785797,0,0,0,0,0,0,0,0,0,0,0,0,0,0,0
478,2012-08-02,15.6632785797,0,0,0,0,0,0,0,0,0,0,0,0,0,0,0
479,2012-08-03,15.4329366684,-1,-1,-1,0,-1,0,0,0,0,-1,0,-1,0,-1,0
480,2012-08-06,15.9396896362,0,0,0,0,0,0,0,0,0,0,0,0,0,0,0
481,2012-08-07,16.0318279266,0,0,0,0,0,0,0,0,0,0,0,0,0,0,0
482,2012-08-08,16.1239643097,0,0,0,0,0,0,0,0,0,0,0,0,0,0,0
483,2012-08-09,16.4003753662,-1,-1,-1,0,-1,0,0,0,0,-1,0,-1,0,-1,0
484,2012-08-10,16.3543071747,0,0,0,0,0,0,0,0,0,0,0,0,0,0,0
485,2012-08-13,16.1239643097,0,0,0,0,0,0,0,0,0,0,0,0,0,0,0
486,2012-08-14,16.1239643097,0,0,0,0,0,0,0,0,0,0,0,0,0,0,0
487,2012-08-15,16.3082370758,0,0,0,0,0,0,0,0,0,0,0,0,0,0,0
488,2012-08-16,16.1239643097,0,0,0,0,0,0,0,0,0,0,0,0,0,0,0
489,2012-08-17,15.9396896362,0,0,0,0,0,0,0,0,0,0,0,0,0,0,0
490,2012-08-20,15.5250740051,0,0,0,0,0,0,0,0,-1,0,0,0,0,0,0
491,2012-08-21,15.4790058136,0,0,0,-1,0,-1,0,0,0,0,0,0,-1,0,-1
492,2012-08-22,15.110458374,0,0,0,0,0,0,0,0,0,0,0,0,0,0,0
493,2012-08-23,15.3868694305,0,0,0,0,0,0,-1,0,0,0,0,0,0,0,0
494,2012-08-24,15.4790058136,0,0,0,0,0,0,0,0,0,0,-1,0,0,0,0
495,2012-08-27,15.4329366684,0,0,0,0,0,0,0,0,0,0,0,0,0,0,0
496,2012-08-28,15.0183210373,0,0,0,0,0,0,0,0,0,0,0,0,0,0,0
497,2012-08-29,15.110458374,0,0,0,0,0,0,0,-1,-1,0,0,0,0,0,0
498,2012-08-30,15.0183210373,0,0,0,0,0,0,0,0,0,0,0,0,0,0,0
499,2012-08-31,14.7419099808,0,0,0,0,0,0,0,0,0,0,0,0,0,0,0
500,2012-09-03,15.2025947571,0,0,0,0,0,0,0,0,0,0,0,0,0,0,0
501,2012-09-04,14.8801145554,0,0,0,0,0,0,0,0,0,0,0,0,0,0,0
502,2012-09-05,14.6037054062,0,0,0,0,0,0,0,0,0,0,0,0,0,0,0
503,2012-09-06,14.557636261,0,0,0,0,0,0,0,0,0,0,0,0,0,0,0
504,2012-09-07,14.9261837006,0,0,0,0,0,0,0,0,0,0,0,0,0,0,0
505,2012-09-10,15.2025947571,0,0,0,0,0,0,0,0,0,0,0,0,0,0,0
506,2012-09-11,14.8340473175,0,0,0,0,0,0,0,0,0,0,0,0,0,0,0
507,2012-09-12,14.6958417892,0,0,0,0,0,0,0,0,0,0,0,0,0,0,0
508,2012-09-13,14.6037054062,0,0,0,0,0,0,0,0,0,0,0,0,0,0,0
509,2012-09-14,14.6958417892,0,0,0,0,0,0,0,0,0,0,0,0,0,0,0
510,2012-09-17,15.4790058136,0,0,0,0,0,0,0,0,0,0,0,0,0,0,0
511,2012-09-18,15.3408002853,0,0,0,0,0,0,0,0,0,0,0,0,0,0,0
512,2012-09-19,15.7093477249,0,0,0,0,0,0,0,0,0,0,0,0,0,0,0
513,2012-09-20,15.4329366684,0,0,0,0,0,0,0,0,0,0,0,0,0,0,0
514,2012-09-21,15.4329366684,0,0,0,0,0,0,0,0,0,0,0,0,0,0,0
515,2012-09-24,15.3868694305,0,0,0,0,0,0,0,0,0,0,0,0,0,0,0
516,2012-09-25,14.9261837006,0,0,0,0,0,0,0,0,0,0,0,0,0,0,0
517,2012-09-26,14.4654989243,0,0,0,0,0,0,0,0,-1,0,-1,0,0,0,0
518,2012-09-27,14.3733615875,0,0,0,-1,0,-1,0,0,0,0,0,0,-1,0,-1
519,2012-09-28,14.2351570129,0,0,0,0,0,0,0,0,0,0,0,0,0,0,0
520,2012-10-01,14.4194307327,0,0,0,0,0,0,0,-1,0,0,0,0,0,0,0
521,2012-10-02,14.557636261,0,0,0,0,0,0,-1,0,0,0,0,0,0,0,0
522,2012-10-03,14.3272943497,0,0,0,0,0,0,0,0,0,0,0,0,0,0,0
523,2012-10-04,14.3733615875,0,0,0,0,0,0,0,0,0,0,0,0,0,0,0
524,2012-10-05,14.2351570129,0,0,0,0,0,0,0,0,0,0,0,0,0,0,0
525,2012-10-08,14.2812252045,0,0,0,0,0,0,0,0,0,0,0,0,0,0,0
526,2012-10-09,14.2812252045,0,0,0,0,0,0,0,0,0,0,0,0,0,0,0
527,2012-10-11,14.1890878677,0,0,0,0,0,0,0,0,0,0,0,0,0,0,0
528,2012-10-12,14.096950531,0,0,0,0,0,0,0,0,0,0,0,0,0,0,0
529,2012-10-15,14.3733615875,0,0,0,0,0,0,0,0,0,0,0,0,0,0,0
530,2012-10-16,14.4654989243,0,0,0,0,0,0,0,0,0,0,0,0,0,0,0
531,2012-10-17,14.4194307327,0,0,0,0,0,0,0,0,0,0,0,0,0,0,0
532,2012-10-18,14.6037054062,0,0,0,0,0,0,0,0,0,0,0,0,0,0,0
533,2012-10-19,14.649772644,-1,-1,-1,0,-1,0,0,0,0,-1,0,-1,0,-1,0
534,2012-10-22,14.557636261,0,0,0,0,0,0,0,0,0,0,0,0,0,0,0
535,2012-10-23,14.4654989243,0,0,0,0,0,0,0,0,0,0,0,0,0,0,0
536,2012-10-24,14.3272943497,0,0,0,0,0,0,0,0,0,0,0,0,0,0,0
537,2012-10-25,14.0508832932,0,0,0,0,0,0,0,0,0,0,0,0,0,0,0
538,2012-10-26,13.7744722366,0,0,0,-1,0,-1,0,0,-1,0,0,0,-1,0,-1
539,2012-10-29,13.9126777649,0,0,0,0,0,0,0,0,0,0,0,0,0,0,0
540,2012-10-30,14.0048151016,0,0,0,0,0,0,-1,0,0,0,0,0,0,0,0
541,2012-10-31,13.8666086197,0,0,0,0,0,0,0,0,0,0,0,0,0,0,0
542,2012-11-01,14.649772644,0,0,0,0,0,0,0,0,0,0,0,0,0,0,0
543,2012-11-02,14.8340473175,0,0,0,0,0,0,0,0,0,0,0,0,0,0,0
544,2012-11-05,15.2025947571,0,0,0,0,0,0,0,0,0,0,0,0,0,0,0
545,2012-11-06,15.0183210373,0,0,0,0,0,0,0,0,0,0,0,0,0,0,0
546,2012-11-07,15.0183210373,0,0,0,0,0,0,0,0,0,0,0,0,0,0,0
547,2012-11-08,15.0183210373,-1,-1,-1,0,-1,0,0,0,0,-1,0,-1,0,-1,0
548,2012-11-09,14.9261837006,0,0,0,0,0,0,0,0,0,0,0,0,0,0,0
549,2012-11-12,14.8340473175,0,0,0,0,0,0,0,0,0,0,0,0,0,0,0
550,2012-11-13,14.2812252045,0,0,0,0,0,0,0,0,0,0,0,0,0,0,0
551,2012-11-14,14.2351570129,0,0,0,0,0,0,0,0,-1,0,0,0,0,0,0
552,2012-11-15,14.2812252045,0,0,0,-1,0,-1,0,0,-1,0,0,0,-1,0,-1
553,2012-11-16,14.4654989243,0,0,0,0,0,0,0,0,0,0,-1,0,0,0,0
554,2012-11-19,14.649772644,0,0,0,0,0,0,0,0,0,0,0,0,0,0,0
555,2012-11-20,14.557636261,0,0,0,0,0,0,-1,0,0,0,0,0,0,0,0
556,2012-11-21,14.096950531,0,0,0,0,0,0,0,0,0,0,0,0,0,0,0
557,2012-11-22,14.2812252045,0,0,0,0,0,0,0,-1,0,0,0,0,0,0,0
558,2012-11-23,14.7419099808,0,0,0,0,0,0,0,0,0,0,0,0,0,0,0
559,2012-11-26,15.5250740051,0,0,0,0,0,0,0,0,0,0,0,0,0,0,0
560,2012-11-27,15.2947320938,0,0,0,0,0,0,0,0,0,0,0,0,0,0,0
561,2012-11-28,15.1565256119,0,0,0,0,0,0,0,0,0,0,0,0,0,0,0
562,2012-11-29,15.4329366684,-1,-1,-1,0,-1,0,0,0,0,-1,0,-1,0,-1,0
563,2012-11-30,15.7554159164,0,0,0,0,0,0,0,0,0,0,0,0,0,0,0
564,2012-12-03,15.8936223984,0,0,0,0,0,0,0,0,0,0,0,0,0,0,0
565,2012-12-04,15.8475532532,-1,-1,-1,0,-1,0,0,0,0,-1,0,-1,0,-1,0
566,2012-12-05,16.1239643097,0,0,0,0,0,0,0,0,0,0,0,0,0,0,0
567,2012-12-06,15.8936223984,0,0,0,0,0,0,0,0,0,0,0,0,0,0,0
568,2012-12-07,15.9857587814,0,0,0,0,0,0,0,0,0,0,0,0,0,0,0
569,2012-12-10,15.9396896362,0,0,0,0,0,0,0,0,0,0,0,0,0,0,0
570,2012-12-11,16.3082370758,0,0,0,0,0,0,0,0,0,0,0,0,0,0,0
571,2012-12-12,16.1239643097,0,0,0,0,0,0,0,0,0,0,0,0,0,0,0
572,2012-12-13,16.2621707916,0,0,0,0,0,0,0,0,0,0,0,0,0,0,0
573,2012-12-14,16.1700325012,0,0,0,0,0,0,0,0,0,0,0,0,0,0,0
574,2012-12-17,15.9857587814,0,0,0,0,0,0,0,0,0,0,0,0,0,0,0
575,2012-12-18,15.8475532532,0,0,0,0,0,0,0,0,-1,0,0,0,0,0,0
576,2012-12-19,16.3082370758,0,0,0,0,0,0,0,0,0,0,0,0,0,0,0
577,2012-12-20,15.9396896362,0,0,0,0,0,0,0,0,0,0,0,0,0,0,0
578,2012-12-21,15.5711431503,0,0,0,-1,0,-1,0,0,0,0,0,0,-1,0,-1
579,2012-12-24,15.9396896362,0,0,0,0,0,0,0,0,0,0,0,0,0,0,0
580,2012-12-25,16.0778961182,0,0,0,0,0,0,-1,0,0,0,0,0,0,0,0
581,2012-12-26,16.2621707916,0,0,0,0,0,0,0,0,0,0,0,0,0,0,0
582,2012-12-27,16.0778961182,0,0,0,0,0,0,0,0,0,0,0,0,0,0,0
583,2012-12-28,15.9857587814,0,0,0,0,0,0,0,0,0,0,0,0,0,0,0
