,Date,close,BOP^BOP,MA5&TRIMA5^MA5&TRIMA5,MA5&TRIMA5^SMA5&TRIMA5,SMA5&TRIMA5^MA5&TRIMA5,SMA5&TRIMA5^SMA5&TRIMA5,EMA60&WMA60^KAMA10&TRIMA60,EMA60&WMA60^KAMA10&WMA60,EMA60&WMA60^KAMA20&EMA60,EMA60&WMA60^MA20&EMA60,EMA60&WMA60^MA20&TRIMA60,EMA60&WMA60^SMA20&EMA60,EMA60&WMA60^TRIMA20&EMA60,EMA60&WMA60^WMA20&EMA60,EMA60&WMA60^DEMA60&EMA60,EMA60&WMA60^DEMA60&WMA60
0,2010-08-30,54.0999984741,0,0,0,0,0,0,0,0,0,0,0,0,0,0,0
1,2010-08-31,53.2999992371,0,0,0,0,0,0,0,0,0,0,0,0,0,0,0
2,2010-09-13,56.7999992371,0,0,0,0,0,0,0,0,0,0,0,0,0,0,0
3,2011-01-18,61.3499984741,1,1,1,1,1,0,0,0,0,0,0,0,0,0,0
4,2011-01-19,62.0499992371,0,0,0,0,0,0,0,0,0,0,0,0,0,0,0
5,2011-01-20,61.6500015259,-1,-1,-1,-1,-1,0,0,0,0,0,0,0,0,0,0
6,2011-01-21,61.0,0,0,0,0,0,0,0,0,0,0,0,0,0,0,0
7,2011-01-24,60.9500007629,0,0,0,0,0,0,0,0,0,0,0,0,0,0,0
8,2011-01-25,61.4500007629,0,1,1,1,1,0,0,0,0,0,0,0,0,0,0
9,2011-01-26,62.0,0,0,0,0,0,0,0,0,0,0,0,0,0,0,0
10,2011-01-27,62.4500007629,0,0,0,0,0,0,0,0,0,0,0,0,0,0,0
11,2011-01-28,63.0,0,-1,-1,-1,-1,0,0,0,0,0,0,0,0,0,0
12,2011-02-08,62.5999984741,0,0,0,0,0,0,0,0,0,0,0,0,0,0,0
13,2010-09-14,57.0,0,0,0,0,0,0,0,0,0,0,0,0,0,0,0
14,2011-02-09,62.0,0,0,0,0,0,0,0,0,0,0,0,0,0,0,0
15,2011-02-10,60.8499984741,0,0,0,0,0,0,0,0,0,0,0,0,0,0,0
16,2011-02-11,58.9000015259,0,0,0,0,0,0,0,0,0,0,0,0,0,0,0
17,2011-02-14,59.4000015259,1,1,1,1,1,0,0,0,0,0,0,0,0,0,0
18,2011-02-15,59.75,0,0,0,0,0,0,0,0,0,0,0,0,0,0,0
19,2011-02-16,59.8499984741,0,0,0,0,0,0,0,0,0,0,0,0,0,0,0
20,2011-02-17,59.6500015259,-1,-1,-1,-1,-1,0,0,0,0,0,0,0,0,0,0
21,2011-02-18,60.6500015259,1,1,1,1,1,0,0,0,0,0,0,0,0,0,0
22,2011-02-21,60.6500015259,0,0,0,0,0,0,0,0,0,0,0,0,0,0,0
23,2011-02-22,59.8499984741,-1,-1,-1,-1,-1,0,0,0,0,0,0,0,0,0,0
24,2010-09-15,57.25,0,-1,-1,-1,-1,0,0,0,0,0,0,0,0,0,0
25,2011-02-23,59.0,0,0,0,0,0,0,0,0,0,0,0,0,0,0,0
26,2011-02-24,59.0,0,0,0,0,0,0,0,0,0,0,0,0,0,0,0
27,2011-02-25,59.5,0,1,1,1,1,0,0,0,0,0,0,0,0,0,0
28,2011-03-01,59.9500007629,0,0,0,0,0,0,0,0,0,0,0,0,0,0,0
29,2011-03-02,59.4500007629,0,-1,-1,-1,-1,0,0,0,0,0,0,0,0,0,0
30,2011-03-03,60.2000007629,0,0,0,0,0,0,0,0,0,0,0,0,0,0,0
31,2011-03-04,60.6500015259,0,1,1,1,1,0,0,0,0,0,0,0,0,0,0
32,2011-03-07,60.2000007629,0,-1,-1,-1,-1,0,0,0,0,0,0,0,0,0,0
33,2011-03-08,60.25,1,0,0,0,0,0,0,0,0,0,0,0,0,0,0
34,2011-03-09,60.2000007629,-1,0,0,0,0,0,0,0,0,0,0,0,0,0,0
35,2010-09-16,56.6500015259,-1,0,0,0,0,0,0,0,0,0,0,0,0,0,0
36,2011-03-10,59.5,0,0,0,0,0,0,0,0,0,0,0,0,0,0,0
37,2011-03-11,58.8499984741,0,0,0,0,0,0,0,0,0,0,0,0,0,0,0
38,2011-03-14,58.7999992371,1,1,1,1,1,0,0,0,0,0,0,0,0,0,0
39,2011-03-15,57.5,-1,-1,-1,-1,-1,0,0,0,0,0,0,0,0,0,0
40,2011-03-16,57.2999992371,0,0,0,0,0,0,0,0,0,0,0,0,0,0,0
41,2011-03-17,57.2999992371,1,1,1,1,1,0,0,0,0,0,0,0,0,0,0
42,2011-03-18,57.75,0,0,0,0,0,0,0,0,0,0,0,0,0,0,0
43,2011-03-21,58.0999984741,0,0,0,0,0,0,0,0,0,0,0,0,0,0,0
44,2011-03-22,58.4000015259,-1,0,0,0,0,0,0,0,0,0,0,0,0,0,0
45,2011-03-23,58.5,1,-1,-1,-1,-1,0,0,0,0,0,0,0,0,0,0
46,2010-09-17,57.2999992371,1,0,0,0,0,0,0,0,0,0,0,0,0,0,0
47,2011-03-24,58.75,-1,0,0,0,0,0,0,0,0,0,0,0,0,0,0
48,2011-03-25,59.3499984741,1,1,1,1,1,0,0,0,0,0,0,0,0,0,0
49,2011-03-28,59.1500015259,-1,-1,-1,-1,-1,0,0,0,0,0,0,0,0,0,0
50,2011-03-29,59.25,1,0,0,0,0,0,0,0,0,0,0,0,0,0,0
51,2011-03-30,59.5999984741,0,0,0,0,0,0,0,0,0,0,0,0,0,0,0
52,2011-03-31,59.5499992371,0,1,1,1,1,0,0,0,0,0,0,0,0,0,0
53,2011-04-01,59.8499984741,0,-1,-1,-1,-1,0,0,0,0,0,0,0,0,0,0
54,2011-04-06,61.1500015259,0,1,1,1,1,0,0,0,0,0,0,0,0,0,0
55,2011-04-07,61.2999992371,-1,0,0,0,0,0,0,0,0,0,0,0,0,0,0
56,2011-04-08,61.0999984741,0,-1,-1,-1,-1,0,0,0,0,0,0,0,0,0,0
57,2010-09-20,57.25,0,1,1,1,1,0,0,0,0,0,0,0,0,0,0
58,2011-04-11,61.0999984741,0,0,0,0,0,0,0,0,0,0,0,0,0,0,0
59,2011-04-12,60.0499992371,0,0,0,0,0,0,0,0,0,0,0,0,0,0,0
60,2011-04-13,60.4000015259,1,0,0,0,0,0,0,0,0,0,0,0,0,0,0
61,2011-04-14,60.3499984741,-1,1,1,1,1,0,0,0,0,0,0,0,0,0,0
62,2011-04-15,59.6500015259,0,0,0,0,0,0,0,0,0,0,0,0,0,0,0
63,2011-04-18,59.5499992371,0,-1,-1,-1,-1,0,0,0,0,0,0,0,0,0,0
64,2011-04-19,59.2000007629,0,1,1,1,1,0,0,0,0,0,0,0,0,0,0
65,2011-04-20,60.2999992371,1,0,0,0,0,0,0,0,0,0,0,0,0,0,0
66,2011-04-21,61.7000007629,0,0,0,0,0,1,1,1,1,1,1,1,1,1,1
67,2011-04-22,61.5999984741,-1,0,0,0,0,0,0,0,0,0,0,0,0,0,0
68,2010-09-21,57.3499984741,-1,0,0,0,0,0,0,0,0,0,0,0,0,0,0
69,2011-04-25,61.4500007629,0,-1,-1,-1,-1,0,0,0,0,0,0,0,0,0,0
70,2011-04-26,61.2000007629,1,0,0,0,0,0,0,0,0,0,0,0,0,0,0
71,2011-04-27,62.1500015259,0,1,1,1,1,0,0,0,0,0,0,0,0,0,0
72,2011-04-28,62.1500015259,-1,0,0,0,0,0,0,0,0,0,0,0,0,0,0
73,2011-04-29,62.0,0,-1,-1,-1,-1,0,0,0,0,0,0,0,0,0,0
74,2011-05-03,62.1500015259,0,0,0,0,0,0,0,0,0,0,0,0,0,0,0
75,2011-05-04,61.7999992371,1,0,0,0,0,0,0,0,0,0,0,0,0,0,0
76,2011-05-05,62.25,0,1,1,1,1,0,0,0,0,0,0,0,0,0,0
77,2011-05-06,61.9500007629,0,0,0,0,0,0,0,0,0,0,0,0,0,0,0
78,2011-05-09,62.2999992371,0,0,0,0,0,0,0,0,0,0,0,0,0,0,0
79,2010-09-23,57.3499984741,0,-1,-1,-1,-1,0,0,0,0,0,0,0,0,0,0
80,2011-05-10,62.2999992371,0,0,0,0,0,0,0,0,0,0,0,0,0,0,0
81,2011-05-11,62.0499992371,0,-1,-1,-1,-1,0,0,0,0,0,0,0,0,0,0
82,2011-05-12,62.25,0,0,0,0,0,0,0,0,0,0,0,0,0,0,0
83,2011-05-13,62.0499992371,-1,1,1,1,1,0,0,0,0,0,0,0,0,0,0
84,2011-05-16,61.2999992371,0,-1,-1,-1,-1,0,0,0,0,0,0,0,0,0,0
85,2011-05-17,61.25,1,0,0,0,0,0,0,0,0,0,0,0,0,0,0
86,2011-05-18,61.5999984741,0,1,1,1,1,0,0,0,0,0,0,0,0,0,0
87,2011-05-19,61.0499992371,-1,0,0,0,0,0,0,0,0,0,0,0,0,0,0
88,2011-05-20,61.0999984741,0,-1,-1,-1,-1,0,0,0,0,0,0,0,0,0,0
89,2011-05-23,60.3499984741,0,0,0,0,0,0,0,0,0,0,0,0,0,0,0
90,2010-09-24,57.0,0,0,0,0,0,0,0,0,0,0,0,0,0,0,0
91,2011-05-24,60.4500007629,1,1,1,1,1,0,0,0,0,0,0,0,0,0,0
92,2011-05-25,60.25,0,0,0,0,0,0,0,0,0,0,0,0,0,0,0
93,2011-05-26,60.8499984741,0,0,0,0,0,0,0,0,0,0,0,0,0,0,0
94,2011-05-27,60.5999984741,-1,0,0,0,0,0,0,0,0,0,0,0,0,0,0
95,2011-05-30,60.5,1,-1,-1,-1,-1,0,0,0,0,0,0,0,0,0,0
96,2011-05-31,62.0,0,1,1,1,1,0,-1,0,0,0,0,0,0,0,0
97,2011-06-01,62.3499984741,0,0,0,0,0,0,0,0,0,0,0,0,0,0,0
98,2011-06-02,61.9000015259,-1,-1,-1,-1,-1,0,0,0,0,0,0,0,0,0,0
99,2011-06-03,62.2000007629,1,0,0,0,0,0,0,0,0,0,0,0,0,0,0
100,2011-06-07,62.2000007629,0,1,1,1,1,0,0,0,0,0,0,0,0,0,0
101,2010-09-27,57.5,0,1,1,1,1,0,0,0,0,0,0,0,0,0,0
102,2011-06-08,62.0,-1,0,0,0,0,0,0,0,0,0,0,0,0,0,0
103,2011-06-09,62.0,1,-1,-1,-1,-1,0,0,0,0,0,0,0,0,0,0
104,2011-06-10,60.5499992371,-1,0,0,0,0,0,0,0,0,0,0,0,0,0,0
105,2011-06-13,59.75,0,0,0,0,0,0,0,0,0,0,0,0,0,0,0
106,2011-06-14,60.75,1,1,1,1,1,0,0,0,0,0,0,0,0,0,0
107,2011-06-15,60.5,-1,0,0,0,0,0,0,0,0,-1,0,0,0,0,0
108,2011-06-16,59.4000015259,0,-1,-1,-1,-1,-1,0,0,0,0,0,0,0,0,0
109,2011-06-17,59.2000007629,0,0,0,0,0,0,0,0,0,0,0,0,0,0,0
110,2011-06-20,58.5999984741,0,1,1,1,1,0,0,-1,0,0,0,0,-1,0,0
111,2011-06-21,59.0499992371,1,0,0,0,0,0,0,0,0,0,0,0,0,0,0
112,2010-09-01,53.7000007629,1,0,0,0,0,0,0,0,0,0,0,0,0,0,0
113,2010-09-28,57.4000015259,0,0,0,0,0,0,0,0,0,0,0,0,0,0,0
114,2011-06-22,59.2000007629,-1,0,0,0,0,0,0,0,0,0,0,0,0,0,-1
115,2011-06-23,58.6500015259,0,-1,-1,-1,-1,0,0,0,0,0,0,0,0,0,0
116,2011-06-24,58.2000007629,0,0,0,0,0,0,0,0,-1,0,-1,0,0,0,0
117,2011-06-27,57.7999992371,1,0,0,0,0,0,0,0,0,0,0,0,0,0,0
118,2011-06-28,57.6500015259,-1,1,1,1,1,0,0,0,0,0,0,-1,0,-1,0
119,2011-06-29,58.6500015259,1,0,0,0,0,0,0,0,0,0,0,0,0,0,0
120,2011-06-30,58.8499984741,0,0,0,0,0,0,0,0,0,0,0,0,0,0,0
121,2011-07-01,59.7000007629,0,0,0,0,0,0,0,0,0,0,0,0,0,0,0
122,2011-07-04,60.0499992371,0,-1,-1,-1,-1,0,0,0,0,0,0,0,0,0,0
123,2011-07-05,59.9500007629,-1,0,0,0,0,0,0,0,0,0,0,0,0,0,0
124,2010-09-29,57.7999992371,0,0,0,0,0,0,0,0,0,0,0,0,0,0,0
125,2011-07-06,60.5999984741,1,0,0,0,0,0,0,0,0,0,0,0,0,0,0
126,2011-07-07,60.3499984741,-1,0,0,0,0,0,0,0,0,0,0,0,0,0,0
127,2011-07-08,60.0499992371,0,0,0,0,0,0,0,0,0,0,0,0,0,0,0
128,2011-07-11,59.6500015259,0,0,0,0,0,0,0,0,0,0,0,0,0,0,0
129,2011-07-12,58.7000007629,0,0,0,0,0,0,0,0,0,0,0,0,0,0,0
130,2011-07-13,58.7000007629,1,0,0,0,0,0,0,0,0,0,0,0,0,0,0
131,2011-07-14,58.9000015259,-1,1,1,1,1,0,0,0,0,0,0,0,0,0,0
132,2011-07-15,59.2000007629,1,0,0,0,0,0,0,0,0,0,0,0,0,0,0
133,2011-07-18,59.0,-1,-1,-1,-1,-1,0,0,0,0,0,0,0,0,0,0
134,2011-07-19,58.9000015259,1,0,0,0,0,1,1,1,1,1,1,1,1,1,1
135,2010-09-30,57.7000007629,0,-1,-1,-1,-1,0,0,0,0,0,0,0,0,0,0
136,2011-07-20,60.4500007629,0,1,1,1,1,0,0,0,0,0,0,0,0,0,0
137,2011-07-21,60.5999984741,0,0,0,0,0,0,0,0,0,0,0,0,0,0,0
138,2011-07-22,61.0,0,-1,-1,-1,-1,0,0,0,0,0,0,0,0,0,0
139,2011-07-25,60.4000015259,-1,0,0,0,0,0,0,0,0,0,0,0,0,0,0
140,2011-07-26,61.2000007629,1,0,0,0,0,0,0,0,0,0,0,0,0,0,0
141,2011-07-27,61.3499984741,0,1,1,1,1,0,0,0,0,0,0,0,0,0,0
142,2011-07-28,60.8499984741,0,-1,-1,-1,-1,0,0,0,0,0,0,0,0,0,0
143,2011-07-29,59.9000015259,-1,0,0,0,0,0,0,0,0,0,0,0,0,0,0
144,2011-08-01,60.3499984741,0,0,0,0,0,0,0,0,0,0,0,0,0,0,0
145,2011-08-02,59.5499992371,0,1,1,1,1,0,0,0,0,0,0,0,0,0,0
146,2010-10-01,57.75,0,0,0,0,0,0,0,0,0,0,0,0,0,0,0
147,2011-08-03,58.5999984741,0,-1,-1,-1,-1,0,0,0,0,-1,0,0,-1,0,0
148,2011-08-04,57.8499984741,0,0,0,0,0,-1,-1,0,0,0,0,0,0,0,-1
149,2011-08-05,54.4500007629,0,0,0,0,0,0,0,-1,0,0,0,0,0,0,0
150,2011-08-08,53.5,0,0,0,0,0,0,0,0,0,0,0,0,0,0,0
151,2011-08-09,53.0,1,1,1,1,1,0,0,0,0,0,0,0,0,0,0
152,2011-08-10,54.0999984741,0,0,0,0,0,0,0,0,0,0,0,0,0,0,0
153,2011-08-11,54.0999984741,0,0,0,0,0,0,0,0,0,0,0,0,0,0,0
154,2011-08-12,53.5499992371,-1,-1,-1,-1,-1,0,0,0,0,0,0,0,0,0,0
155,2011-08-15,54.5999984741,1,0,0,0,0,0,0,0,0,0,0,-1,0,0,0
156,2011-08-16,54.3499984741,-1,1,1,1,1,0,0,0,0,0,0,0,0,0,0
157,2010-10-04,57.75,0,0,0,0,0,0,0,0,0,0,0,0,0,0,0
158,2011-08-17,53.9500007629,0,-1,-1,-1,-1,0,0,0,0,0,0,0,0,0,0
159,2011-08-18,52.9500007629,0,0,0,0,0,0,0,0,0,0,0,0,0,0,0
160,2011-08-19,51.0999984741,0,0,0,0,0,0,0,0,0,0,0,0,0,0,0
161,2011-08-22,51.5,1,1,1,1,1,0,0,0,0,0,0,0,0,0,0
162,2011-08-23,53.2999992371,0,0,0,0,0,0,0,0,0,0,0,0,0,0,0
163,2011-08-24,52.5999984741,-1,0,0,0,0,0,0,0,0,0,0,0,0,0,0
164,2011-08-25,52.3499984741,0,-1,-1,-1,-1,0,0,0,0,0,0,0,0,0,0
165,2011-08-26,53.0499992371,1,0,0,0,0,0,0,0,0,0,0,0,0,0,0
166,2011-08-29,53.7999992371,0,1,1,1,1,0,0,0,0,0,0,0,0,0,0
167,2011-08-30,54.2000007629,0,0,0,0,0,0,0,0,0,0,0,0,0,0,0
168,2010-10-05,57.4000015259,0,0,0,0,0,0,0,0,0,0,0,0,0,0,0
169,2011-08-31,54.5499992371,0,-1,-1,-1,-1,0,0,0,0,0,0,0,0,0,0
170,2011-09-01,55.1500015259,0,0,0,0,0,0,0,0,0,0,0,0,0,0,0
171,2011-09-02,55.1500015259,0,0,0,0,0,0,0,0,0,0,0,0,0,0,0
172,2011-09-05,53.5999984741,0,0,0,0,0,0,0,0,0,0,0,0,0,0,0
173,2011-09-06,52.5499992371,0,0,0,0,0,0,0,0,0,0,0,0,0,0,0
174,2011-09-07,53.5499992371,0,1,1,1,1,0,0,0,0,0,0,0,0,0,0
175,2011-09-08,53.7000007629,-1,0,0,0,0,0,0,0,0,0,0,0,0,0,0
176,2011-09-09,54.1500015259,1,0,0,0,0,0,0,0,0,0,0,0,0,0,0
177,2011-09-13,52.6500015259,-1,-1,-1,-1,-1,0,0,0,0,0,0,0,0,0,0
178,2011-09-14,51.5999984741,0,0,0,0,0,0,0,0,0,0,0,0,0,0,0
179,2010-10-06,57.75,0,1,1,1,1,0,0,0,0,0,0,0,0,0,0
180,2011-09-15,52.8499984741,1,1,1,1,1,0,0,0,0,0,0,0,0,0,0
181,2011-09-16,54.0999984741,0,0,0,0,0,0,0,0,0,0,0,0,0,0,0
182,2011-09-19,53.2000007629,-1,0,0,0,0,0,0,0,0,0,0,0,0,0,0
183,2011-09-20,53.4000015259,1,-1,-1,-1,-1,0,0,0,0,0,0,0,0,0,0
184,2011-09-21,53.5999984741,0,0,0,0,0,0,0,0,0,0,0,0,0,0,0
185,2011-09-22,52.0999984741,-1,0,0,0,0,0,0,0,0,0,0,0,0,0,0
186,2011-09-23,50.3499984741,0,0,0,0,0,0,0,0,0,0,0,0,0,0,0
187,2011-09-26,49.3199996948,0,0,0,0,0,0,0,0,0,0,0,0,0,0,0
188,2011-09-27,51.0999984741,1,1,1,1,1,0,0,0,0,0,0,0,0,0,0
189,2011-09-28,51.1500015259,-1,0,0,0,0,0,0,0,0,0,0,0,0,0,0
190,2010-10-07,57.9500007629,1,0,0,0,0,0,0,0,0,0,0,0,0,0,0
191,2011-09-29,51.5999984741,1,0,0,0,0,0,0,0,0,0,0,0,0,0,0
192,2011-09-30,51.6500015259,0,-1,-1,-1,-1,0,0,0,0,0,0,0,0,0,0
193,2011-10-03,50.2999992371,-1,0,0,0,0,0,0,0,0,0,0,0,0,0,0
194,2011-10-04,50.75,1,0,0,0,0,0,0,0,0,0,0,0,0,0,0
195,2011-10-05,50.25,-1,1,1,1,1,0,0,0,0,0,0,0,0,0,0
196,2011-10-06,51.25,1,0,0,0,0,0,0,0,0,0,0,0,0,0,0
197,2011-10-07,51.5499992371,-1,0,0,0,0,0,0,0,0,0,0,0,0,0,0
198,2011-10-11,53.0,1,0,0,0,0,0,0,0,0,0,0,0,0,0,0
199,2011-10-12,52.8499984741,0,-1,-1,-1,-1,0,0,0,0,0,0,0,0,0,0
200,2011-10-13,52.7999992371,0,0,0,0,0,0,0,0,0,0,0,0,0,0,0
201,2010-10-08,57.5999984741,-1,-1,-1,-1,-1,0,0,0,0,0,0,0,0,0,0
202,2011-10-14,52.4500007629,0,0,0,0,0,0,0,0,0,0,0,0,0,0,0
203,2011-10-17,53.0999984741,0,1,1,1,1,0,0,0,0,0,0,0,0,0,0
204,2011-10-18,52.5499992371,0,0,0,0,0,0,0,0,0,0,0,0,0,0,0
205,2011-10-19,52.3499984741,-1,-1,-1,-1,-1,0,0,0,0,0,0,0,0,0,0
206,2011-10-20,51.75,0,0,0,0,0,0,0,0,0,0,0,0,0,0,0
207,2011-10-21,51.9500007629,1,1,1,1,1,0,0,0,0,0,0,0,0,0,0
208,2011-10-24,53.5999984741,0,0,0,0,0,0,0,0,0,0,0,0,0,0,0
209,2011-10-25,53.5999984741,-1,0,0,0,0,0,0,0,0,0,0,0,0,0,0
210,2011-10-26,52.1500015259,1,-1,-1,-1,-1,0,0,0,0,0,0,0,0,0,0
211,2011-10-27,52.25,0,0,0,0,0,0,0,0,0,0,0,0,0,0,0
212,2010-10-11,56.9500007629,0,0,0,0,0,0,0,0,0,0,0,0,0,0,0
213,2011-10-28,52.4000015259,-1,1,1,1,1,0,0,0,0,0,0,0,0,0,0
214,2011-10-31,52.2000007629,0,0,0,0,0,0,0,0,0,0,0,0,0,0,0
215,2011-11-01,52.5499992371,1,-1,-1,-1,-1,0,0,0,0,0,0,0,0,0,0
216,2011-11-02,52.4000015259,0,1,1,1,1,0,0,0,0,0,0,0,0,0,0
217,2011-11-03,51.4500007629,-1,-1,-1,-1,-1,0,0,0,0,0,0,0,0,0,0
218,2011-11-04,52.2999992371,1,0,0,0,0,0,0,0,0,0,0,0,0,0,0
219,2011-11-07,52.4000015259,0,1,1,1,1,0,0,0,0,0,0,0,0,0,0
220,2011-11-08,52.1500015259,-1,0,0,0,0,0,0,0,0,0,0,0,0,0,0
221,2011-11-09,52.2000007629,0,-1,-1,-1,-1,0,0,0,0,0,0,0,0,0,0
222,2011-11-10,50.5499992371,0,0,0,0,0,0,0,0,0,0,0,0,0,0,0
223,2010-09-02,54.0,-1,0,0,0,0,0,0,0,0,0,0,0,0,0,0
224,2010-10-12,56.2000007629,0,0,0,0,0,0,0,0,0,0,0,0,0,0,0
225,2011-11-11,50.9000015259,1,0,0,0,0,0,0,0,0,0,0,0,0,0,0
226,2011-11-14,52.1500015259,0,1,1,1,1,0,0,0,0,0,0,0,0,0,0
227,2011-11-15,51.8499984741,-1,0,0,0,0,0,0,0,0,0,0,0,0,0,0
228,2011-11-16,51.2000007629,0,-1,-1,-1,-1,0,0,0,0,0,0,0,0,0,0
229,2011-11-17,51.3499984741,1,0,0,0,0,0,0,0,0,0,0,0,0,0,0
230,2011-11-18,50.2999992371,-1,0,0,0,0,0,0,0,0,0,0,0,0,0,0
231,2011-11-21,49.2299995422,0,0,0,0,0,0,0,0,0,0,0,0,0,0,0
232,2011-11-22,49.0200004578,0,0,0,0,0,0,0,0,0,0,0,0,0,0,0
233,2011-11-23,47.8499984741,0,1,1,1,1,0,0,0,0,0,0,0,0,0,0
234,2011-11-24,47.8600006104,1,0,0,0,0,0,0,0,0,0,0,0,0,0,0
235,2010-10-13,56.5499992371,1,1,1,1,1,0,0,0,0,0,0,0,0,0,0
236,2011-11-25,47.4399986267,-1,0,0,0,0,0,0,0,0,0,0,0,0,0,0
237,2011-11-28,48.2900009155,1,0,0,0,0,0,0,0,0,0,0,0,0,0,0
238,2011-11-29,48.7200012207,-1,0,0,0,0,0,0,0,0,0,0,0,0,0,0
239,2011-11-30,48.0800018311,0,-1,-1,-1,-1,0,0,0,0,0,0,0,0,0,0
240,2011-12-01,50.2999992371,1,1,1,1,1,0,0,0,0,0,0,0,0,0,0
241,2011-12-02,49.8199996948,-1,0,0,0,0,0,0,0,0,0,0,0,0,0,0
242,2011-12-05,49.6599998474,0,-1,-1,-1,-1,0,0,0,0,0,0,0,0,0,0
243,2011-12-06,48.6899986267,0,0,0,0,0,0,0,0,0,0,0,0,0,0,0
244,2011-12-07,49.2000007629,1,1,1,1,1,0,0,0,0,0,0,0,0,0,0
245,2011-12-08,48.8600006104,-1,0,0,0,0,0,0,0,0,0,0,0,0,0,0
246,2010-10-14,57.4500007629,0,0,0,0,0,0,0,0,0,0,0,0,0,0,0
247,2011-12-09,48.2400016785,1,-1,-1,-1,-1,0,0,0,0,0,0,0,0,0,0
248,2011-12-12,48.7999992371,-1,0,0,0,0,0,0,0,0,0,0,0,0,0,0
249,2011-12-13,48.5499992371,1,1,1,1,1,0,0,0,0,0,0,0,0,0,0
250,2011-12-14,48.5900001526,0,0,0,0,0,0,0,0,0,0,0,0,0,0,0
251,2011-12-15,47.5,-1,-1,-1,-1,-1,0,0,0,0,0,0,0,0,0,0
252,2011-12-16,47.7000007629,1,0,0,0,0,0,0,0,0,0,0,0,0,0,0
253,2011-12-19,46.7400016785,-1,0,0,0,0,0,0,0,0,0,0,0,0,0,0
254,2011-12-20,47.0,0,1,1,1,1,0,0,0,0,0,0,0,0,0,0
255,2011-12-21,49.2799987793,1,0,0,0,0,0,0,0,0,0,0,0,0,0,0
256,2011-12-22,49.1599998474,-1,0,0,0,0,0,0,0,0,0,0,0,0,0,0
257,2010-10-15,57.3499984741,-1,0,0,0,0,0,0,0,0,0,0,0,0,0,0
258,2011-12-23,50.0,1,-1,-1,-1,-1,0,0,0,0,0,0,0,0,0,0
259,2011-12-26,49.9500007629,-1,0,0,0,0,0,0,0,0,0,0,0,0,0,0
260,2011-12-27,49.8499984741,0,0,0,0,0,0,0,0,0,0,0,0,0,0,0
261,2011-12-28,49.5699996948,0,0,0,0,0,0,0,0,0,0,0,0,0,0,0
262,2011-12-29,49.6100006104,1,0,0,0,0,0,0,0,0,0,0,0,0,0,0
263,2011-12-30,49.8100013733,-1,1,1,1,1,0,0,0,0,0,0,0,0,0,0
264,2012-01-02,49.0600013733,0,-1,-1,-1,-1,0,0,0,0,0,0,0,0,0,0
265,2012-01-03,49.7000007629,1,0,0,0,0,0,0,0,0,0,0,0,0,0,0
266,2012-01-04,50.0,0,1,1,1,1,0,0,0,0,0,0,0,0,0,0
267,2012-01-05,50.1500015259,0,0,0,0,0,0,0,0,0,0,0,0,0,0,0
268,2010-10-18,56.2000007629,0,-1,-1,-1,-1,0,0,0,0,0,0,0,0,0,0
269,2012-01-06,50.0,-1,-1,-1,-1,-1,0,0,0,0,0,0,0,0,0,0
270,2012-01-09,49.8100013733,0,0,0,0,0,0,0,0,0,0,0,0,0,0,0
271,2012-01-10,50.7000007629,1,1,1,1,1,0,0,0,0,0,0,0,0,0,0
272,2012-01-11,50.6500015259,-1,0,0,0,0,0,0,0,0,0,0,0,0,0,0
273,2012-01-12,50.75,1,-1,-1,-1,-1,0,0,0,0,0,0,0,0,0,0
274,2012-01-13,50.8499984741,-1,0,0,0,0,0,0,0,0,0,0,0,0,0,0
275,2012-01-16,50.0499992371,0,0,0,0,0,0,0,0,0,0,0,0,0,0,0
276,2012-01-17,50.5499992371,1,0,0,0,0,0,0,0,0,0,0,0,0,0,0
277,2012-01-18,50.4000015259,-1,1,1,1,1,0,0,0,0,0,0,0,0,0,0
278,2012-01-30,51.7999992371,1,0,0,0,0,0,0,0,0,0,0,0,0,0,0
279,2010-10-19,56.0499992371,0,0,0,0,0,0,0,0,0,0,0,0,0,0,0
280,2012-01-31,51.9500007629,-1,0,0,0,0,0,0,0,0,0,0,0,0,0,0
281,2012-02-01,52.2999992371,1,-1,-1,-1,-1,0,0,0,0,0,0,0,0,0,0
282,2012-02-02,52.9000015259,0,0,0,0,0,0,0,0,0,0,0,0,0,0,0
283,2012-02-03,53.0499992371,0,1,1,1,1,0,0,0,0,0,0,0,0,0,0
284,2012-02-06,53.2000007629,-1,-1,-1,-1,-1,0,0,0,0,0,0,0,0,0,0
285,2012-02-07,53.2999992371,0,0,0,0,0,0,0,0,0,0,0,0,0,0,0
286,2012-02-08,54.4500007629,0,1,1,1,1,0,0,0,0,0,0,0,0,0,0
287,2012-02-09,54.4000015259,0,0,0,0,0,0,0,0,0,0,0,0,0,0,0
288,2012-02-10,53.9500007629,0,-1,-1,-1,-1,0,0,0,0,0,0,0,0,0,0
289,2012-02-13,54.2000007629,1,0,0,0,0,0,0,0,0,0,0,0,0,0,0
290,2010-10-20,56.7000007629,1,1,1,1,1,0,0,0,0,0,0,0,0,0,0
291,2012-02-14,54.0,-1,1,1,1,1,0,0,0,0,0,0,0,0,0,0
292,2012-02-15,54.9000015259,1,0,0,0,0,0,0,0,0,0,0,0,0,0,0
293,2012-02-16,54.25,-1,-1,-1,-1,-1,0,0,0,0,0,0,0,0,0,0
294,2012-02-17,54.75,0,0,0,0,0,0,0,0,0,0,0,0,0,0,0
295,2012-02-20,54.7000007629,0,0,0,0,0,0,0,0,0,0,0,0,0,0,0
296,2012-02-21,54.5,0,1,1,1,1,0,0,0,0,0,0,0,0,0,0
297,2012-02-22,54.8499984741,0,-1,-1,-1,-1,0,0,0,0,0,0,0,0,0,0
298,2012-02-23,54.5999984741,0,1,1,1,1,0,0,0,0,0,0,0,0,0,0
299,2012-02-24,54.75,0,-1,-1,-1,-1,0,0,0,0,0,0,0,0,0,0
300,2012-02-29,56.0,0,1,1,1,1,0,0,0,0,0,0,0,0,0,0
301,2010-10-21,56.75,-1,0,0,0,0,0,0,0,0,0,0,0,0,0,0
302,2012-03-01,55.9000015259,0,0,0,0,0,0,0,0,0,0,0,0,0,0,0
303,2012-03-02,55.5999984741,0,-1,-1,-1,-1,0,0,0,0,0,0,0,0,0,0
304,2012-03-05,54.8499984741,0,0,0,0,0,0,0,0,0,0,0,0,0,0,0
305,2012-03-06,54.5999984741,0,0,0,0,0,0,0,0,0,0,0,0,0,0,0
306,2012-03-07,54.4000015259,1,1,1,1,1,0,0,0,0,0,0,0,0,0,0
307,2012-03-08,54.7000007629,0,0,0,0,0,0,0,0,0,0,0,0,0,0,0
308,2012-03-09,54.9500007629,0,0,0,0,0,0,0,0,0,0,0,0,0,0,0
309,2012-03-12,54.3499984741,-1,-1,-1,-1,-1,0,0,0,0,0,0,0,0,0,0
310,2012-03-13,55.0999984741,1,0,0,0,0,0,0,0,0,0,0,0,0,0,0
311,2012-03-14,55.9000015259,-1,1,1,1,1,0,0,0,0,0,0,0,0,0,0
312,2010-10-22,57.0999984741,1,0,0,0,0,0,0,0,0,0,0,0,0,0,0
313,2012-03-15,55.6500015259,0,0,0,0,0,0,0,0,0,0,0,0,0,0,0
314,2012-03-16,55.4000015259,0,-1,-1,-1,-1,0,0,0,0,0,0,0,0,0,0
315,2012-03-19,55.25,0,0,0,0,0,0,0,0,0,0,0,0,0,0,0
316,2012-03-20,54.8499984741,0,0,0,0,0,0,0,0,0,0,0,0,0,0,0
317,2012-03-21,54.8499984741,0,1,1,1,1,0,0,0,0,0,0,0,0,0,0
318,2012-03-22,55.5999984741,0,0,0,0,0,0,0,0,0,0,0,0,0,0,0
319,2012-03-23,55.4500007629,0,0,0,0,0,0,0,0,0,0,0,0,0,0,0
320,2012-03-26,54.5499992371,0,-1,-1,-1,-1,0,0,0,0,0,0,0,0,0,0
321,2012-03-27,55.25,1,0,0,0,0,0,0,0,0,0,0,0,0,0,0
322,2012-03-28,55.4500007629,0,1,1,1,1,0,0,0,0,0,0,0,0,0,0
323,2010-10-25,56.0999984741,0,-1,-1,-1,-1,0,0,0,0,0,0,0,0,0,0
324,2012-03-29,54.7000007629,0,-1,-1,-1,-1,0,0,0,0,0,0,0,0,0,0
325,2012-03-30,54.9000015259,0,0,0,0,0,0,0,0,0,0,0,0,0,0,0
326,2012-04-02,54.7000007629,-1,1,1,1,1,0,0,0,0,0,0,0,0,0,0
327,2012-04-03,54.25,0,-1,-1,-1,-1,0,0,0,0,0,0,0,0,0,0
328,2012-04-05,53.6500015259,1,0,0,0,0,0,0,0,0,0,0,0,0,0,0
329,2012-04-06,53.75,0,1,1,1,1,0,0,0,0,0,0,0,0,0,0
330,2012-04-09,53.0999984741,0,0,0,0,0,0,0,0,0,0,0,0,0,0,0
331,2012-04-10,53.0999984741,-1,0,0,0,0,0,0,0,0,0,0,0,0,0,0
332,2012-04-11,53.2999992371,1,0,0,0,0,0,0,0,0,0,0,0,0,0,0
333,2012-04-12,53.3499984741,0,0,0,0,0,0,0,0,0,0,0,0,0,0,0
334,2010-09-03,54.5499992371,1,0,0,0,0,0,0,0,0,0,0,0,0,0,0
335,2010-10-26,56.3499984741,0,0,0,0,0,0,0,0,0,0,0,0,0,0,0
336,2012-04-13,53.9500007629,0,0,0,0,0,0,0,0,0,0,0,0,0,0,0
337,2012-04-16,53.7999992371,0,0,0,0,0,0,0,0,0,0,0,0,0,0,0
338,2012-04-17,52.9000015259,-1,-1,-1,-1,-1,0,0,0,0,0,0,0,0,0,0
339,2012-04-18,53.0,0,0,0,0,0,0,0,0,0,0,0,0,0,0,0
340,2012-04-19,53.0499992371,0,1,1,1,1,0,0,0,0,0,0,0,0,0,0
341,2012-04-20,52.3499984741,0,0,0,0,0,0,0,0,0,0,0,0,0,0,0
342,2012-04-23,52.2999992371,0,-1,-1,-1,-1,0,0,0,0,0,0,0,0,0,0
343,2012-04-24,52.4000015259,0,1,1,1,1,0,0,0,0,0,0,0,0,0,0
344,2012-04-25,52.7000007629,0,0,0,0,0,0,0,0,0,0,0,0,0,0,0
345,2012-04-26,52.2999992371,0,-1,-1,-1,-1,0,0,0,-1,0,-1,0,0,0,0
346,2010-10-27,56.0499992371,-1,1,1,1,1,0,0,0,0,0,0,0,0,0,0
347,2012-04-27,52.2000007629,0,0,0,0,0,0,0,0,0,0,0,0,0,0,0
348,2012-04-30,52.0499992371,0,0,0,0,0,0,0,0,0,0,0,0,0,0,0
349,2012-05-02,53.3499984741,1,1,1,1,1,0,0,0,0,0,0,0,0,0,0
350,2012-05-03,53.0999984741,-1,0,0,0,0,0,0,0,0,0,0,0,0,0,0
351,2012-05-04,53.2000007629,1,-1,-1,-1,-1,0,0,0,0,0,0,0,0,0,0
352,2012-05-07,52.0499992371,-1,0,0,0,0,0,0,0,0,0,0,0,0,0,0
353,2012-05-08,52.0499992371,0,0,0,0,0,0,0,0,0,0,0,0,0,0,0
354,2012-05-09,51.7000007629,1,1,1,1,1,0,0,0,0,0,0,0,0,0,0
355,2012-05-10,51.7000007629,0,0,0,0,0,0,0,0,0,0,0,0,0,0,0
356,2012-05-11,51.1500015259,-1,-1,-1,-1,-1,0,0,0,0,0,0,0,0,0,0
357,2010-10-28,56.5,1,0,0,0,0,0,0,0,0,0,0,0,0,0,0
358,2012-05-14,51.2000007629,0,0,0,0,0,0,0,0,0,0,0,0,0,-1,0
359,2012-05-15,51.2000007629,1,1,1,1,1,0,0,0,0,0,0,0,0,0,0
360,2012-05-16,50.2000007629,-1,-1,-1,-1,-1,0,0,0,0,0,0,0,0,0,0
361,2012-05-17,50.7999992371,1,0,0,0,0,0,0,0,0,0,0,0,0,0,0
362,2012-05-18,49.6699981689,-1,1,1,1,1,0,0,0,0,0,0,0,0,0,0
363,2012-05-21,49.9500007629,0,-1,-1,-1,-1,0,0,0,0,0,0,0,0,0,0
364,2012-05-22,50.4000015259,0,1,1,1,1,0,0,0,0,0,0,0,0,0,0
365,2012-05-23,49.4900016785,0,0,0,0,0,0,0,0,0,0,0,0,0,0,0
366,2012-05-24,49.3800010681,0,-1,-1,-1,-1,0,0,0,0,0,0,0,0,0,0
367,2012-05-25,49.0099983215,0,0,0,0,0,0,0,0,0,0,0,0,0,0,0
368,2010-10-29,56.0,-1,-1,-1,-1,-1,0,0,0,0,0,0,0,0,0,0
369,2012-05-28,49.4700012207,1,1,1,1,1,1,1,1,1,1,1,1,1,1,1
370,2012-05-29,50.7000007629,0,0,0,0,0,0,0,0,0,0,0,0,0,0,0
371,2012-05-30,50.0999984741,-1,0,0,0,0,0,0,0,0,0,0,0,0,0,0
372,2012-05-31,50.1500015259,1,-1,-1,-1,-1,0,0,0,0,0,0,0,0,0,0
373,2012-06-01,49.1500015259,-1,0,0,0,0,0,0,0,0,0,0,0,0,0,0
374,2012-06-04,47.6800003052,0,0,0,0,0,0,0,0,0,0,0,0,0,0,0
375,2012-06-05,48.2999992371,0,1,1,1,1,0,0,0,0,0,0,0,0,0,0
376,2012-06-06,48.6300010681,1,0,0,0,0,0,0,0,0,0,0,0,0,0,0
377,2012-06-07,48.7400016785,-1,0,0,0,0,0,0,0,0,0,0,0,0,0,0
378,2012-06-08,48.0,0,-1,-1,-1,-1,0,0,0,0,0,0,0,0,0,0
379,2010-11-01,56.7999992371,1,1,1,1,1,0,0,0,0,0,0,0,0,0,0
380,2012-06-11,48.9900016785,1,1,1,1,1,0,0,0,0,0,0,0,0,0,0
381,2012-06-12,48.6100006104,0,0,0,0,0,0,0,0,0,0,0,0,0,0,0
382,2012-06-13,48.7099990845,0,-1,-1,-1,-1,0,0,0,0,0,0,0,0,0,0
383,2012-06-14,48.7799987793,0,0,0,0,0,0,0,0,0,0,0,0,0,0,0
384,2012-06-15,49.4000015259,0,1,1,1,1,0,0,0,0,0,0,0,0,0,0
385,2012-06-18,50.2000007629,-1,0,0,0,0,0,0,0,0,0,0,0,0,0,0
386,2012-06-19,49.9099998474,0,-1,-1,-1,-1,0,0,0,0,0,0,0,0,0,0
387,2012-06-20,50.4500007629,1,0,0,0,0,0,0,0,0,0,0,0,0,0,0
388,2012-06-21,50.1500015259,-1,0,0,0,0,0,0,0,0,0,0,0,0,0,0
389,2012-06-22,49.5600013733,1,0,0,0,0,0,0,0,0,0,0,0,0,0,0
390,2010-11-02,56.7999992371,0,0,0,0,0,0,0,0,0,0,0,0,0,0,0
391,2012-06-25,49.2000007629,0,0,0,0,0,0,0,0,0,0,0,0,0,0,0
392,2012-06-26,48.9900016785,-1,1,1,1,1,0,0,0,0,0,0,0,0,0,0
393,2012-06-27,49.4500007629,1,0,0,0,0,0,0,0,0,0,0,0,0,0,0
394,2012-06-28,49.5299987793,-1,0,0,0,0,0,0,0,0,0,0,0,0,0,0
395,2012-06-29,50.2000007629,1,0,0,0,0,0,0,0,0,0,0,0,0,0,0
396,2012-07-02,50.5999984741,0,0,0,0,0,0,0,0,0,0,0,0,0,0,0
397,2012-07-03,51.2000007629,0,0,0,0,0,0,0,0,0,0,0,0,0,0,0
398,2012-07-04,51.4000015259,-1,-1,-1,-1,-1,0,0,0,0,0,0,0,0,0,0
399,2012-07-05,51.2999992371,0,0,0,0,0,0,0,0,0,0,0,0,0,0,0
400,2012-07-06,51.0,0,0,0,0,0,0,0,0,0,0,0,0,0,0,0
401,2010-11-03,56.7000007629,0,-1,-1,-1,-1,0,0,0,0,0,0,0,0,0,0
402,2012-07-09,50.9500007629,1,0,0,0,0,0,0,0,0,0,0,0,0,0,0
403,2012-07-10,50.4000015259,-1,0,0,0,0,0,0,0,0,0,0,0,0,0,0
404,2012-07-11,50.5499992371,1,1,1,1,1,0,0,0,0,0,0,0,0,0,0
405,2012-07-12,49.6500015259,-1,-1,-1,-1,-1,0,0,0,0,0,0,0,0,0,0
406,2012-07-13,49.5,0,0,0,0,0,0,0,0,0,0,0,0,0,0,0
407,2012-07-16,49.5,0,1,1,1,1,0,0,0,0,0,0,0,0,0,0
408,2012-07-17,49.8499984741,1,0,0,0,0,0,0,0,0,0,0,0,0,0,0
409,2012-07-18,49.2000007629,-1,-1,-1,-1,-1,0,0,0,0,0,0,0,0,0,0
410,2012-07-19,50.2000007629,1,1,1,1,1,0,0,0,0,0,0,0,0,0,0
411,2012-07-20,50.1500015259,0,0,0,0,0,0,0,0,0,0,0,0,0,0,0
412,2010-11-04,57.0499992371,0,0,0,0,0,0,0,0,0,0,0,0,0,0,0
413,2012-07-23,49.25,0,-1,-1,-1,-1,0,0,0,0,0,0,0,0,0,0
414,2012-07-24,49.1199989319,0,0,0,0,0,0,0,0,0,0,0,0,0,0,0
415,2012-07-25,48.8600006104,0,1,1,1,1,0,-1,0,0,0,0,0,0,0,0
416,2012-07-26,48.9399986267,-1,0,0,0,0,0,0,0,0,0,0,0,0,0,0
417,2012-07-27,49.9199981689,1,0,0,0,0,0,0,0,0,0,0,0,0,0,0
418,2012-07-30,50.25,0,0,0,0,0,0,0,0,0,0,0,0,0,0,0
419,2012-07-31,51.0999984741,0,0,0,0,0,0,0,0,0,0,0,0,0,0,0
420,2012-08-01,51.2000007629,0,-1,-1,-1,-1,0,0,0,0,0,0,0,0,0,0
421,2012-08-02,51.2000007629,0,0,0,0,0,0,0,0,0,0,0,0,0,0,0
422,2012-08-03,50.9000015259,0,0,0,0,0,0,0,0,0,0,0,0,0,0,0
423,2010-11-05,57.6500015259,0,1,1,1,1,0,0,0,0,0,0,0,0,0,0
424,2012-08-06,51.5499992371,-1,1,1,1,1,0,0,0,0,0,0,0,0,0,0
425,2012-08-07,51.5999984741,0,0,0,0,0,0,0,0,0,0,0,0,0,0,0
426,2012-08-08,51.75,0,0,0,0,0,0,0,0,0,0,0,0,0,0,0
427,2012-08-09,52.8499984741,1,0,0,0,0,0,0,0,0,0,0,0,0,0,0
428,2012-08-10,52.7999992371,-1,0,0,0,0,0,0,0,0,0,0,0,0,0,0
429,2012-08-13,53.0,0,-1,-1,-1,-1,0,0,0,0,0,0,0,0,0,0
430,2012-08-14,53.25,0,0,0,0,0,0,0,0,0,0,0,0,0,0,0
431,2012-08-15,53.0499992371,0,0,0,0,0,0,0,0,0,0,0,0,0,0,0
432,2012-08-16,53.2000007629,1,0,0,0,0,0,0,0,0,0,0,0,0,0,0
433,2012-08-17,52.9500007629,-1,0,0,0,0,0,0,0,0,0,0,0,0,0,0
434,2010-11-08,57.5499992371,-1,0,0,0,0,0,0,0,0,0,0,0,0,0,0
435,2012-08-20,52.7999992371,0,0,0,0,0,0,0,0,0,0,0,0,0,0,0
436,2012-08-21,53.4000015259,1,1,1,1,1,0,0,0,0,0,0,0,0,0,0
437,2012-08-22,53.3499984741,0,0,0,0,0,0,0,0,0,0,0,0,0,0,0
438,2012-08-23,53.2999992371,0,-1,-1,-1,-1,0,0,0,0,0,0,0,0,0,0
439,2012-08-24,53.0999984741,0,0,0,0,0,0,0,0,0,0,0,0,0,0,0
440,2012-08-27,53.2000007629,-1,1,1,1,1,0,0,0,0,0,0,0,0,0,0
441,2012-08-28,52.5,0,-1,-1,-1,-1,0,0,0,0,0,0,0,0,0,0
442,2012-08-29,52.7000007629,1,0,0,0,0,0,0,0,0,0,0,0,0,0,0
443,2012-08-30,52.5499992371,0,1,1,1,1,0,0,0,0,0,0,0,0,0,0
444,2012-08-31,52.75,0,0,0,0,0,0,0,0,0,0,0,0,0,0,0
445,2010-09-06,54.9500007629,0,0,0,0,0,0,0,0,0,0,0,0,0,0,0
446,2010-11-09,57.7000007629,1,-1,-1,-1,-1,0,0,0,0,0,0,0,0,0,0
447,2012-09-03,53.1500015259,0,0,0,0,0,0,0,0,0,0,0,0,0,0,0
448,2012-09-04,53.0499992371,-1,0,0,0,0,0,0,0,0,0,0,0,0,0,0
449,2012-09-05,52.3499984741,0,-1,-1,-1,-1,0,0,0,0,0,0,0,0,0,0
450,2012-09-06,52.1500015259,0,0,0,0,0,0,0,0,0,0,0,0,0,0,0
451,2012-09-07,52.9500007629,0,1,1,1,1,0,0,0,0,0,0,0,0,0,0
452,2012-09-10,53.3499984741,1,0,0,0,0,0,0,0,0,0,0,0,0,0,0
453,2012-09-11,53.2999992371,-1,-1,-1,-1,-1,0,0,0,0,0,0,0,0,0,0
454,2012-09-12,54.0499992371,1,0,0,0,0,0,0,0,0,0,0,0,0,0,0
455,2012-09-13,54.1500015259,-1,1,1,1,1,0,0,0,0,0,0,0,0,0,0
456,2012-09-14,55.5,1,0,0,0,0,0,0,0,0,0,0,0,0,0,0
457,2010-11-10,57.6500015259,-1,0,0,0,0,0,0,0,0,0,0,0,0,0,0
458,2012-09-17,55.5999984741,0,0,0,0,0,0,0,0,0,0,0,0,0,0,0
459,2012-09-18,55.4000015259,-1,-1,-1,-1,-1,0,0,0,0,0,0,0,0,0,0
460,2012-09-19,55.6500015259,1,0,0,0,0,0,0,0,0,0,0,0,0,0,0
461,2012-09-20,55.25,-1,0,0,0,0,0,0,0,0,0,0,0,0,0,0
462,2012-09-21,55.4500007629,1,0,0,0,0,0,0,0,0,0,0,0,0,0,0
463,2012-09-24,55.5,0,1,1,1,1,0,0,0,0,0,0,0,0,0,0
464,2012-09-25,55.2999992371,-1,0,0,0,0,0,0,0,0,0,0,0,0,0,0
465,2012-09-26,54.9000015259,0,-1,-1,-1,-1,0,0,0,0,0,0,0,0,0,0
466,2012-09-27,55.0999984741,0,0,0,0,0,0,0,0,0,0,0,0,0,0,0
467,2012-09-28,55.1500015259,0,0,0,0,0,0,0,0,0,0,0,0,0,0,0
468,2010-11-11,57.5,0,0,0,0,0,0,0,0,0,0,0,0,0,0,0
469,2012-10-01,55.0,0,0,0,0,0,0,0,0,0,0,0,0,0,0,0
470,2012-10-02,55.25,0,0,0,0,0,0,0,0,0,0,0,0,0,0,0
471,2012-10-03,55.0,0,0,0,0,0,0,0,0,0,0,0,0,0,0,0
472,2012-10-04,55.0499992371,1,0,0,0,0,0,0,0,0,0,0,0,0,0,0
473,2012-10-05,55.0999984741,0,1,1,1,1,0,0,0,0,0,0,0,0,0,0
474,2012-10-08,54.6500015259,-1,-1,-1,-1,-1,0,0,0,0,0,0,0,0,0,0
475,2012-10-09,54.4000015259,0,0,0,0,0,0,0,0,0,0,0,0,0,0,0
476,2012-10-11,53.2999992371,0,0,0,0,0,0,0,0,0,0,0,0,0,0,0
477,2012-10-12,53.1500015259,0,0,0,0,0,0,0,0,0,0,0,0,0,0,0
478,2012-10-15,53.25,1,1,1,1,1,0,0,0,0,0,0,0,0,0,0
479,2010-11-12,56.3499984741,0,0,0,0,0,0,0,0,0,0,0,0,0,0,0
480,2012-10-16,53.5,0,0,0,0,0,0,0,0,0,0,0,0,0,0,0
481,2012-10-17,53.4000015259,-1,0,0,0,0,0,0,0,0,0,0,0,0,0,0
482,2012-10-18,53.6500015259,0,-1,-1,-1,-1,0,0,0,0,0,0,0,0,0,0
483,2012-10-19,53.25,0,0,0,0,0,0,0,0,0,0,0,0,0,0,0
484,2012-10-22,52.9000015259,1,0,0,0,0,-1,0,0,0,0,0,0,0,0,0
485,2012-10-23,52.9000015259,0,0,0,0,0,0,0,0,0,0,0,0,0,0,0
486,2012-10-24,51.0,0,0,0,0,0,0,0,-1,0,0,0,0,0,0,0
487,2012-10-25,50.5,-1,0,0,0,0,0,0,0,0,-1,0,0,-1,0,0
488,2012-10-26,49.9099998474,0,1,1,1,1,0,0,0,0,0,0,0,0,0,0
489,2012-10-29,50.0,1,0,0,0,0,0,0,0,0,0,0,0,0,0,-1
490,2010-11-15,56.1500015259,0,0,0,0,0,0,0,0,0,0,0,0,0,0,0
491,2012-10-30,50.4500007629,0,0,0,0,0,0,0,0,0,0,0,0,0,0,0
492,2012-10-31,50.4000015259,-1,0,0,0,0,0,0,0,-1,0,-1,0,0,0,0
493,2012-11-01,50.3499984741,1,-1,-1,-1,-1,0,0,0,0,0,0,-1,0,0,0
494,2012-11-02,50.7000007629,0,0,0,0,0,0,0,0,0,0,0,0,0,0,0
495,2012-11-05,50.5,0,1,1,1,1,0,0,0,0,0,0,0,0,0,0
496,2012-11-06,50.9000015259,0,0,0,0,0,0,0,0,0,0,0,0,0,0,0
497,2012-11-07,51.1500015259,0,0,0,0,0,0,0,0,0,0,0,0,0,-1,0
498,2012-11-08,50.75,0,-1,-1,-1,-1,0,0,0,0,0,0,0,0,0,0
499,2012-11-09,51.0999984741,0,0,0,0,0,0,0,0,0,0,0,0,0,0,0
500,2012-11-12,50.9000015259,-1,1,1,1,1,0,0,0,0,0,0,0,0,0,0
501,2010-11-16,56.75,1,1,1,1,1,0,0,0,0,0,0,0,0,0,0
502,2012-11-13,50.0499992371,0,-1,-1,-1,-1,0,0,0,0,0,0,0,0,0,0
503,2012-11-14,50.1500015259,1,0,0,0,0,0,0,0,0,0,0,0,0,0,0
504,2012-11-15,50.0,0,1,1,1,1,0,0,0,0,0,0,0,0,0,0
505,2012-11-16,49.9399986267,0,0,0,0,0,0,0,0,0,0,0,0,0,0,0
506,2012-11-19,50.25,0,0,0,0,0,0,0,0,0,0,0,0,0,0,0
507,2012-11-20,50.3499984741,0,0,0,0,0,0,0,0,0,0,0,0,0,0,0
508,2012-11-21,49.9700012207,0,-1,-1,-1,-1,0,0,0,0,0,0,0,0,0,0
509,2012-11-22,50.2000007629,0,0,0,0,0,0,0,0,0,0,0,0,0,0,0
510,2012-11-23,51.7000007629,0,1,1,1,1,0,0,0,0,0,0,0,0,0,0
511,2012-11-26,52.2000007629,0,0,0,0,0,0,0,0,0,0,0,0,0,0,0
512,2010-11-17,56.5,0,0,0,0,0,0,0,0,0,0,0,0,0,0,0
513,2012-11-27,52.4000015259,0,-1,-1,-1,-1,0,0,0,0,0,0,0,0,0,0
514,2012-11-28,52.4500007629,0,0,0,0,0,0,0,0,0,0,0,0,0,0,0
515,2012-11-29,53.0999984741,0,1,1,1,1,0,0,0,0,0,0,0,0,0,0
516,2012-11-30,53.5499992371,0,0,0,0,0,0,0,0,0,0,0,0,0,0,0
517,2012-12-03,53.5,-1,-1,-1,-1,-1,0,0,0,0,0,0,0,0,0,0
518,2012-12-04,53.4500007629,1,0,0,0,0,0,0,0,0,0,0,0,0,0,0
519,2012-12-05,53.75,0,0,0,0,0,0,0,0,0,0,0,0,0,0,0
520,2012-12-06,53.5999984741,-1,1,1,1,1,0,0,0,0,0,0,0,0,0,0
521,2012-12-07,53.9000015259,1,0,0,0,0,0,0,0,0,0,0,0,0,0,0
522,2012-12-10,53.7000007629,-1,-1,-1,-1,-1,0,0,0,0,0,0,0,0,0,0
523,2010-11-18,56.5999984741,0,-1,-1,-1,-1,0,0,0,0,0,0,0,0,0,0
524,2012-12-11,53.6500015259,0,0,0,0,0,0,0,0,0,0,0,0,0,0,0
525,2012-12-12,54.0999984741,0,1,1,1,1,0,0,0,0,0,0,0,0,0,0
526,2012-12-13,54.7000007629,0,0,0,0,0,0,0,0,0,0,0,0,0,0,0
527,2012-12-14,54.2000007629,0,-1,-1,-1,-1,0,0,0,0,0,0,0,0,0,0
528,2012-12-17,53.5,0,0,0,0,0,0,0,0,0,0,0,0,0,0,0
529,2012-12-18,53.5499992371,0,0,0,0,0,0,0,0,0,0,0,0,0,0,0
530,2012-12-19,53.7000007629,0,1,1,1,1,0,0,0,0,0,0,0,0,0,0
531,2012-12-20,53.0499992371,0,0,0,0,0,0,0,0,0,0,0,0,0,0,0
532,2012-12-21,52.7999992371,0,-1,-1,-1,-1,0,0,0,0,0,0,0,0,0,0
533,2012-12-24,52.7000007629,0,1,1,1,1,0,0,0,0,0,0,0,0,0,0
534,2010-11-19,56.6500015259,-1,0,0,0,0,0,0,0,0,0,0,0,0,0,0
535,2012-12-25,53.5999984741,1,0,0,0,0,0,0,0,0,0,0,0,0,0,0
536,2012-12-26,53.5,-1,0,0,0,0,0,0,0,0,0,0,0,0,0,0
537,2012-12-27,53.4500007629,0,-1,-1,-1,-1,0,0,0,0,0,0,0,0,0,0
538,2012-12-28,53.7999992371,0,0,0,0,0,0,0,0,0,0,0,0,0,0,0
539,2010-11-22,57.3499984741,1,1,1,1,1,0,0,0,0,0,0,0,0,0,0
540,2010-09-07,54.8499984741,0,0,0,0,0,0,0,0,0,0,0,0,0,0,0
541,2010-11-23,56.9000015259,-1,-1,-1,-1,-1,0,0,0,0,0,0,0,0,0,0
542,2010-11-24,56.8499984741,1,0,0,0,0,0,0,0,0,0,0,0,0,0,0
543,2010-11-25,57.0999984741,0,0,0,0,0,0,0,0,0,0,0,0,0,0,0
544,2010-11-26,56.7999992371,-1,1,1,1,1,0,0,0,0,0,0,0,0,0,0
545,2010-11-29,56.9000015259,0,-1,-1,-1,-1,0,0,0,0,0,0,0,0,0,0
546,2010-11-30,57.0999984741,1,1,1,1,1,0,0,0,0,0,0,0,0,0,0
547,2010-12-01,58.0,0,0,0,0,0,0,0,0,0,0,0,0,0,0,0
548,2010-12-02,58.4500007629,-1,0,0,0,0,0,0,0,0,0,0,0,0,0,0
549,2010-12-03,59.0,1,0,0,0,0,0,0,0,0,0,0,0,0,0,0
550,2010-12-06,59.1500015259,0,-1,-1,-1,-1,0,0,0,0,0,0,0,0,0,0
551,2010-09-08,54.75,0,0,0,0,0,0,0,0,0,0,0,0,0,0,0
552,2010-12-07,59.0999984741,-1,0,0,0,0,0,0,0,0,0,0,0,0,0,0
553,2010-12-08,59.0999984741,0,0,0,0,0,0,0,0,0,0,0,0,0,0,0
554,2010-12-09,59.7000007629,0,1,1,1,1,0,0,0,0,0,0,0,0,0,0
555,2010-12-10,59.2999992371,0,0,0,0,0,0,0,0,0,0,0,0,0,0,0
556,2010-12-13,59.4500007629,1,-1,-1,-1,-1,0,0,0,0,0,0,0,0,0,0
557,2010-12-14,59.2999992371,0,0,0,0,0,0,0,0,0,0,0,0,0,0,0
558,2010-12-15,59.5999984741,0,1,1,1,1,0,0,0,0,0,0,0,0,0,0
559,2010-12-16,59.7000007629,0,0,0,0,0,0,0,0,0,0,0,0,0,0,0
560,2010-12-17,60.2000007629,0,0,0,0,0,0,0,0,0,0,0,0,0,0,0
561,2010-12-20,59.9000015259,-1,-1,-1,-1,-1,0,0,0,0,0,0,0,0,0,0
562,2010-09-09,54.75,0,0,0,0,0,0,0,0,0,0,0,0,0,0,0
563,2010-12-21,60.0499992371,1,0,0,0,0,0,0,0,0,0,0,0,0,0,0
564,2010-12-22,60.0499992371,-1,0,0,0,0,0,0,0,0,0,0,0,0,0,0
565,2010-12-23,60.4500007629,1,1,1,1,1,0,0,0,0,0,0,0,0,0,0
566,2010-12-24,60.2000007629,-1,-1,-1,-1,-1,0,0,0,0,0,0,0,0,0,0
567,2010-12-27,60.4500007629,1,0,0,0,0,0,0,0,0,0,0,0,0,0,0
568,2010-12-28,60.3499984741,-1,0,0,0,0,0,0,0,0,0,0,0,0,0,0
569,2010-12-29,60.5,1,1,1,1,1,0,0,0,0,0,0,0,0,0,0
570,2010-12-30,60.7999992371,0,0,0,0,0,0,0,0,0,0,0,0,0,0,0
571,2010-12-31,61.4000015259,0,0,0,0,0,0,0,0,0,0,0,0,0,0,0
572,2011-01-03,61.4500007629,-1,0,0,0,0,0,0,0,0,0,0,0,0,0,0
573,2010-09-10,55.25,0,1,1,1,1,0,0,0,0,0,0,0,0,0,0
574,2011-01-04,61.2999992371,0,-1,-1,-1,-1,0,0,0,0,0,0,0,0,0,0
575,2011-01-05,60.2999992371,0,0,0,0,0,0,0,0,0,0,0,0,0,0,0
576,2011-01-06,60.2000007629,0,0,0,0,0,0,0,0,0,0,0,0,0,0,0
577,2011-01-07,59.6500015259,0,1,1,1,1,0,0,0,0,0,0,0,0,0,0
578,2011-01-10,59.8499984741,1,0,0,0,0,0,0,0,0,0,0,0,0,0,0
579,2011-01-11,60.8499984741,0,0,0,0,0,0,0,0,0,0,0,0,0,0,0
580,2011-01-12,61.0999984741,0,0,0,0,0,0,0,0,0,0,0,0,0,0,0
581,2011-01-13,61.0499992371,-1,-1,-1,-1,-1,0,0,0,0,0,0,0,0,0,0
582,2011-01-14,61.0,1,0,0,0,0,0,0,0,0,0,0,0,0,0,0
583,2011-01-17,60.8499984741,-1,0,0,0,0,0,0,0,0,0,0,0,0,0,0
