[{"Date":1285286400000,"Trading_Strategy":"MA10&MA15^STOCH","Transaction_Type":1,"Stock_price":18.0506286621,"Transaction_amount":1000,"Return_money":null,"Rate_of_Return":null},{"Date":1288224000000,"Trading_Strategy":"MA10&MA15^STOCH","Transaction_Type":-1,"Stock_price":21.7361392975,"Transaction_amount":1000,"Return_money":204.0,"Rate_of_Return":0.204},{"Date":1290643200000,"Trading_Strategy":"MA10&MA15^STOCH","Transaction_Type":1,"Stock_price":22.0293045044,"Transaction_amount":1000,"Return_money":null,"Rate_of_Return":null},{"Date":1294963200000,"Trading_Strategy":"MA10&MA15^STOCH","Transaction_Type":-1,"Stock_price":25.0447235107,"Transaction_amount":1000,"Return_money":136.0,"Rate_of_Return":0.136},{"Date":1297382400000,"Trading_Strategy":"MA10&MA15^STOCH","Transaction_Type":1,"Stock_price":23.5370140076,"Transaction_amount":1000,"Return_money":null,"Rate_of_Return":null},{"Date":1300924800000,"Trading_Strategy":"MA10&MA15^STOCH","Transaction_Type":-1,"Stock_price":20.8566417694,"Transaction_amount":1000,"Return_money":-113.0,"Rate_of_Return":-0.113},{"Date":1301443200000,"Trading_Strategy":"MA10&MA15^STOCH","Transaction_Type":1,"Stock_price":20.7728805542,"Transaction_amount":1000,"Return_money":null,"Rate_of_Return":null},{"Date":1302652800000,"Trading_Strategy":"MA10&MA30^STOCH","Transaction_Type":1,"Stock_price":21.4848537445,"Transaction_amount":12500,"Return_money":null,"Rate_of_Return":null},{"Date":1302652800000,"Trading_Strategy":"MA10&MA30^MA5&MA15","Transaction_Type":1,"Stock_price":21.4848537445,"Transaction_amount":18000,"Return_money":null,"Rate_of_Return":null},{"Date":1303862400000,"Trading_Strategy":"MA10&MA15^STOCH","Transaction_Type":-1,"Stock_price":22.9088020325,"Transaction_amount":1000,"Return_money":102.0,"Rate_of_Return":0.102},{"Date":1303862400000,"Trading_Strategy":"MA10&MA30^STOCH","Transaction_Type":-1,"Stock_price":22.9088020325,"Transaction_amount":12500,"Return_money":828.0,"Rate_of_Return":0.06624},{"Date":1305504000000,"Trading_Strategy":"MA10&MA30^MA5&MA15","Transaction_Type":-1,"Stock_price":22.2805900574,"Transaction_amount":18000,"Return_money":666.0,"Rate_of_Return":0.037},{"Date":1307577600000,"Trading_Strategy":"MA10&MA15^STOCH","Transaction_Type":1,"Stock_price":21.0241641998,"Transaction_amount":1000,"Return_money":null,"Rate_of_Return":null},{"Date":1313625600000,"Trading_Strategy":"MA10&MA15^STOCH","Transaction_Type":-1,"Stock_price":15.2027330399,"Transaction_amount":1000,"Return_money":-276.0,"Rate_of_Return":-0.276},{"Date":1314144000000,"Trading_Strategy":"MA10&MA15^STOCH","Transaction_Type":1,"Stock_price":15.4121370316,"Transaction_amount":1000,"Return_money":null,"Rate_of_Return":null},{"Date":1318550400000,"Trading_Strategy":"MA10&MA30^STOCH","Transaction_Type":1,"Stock_price":15.3868694305,"Transaction_amount":12500,"Return_money":null,"Rate_of_Return":null},{"Date":1318550400000,"Trading_Strategy":"MA10&MA30^MA5&MA15","Transaction_Type":1,"Stock_price":15.3868694305,"Transaction_amount":18000,"Return_money":null,"Rate_of_Return":null},{"Date":1318809600000,"Trading_Strategy":"MA10&MA15^STOCH","Transaction_Type":-1,"Stock_price":15.7093477249,"Transaction_amount":1000,"Return_money":19.0,"Rate_of_Return":0.019},{"Date":1318809600000,"Trading_Strategy":"MA10&MA30^STOCH","Transaction_Type":-1,"Stock_price":15.7093477249,"Transaction_amount":12500,"Return_money":261.0,"Rate_of_Return":0.02088},{"Date":1320019200000,"Trading_Strategy":"MA10&MA30^MA5&MA15","Transaction_Type":-1,"Stock_price":15.2947320938,"Transaction_amount":18000,"Return_money":-107.0,"Rate_of_Return":-0.0059444444},{"Date":1323302400000,"Trading_Strategy":"MA10&MA15^STOCH","Transaction_Type":1,"Stock_price":13.7284040451,"Transaction_amount":1000,"Return_money":null,"Rate_of_Return":null},{"Date":1325030400000,"Trading_Strategy":"MA10&MA15^STOCH","Transaction_Type":-1,"Stock_price":14.3272943497,"Transaction_amount":1000,"Return_money":43.0,"Rate_of_Return":0.043},{"Date":1325116800000,"Trading_Strategy":"MA10&MA15^STOCH","Transaction_Type":1,"Stock_price":14.2812252045,"Transaction_amount":1000,"Return_money":null,"Rate_of_Return":null},{"Date":1325203200000,"Trading_Strategy":"MA10&MA30^MA5&MA15","Transaction_Type":1,"Stock_price":14.096950531,"Transaction_amount":18000,"Return_money":null,"Rate_of_Return":null},{"Date":1325203200000,"Trading_Strategy":"MA10&MA30^STOCH","Transaction_Type":1,"Stock_price":14.096950531,"Transaction_amount":12500,"Return_money":null,"Rate_of_Return":null},{"Date":1327968000000,"Trading_Strategy":"MA10&MA30^MA5&MA15","Transaction_Type":-1,"Stock_price":15.2486629486,"Transaction_amount":18000,"Return_money":1470.0,"Rate_of_Return":0.0816666667},{"Date":1328659200000,"Trading_Strategy":"MA10&MA30^STOCH","Transaction_Type":-1,"Stock_price":17.598154068,"Transaction_amount":12500,"Return_money":3104.0,"Rate_of_Return":0.24832},{"Date":1328659200000,"Trading_Strategy":"MA10&MA15^STOCH","Transaction_Type":-1,"Stock_price":17.598154068,"Transaction_amount":1000,"Return_money":232.0,"Rate_of_Return":0.232},{"Date":1332288000000,"Trading_Strategy":"MA10&MA15^STOCH","Transaction_Type":1,"Stock_price":18.9341411591,"Transaction_amount":1000,"Return_money":null,"Rate_of_Return":null},{"Date":1339977600000,"Trading_Strategy":"MA10&MA15^STOCH","Transaction_Type":-1,"Stock_price":14.3733615875,"Transaction_amount":1000,"Return_money":-240.0,"Rate_of_Return":-0.24},{"Date":1340323200000,"Trading_Strategy":"MA10&MA30^STOCH","Transaction_Type":1,"Stock_price":14.2812252045,"Transaction_amount":12500,"Return_money":null,"Rate_of_Return":null},{"Date":1340323200000,"Trading_Strategy":"MA10&MA30^MA5&MA15","Transaction_Type":1,"Stock_price":14.2812252045,"Transaction_amount":18000,"Return_money":null,"Rate_of_Return":null},{"Date":1341532800000,"Trading_Strategy":"MA10&MA30^STOCH","Transaction_Type":-1,"Stock_price":15.110458374,"Transaction_amount":12500,"Return_money":725.0,"Rate_of_Return":0.058},{"Date":1343088000000,"Trading_Strategy":"MA10&MA30^MA5&MA15","Transaction_Type":-1,"Stock_price":14.649772644,"Transaction_amount":18000,"Return_money":464.0,"Rate_of_Return":0.0257777778},{"Date":1344211200000,"Trading_Strategy":"MA10&MA15^STOCH","Transaction_Type":1,"Stock_price":15.9396896362,"Transaction_amount":1000,"Return_money":null,"Rate_of_Return":null},{"Date":1344470400000,"Trading_Strategy":"MA10&MA15^STOCH","Transaction_Type":-1,"Stock_price":16.4003753662,"Transaction_amount":1000,"Return_money":28.0,"Rate_of_Return":0.028},{"Date":1348012800000,"Trading_Strategy":"MA10&MA15^STOCH","Transaction_Type":1,"Stock_price":15.7093477249,"Transaction_amount":1000,"Return_money":null,"Rate_of_Return":null},{"Date":1348704000000,"Trading_Strategy":"MA10&MA30^STOCH","Transaction_Type":1,"Stock_price":14.3733615875,"Transaction_amount":12500,"Return_money":null,"Rate_of_Return":null},{"Date":1348704000000,"Trading_Strategy":"MA10&MA30^MA5&MA15","Transaction_Type":1,"Stock_price":14.3733615875,"Transaction_amount":18000,"Return_money":null,"Rate_of_Return":null},{"Date":1350604800000,"Trading_Strategy":"MA10&MA15^STOCH","Transaction_Type":-1,"Stock_price":14.649772644,"Transaction_amount":1000,"Return_money":-67.0,"Rate_of_Return":-0.067},{"Date":1350604800000,"Trading_Strategy":"MA10&MA30^STOCH","Transaction_Type":-1,"Stock_price":14.649772644,"Transaction_amount":12500,"Return_money":240.0,"Rate_of_Return":0.0192},{"Date":1350864000000,"Trading_Strategy":"MA10&MA15^STOCH","Transaction_Type":1,"Stock_price":14.557636261,"Transaction_amount":1000,"Return_money":null,"Rate_of_Return":null},{"Date":1351209600000,"Trading_Strategy":"MA10&MA30^MA5&MA15","Transaction_Type":-1,"Stock_price":13.7744722366,"Transaction_amount":18000,"Return_money":-749.0,"Rate_of_Return":-0.0416111111},{"Date":1352246400000,"Trading_Strategy":"MA10&MA30^STOCH","Transaction_Type":1,"Stock_price":15.0183210373,"Transaction_amount":12500,"Return_money":null,"Rate_of_Return":null},{"Date":1352246400000,"Trading_Strategy":"MA10&MA30^MA5&MA15","Transaction_Type":1,"Stock_price":15.0183210373,"Transaction_amount":18000,"Return_money":null,"Rate_of_Return":null},{"Date":1352332800000,"Trading_Strategy":"MA10&MA30^STOCH","Transaction_Type":-1,"Stock_price":15.0183210373,"Transaction_amount":12500,"Return_money":0.0,"Rate_of_Return":0.0},{"Date":1352332800000,"Trading_Strategy":"MA10&MA15^STOCH","Transaction_Type":-1,"Stock_price":15.0183210373,"Transaction_amount":1000,"Return_money":31.0,"Rate_of_Return":0.031},{"Date":1352937600000,"Trading_Strategy":"MA10&MA30^MA5&MA15","Transaction_Type":-1,"Stock_price":14.2812252045,"Transaction_amount":18000,"Return_money":-883.0,"Rate_of_Return":-0.0490555556},{"Date":1353974400000,"Trading_Strategy":"MA10&MA30^STOCH","Transaction_Type":1,"Stock_price":15.2947320938,"Transaction_amount":12500,"Return_money":null,"Rate_of_Return":null},{"Date":1353974400000,"Trading_Strategy":"MA10&MA30^MA5&MA15","Transaction_Type":1,"Stock_price":15.2947320938,"Transaction_amount":18000,"Return_money":null,"Rate_of_Return":null},{"Date":1354060800000,"Trading_Strategy":"MA10&MA15^STOCH","Transaction_Type":1,"Stock_price":15.1565256119,"Transaction_amount":1000,"Return_money":null,"Rate_of_Return":null},{"Date":1354147200000,"Trading_Strategy":"MA10&MA30^STOCH","Transaction_Type":-1,"Stock_price":15.4329366684,"Transaction_amount":12500,"Return_money":112.0,"Rate_of_Return":0.00896},{"Date":1354147200000,"Trading_Strategy":"MA10&MA15^STOCH","Transaction_Type":-1,"Stock_price":15.4329366684,"Transaction_amount":1000,"Return_money":18.0,"Rate_of_Return":0.018},{"Date":1356048000000,"Trading_Strategy":"MA10&MA30^MA5&MA15","Transaction_Type":-1,"Stock_price":15.5711431503,"Transaction_amount":18000,"Return_money":325.0,"Rate_of_Return":0.0180555556}]