[{"Date":1287619200000,"Trading_Strategy":"MA5&MA15^STOCH","Transaction_Type":1,"Stock_price":19.516456604,"Transaction_amount":1000,"Return_money":null,"Rate_of_Return":null},{"Date":1288224000000,"Trading_Strategy":"MA5&MA15^STOCH","Transaction_Type":-1,"Stock_price":21.7361392975,"Transaction_amount":1000,"Return_money":113.0,"Rate_of_Return":0.113},{"Date":1290470400000,"Trading_Strategy":"MA5&MA15^STOCH","Transaction_Type":1,"Stock_price":22.2805900574,"Transaction_amount":1000,"Return_money":null,"Rate_of_Return":null},{"Date":1290643200000,"Trading_Strategy":"MA5&MA15^STOCH","Transaction_Type":-1,"Stock_price":22.0293045044,"Transaction_amount":1000,"Return_money":-11.0,"Rate_of_Return":-0.011},{"Date":1291334400000,"Trading_Strategy":"MA15&MA30^MA5&MA15","Transaction_Type":1,"Stock_price":21.3592128754,"Transaction_amount":500,"Return_money":null,"Rate_of_Return":null},{"Date":1291334400000,"Trading_Strategy":"MA15&MA30^STOCH","Transaction_Type":1,"Stock_price":21.3592128754,"Transaction_amount":12500,"Return_money":null,"Rate_of_Return":null},{"Date":1291852800000,"Trading_Strategy":"MA15&MA30^MA5&MA15","Transaction_Type":-1,"Stock_price":21.6523761749,"Transaction_amount":500,"Return_money":6.0,"Rate_of_Return":0.012},{"Date":1292198400000,"Trading_Strategy":"MA5&MA15^STOCH","Transaction_Type":1,"Stock_price":22.1130657196,"Transaction_amount":1000,"Return_money":null,"Rate_of_Return":null},{"Date":1294963200000,"Trading_Strategy":"MA5&MA15^STOCH","Transaction_Type":-1,"Stock_price":25.0447235107,"Transaction_amount":1000,"Return_money":132.0,"Rate_of_Return":0.132},{"Date":1294963200000,"Trading_Strategy":"MA15&MA30^STOCH","Transaction_Type":-1,"Stock_price":25.0447235107,"Transaction_amount":12500,"Return_money":2156.0,"Rate_of_Return":0.17248},{"Date":1296172800000,"Trading_Strategy":"MA5&MA15^STOCH","Transaction_Type":1,"Stock_price":25.5472927094,"Transaction_amount":1000,"Return_money":null,"Rate_of_Return":null},{"Date":1297123200000,"Trading_Strategy":"MA5&MA15^STOCH","Transaction_Type":-1,"Stock_price":25.0447235107,"Transaction_amount":1000,"Return_money":-19.0,"Rate_of_Return":-0.019},{"Date":1301011200000,"Trading_Strategy":"MA5&MA15^STOCH","Transaction_Type":1,"Stock_price":20.689119339,"Transaction_amount":1000,"Return_money":null,"Rate_of_Return":null},{"Date":1302652800000,"Trading_Strategy":"MA10&MA30^MA5&MA15","Transaction_Type":1,"Stock_price":21.4848537445,"Transaction_amount":18000,"Return_money":null,"Rate_of_Return":null},{"Date":1302739200000,"Trading_Strategy":"MA15&MA30^STOCH","Transaction_Type":1,"Stock_price":21.6942577362,"Transaction_amount":12500,"Return_money":null,"Rate_of_Return":null},{"Date":1302739200000,"Trading_Strategy":"MA15&MA30^MA5&MA15","Transaction_Type":1,"Stock_price":21.6942577362,"Transaction_amount":500,"Return_money":null,"Rate_of_Return":null},{"Date":1303862400000,"Trading_Strategy":"MA15&MA30^STOCH","Transaction_Type":-1,"Stock_price":22.9088020325,"Transaction_amount":12500,"Return_money":699.0,"Rate_of_Return":0.05592},{"Date":1303862400000,"Trading_Strategy":"MA5&MA15^STOCH","Transaction_Type":-1,"Stock_price":22.9088020325,"Transaction_amount":1000,"Return_money":107.0,"Rate_of_Return":0.107},{"Date":1305504000000,"Trading_Strategy":"MA15&MA30^MA5&MA15","Transaction_Type":-1,"Stock_price":22.2805900574,"Transaction_amount":500,"Return_money":13.0,"Rate_of_Return":0.026},{"Date":1305504000000,"Trading_Strategy":"MA10&MA30^MA5&MA15","Transaction_Type":-1,"Stock_price":22.2805900574,"Transaction_amount":18000,"Return_money":666.0,"Rate_of_Return":0.037},{"Date":1306972800000,"Trading_Strategy":"MA5&MA15^STOCH","Transaction_Type":1,"Stock_price":21.4429721832,"Transaction_amount":1000,"Return_money":null,"Rate_of_Return":null},{"Date":1313625600000,"Trading_Strategy":"MA5&MA15^STOCH","Transaction_Type":-1,"Stock_price":15.2027330399,"Transaction_amount":1000,"Return_money":-291.0,"Rate_of_Return":-0.291},{"Date":1314057600000,"Trading_Strategy":"MA5&MA15^STOCH","Transaction_Type":1,"Stock_price":15.7471828461,"Transaction_amount":1000,"Return_money":null,"Rate_of_Return":null},{"Date":1318550400000,"Trading_Strategy":"MA10&MA30^MA5&MA15","Transaction_Type":1,"Stock_price":15.3868694305,"Transaction_amount":18000,"Return_money":null,"Rate_of_Return":null},{"Date":1318809600000,"Trading_Strategy":"MA5&MA15^STOCH","Transaction_Type":-1,"Stock_price":15.7093477249,"Transaction_amount":1000,"Return_money":-2.0,"Rate_of_Return":-0.002},{"Date":1318809600000,"Trading_Strategy":"MA15&MA30^STOCH","Transaction_Type":1,"Stock_price":15.7093477249,"Transaction_amount":12500,"Return_money":null,"Rate_of_Return":null},{"Date":1318809600000,"Trading_Strategy":"MA15&MA30^MA5&MA15","Transaction_Type":1,"Stock_price":15.7093477249,"Transaction_amount":500,"Return_money":null,"Rate_of_Return":null},{"Date":1319068800000,"Trading_Strategy":"MA15&MA30^STOCH","Transaction_Type":-1,"Stock_price":15.4790058136,"Transaction_amount":12500,"Return_money":-183.0,"Rate_of_Return":-0.01464},{"Date":1320019200000,"Trading_Strategy":"MA10&MA30^MA5&MA15","Transaction_Type":-1,"Stock_price":15.2947320938,"Transaction_amount":18000,"Return_money":-107.0,"Rate_of_Return":-0.0059444444},{"Date":1320019200000,"Trading_Strategy":"MA15&MA30^MA5&MA15","Transaction_Type":-1,"Stock_price":15.2947320938,"Transaction_amount":500,"Return_money":-13.0,"Rate_of_Return":-0.026},{"Date":1324857600000,"Trading_Strategy":"MA5&MA15^STOCH","Transaction_Type":1,"Stock_price":13.4980611801,"Transaction_amount":1000,"Return_money":null,"Rate_of_Return":null},{"Date":1325030400000,"Trading_Strategy":"MA5&MA15^STOCH","Transaction_Type":-1,"Stock_price":14.3272943497,"Transaction_amount":1000,"Return_money":61.0,"Rate_of_Return":0.061},{"Date":1325203200000,"Trading_Strategy":"MA10&MA30^MA5&MA15","Transaction_Type":1,"Stock_price":14.096950531,"Transaction_amount":18000,"Return_money":null,"Rate_of_Return":null},{"Date":1325462400000,"Trading_Strategy":"MA15&MA30^MA5&MA15","Transaction_Type":1,"Stock_price":13.9587459564,"Transaction_amount":500,"Return_money":null,"Rate_of_Return":null},{"Date":1325462400000,"Trading_Strategy":"MA15&MA30^STOCH","Transaction_Type":1,"Stock_price":13.9587459564,"Transaction_amount":12500,"Return_money":null,"Rate_of_Return":null},{"Date":1327968000000,"Trading_Strategy":"MA15&MA30^MA5&MA15","Transaction_Type":-1,"Stock_price":15.2486629486,"Transaction_amount":500,"Return_money":46.0,"Rate_of_Return":0.092},{"Date":1327968000000,"Trading_Strategy":"MA10&MA30^MA5&MA15","Transaction_Type":-1,"Stock_price":15.2486629486,"Transaction_amount":18000,"Return_money":1470.0,"Rate_of_Return":0.0816666667},{"Date":1328054400000,"Trading_Strategy":"MA5&MA15^STOCH","Transaction_Type":1,"Stock_price":16.0318279266,"Transaction_amount":1000,"Return_money":null,"Rate_of_Return":null},{"Date":1328659200000,"Trading_Strategy":"MA15&MA30^STOCH","Transaction_Type":-1,"Stock_price":17.598154068,"Transaction_amount":12500,"Return_money":3259.0,"Rate_of_Return":0.26072},{"Date":1328659200000,"Trading_Strategy":"MA5&MA15^STOCH","Transaction_Type":-1,"Stock_price":17.598154068,"Transaction_amount":1000,"Return_money":97.0,"Rate_of_Return":0.097},{"Date":1336089600000,"Trading_Strategy":"MA5&MA15^STOCH","Transaction_Type":1,"Stock_price":17.0914020538,"Transaction_amount":1000,"Return_money":null,"Rate_of_Return":null},{"Date":1339977600000,"Trading_Strategy":"MA5&MA15^STOCH","Transaction_Type":-1,"Stock_price":14.3733615875,"Transaction_amount":1000,"Return_money":-159.0,"Rate_of_Return":-0.159},{"Date":1340323200000,"Trading_Strategy":"MA10&MA30^MA5&MA15","Transaction_Type":1,"Stock_price":14.2812252045,"Transaction_amount":18000,"Return_money":null,"Rate_of_Return":null},{"Date":1340755200000,"Trading_Strategy":"MA15&MA30^STOCH","Transaction_Type":1,"Stock_price":14.3733615875,"Transaction_amount":12500,"Return_money":null,"Rate_of_Return":null},{"Date":1340755200000,"Trading_Strategy":"MA15&MA30^MA5&MA15","Transaction_Type":1,"Stock_price":14.3733615875,"Transaction_amount":500,"Return_money":null,"Rate_of_Return":null},{"Date":1341532800000,"Trading_Strategy":"MA15&MA30^STOCH","Transaction_Type":-1,"Stock_price":15.110458374,"Transaction_amount":12500,"Return_money":641.0,"Rate_of_Return":0.05128},{"Date":1343088000000,"Trading_Strategy":"MA10&MA30^MA5&MA15","Transaction_Type":-1,"Stock_price":14.649772644,"Transaction_amount":18000,"Return_money":464.0,"Rate_of_Return":0.0257777778},{"Date":1343088000000,"Trading_Strategy":"MA15&MA30^MA5&MA15","Transaction_Type":-1,"Stock_price":14.649772644,"Transaction_amount":500,"Return_money":9.0,"Rate_of_Return":0.018},{"Date":1343779200000,"Trading_Strategy":"MA5&MA15^STOCH","Transaction_Type":1,"Stock_price":15.6632785797,"Transaction_amount":1000,"Return_money":null,"Rate_of_Return":null},{"Date":1343952000000,"Trading_Strategy":"MA5&MA15^STOCH","Transaction_Type":-1,"Stock_price":15.4329366684,"Transaction_amount":1000,"Return_money":-14.0,"Rate_of_Return":-0.014},{"Date":1347926400000,"Trading_Strategy":"MA5&MA15^STOCH","Transaction_Type":1,"Stock_price":15.3408002853,"Transaction_amount":1000,"Return_money":null,"Rate_of_Return":null},{"Date":1348704000000,"Trading_Strategy":"MA10&MA30^MA5&MA15","Transaction_Type":1,"Stock_price":14.3733615875,"Transaction_amount":18000,"Return_money":null,"Rate_of_Return":null},{"Date":1350604800000,"Trading_Strategy":"MA5&MA15^STOCH","Transaction_Type":-1,"Stock_price":14.649772644,"Transaction_amount":1000,"Return_money":-45.0,"Rate_of_Return":-0.045},{"Date":1351209600000,"Trading_Strategy":"MA10&MA30^MA5&MA15","Transaction_Type":-1,"Stock_price":13.7744722366,"Transaction_amount":18000,"Return_money":-749.0,"Rate_of_Return":-0.0416111111},{"Date":1352073600000,"Trading_Strategy":"MA5&MA15^STOCH","Transaction_Type":1,"Stock_price":15.2025947571,"Transaction_amount":1000,"Return_money":null,"Rate_of_Return":null},{"Date":1352160000000,"Trading_Strategy":"MA15&MA30^STOCH","Transaction_Type":1,"Stock_price":15.0183210373,"Transaction_amount":12500,"Return_money":null,"Rate_of_Return":null},{"Date":1352160000000,"Trading_Strategy":"MA15&MA30^MA5&MA15","Transaction_Type":1,"Stock_price":15.0183210373,"Transaction_amount":500,"Return_money":null,"Rate_of_Return":null},{"Date":1352246400000,"Trading_Strategy":"MA10&MA30^MA5&MA15","Transaction_Type":1,"Stock_price":15.0183210373,"Transaction_amount":18000,"Return_money":null,"Rate_of_Return":null},{"Date":1352332800000,"Trading_Strategy":"MA15&MA30^STOCH","Transaction_Type":-1,"Stock_price":15.0183210373,"Transaction_amount":12500,"Return_money":0.0,"Rate_of_Return":0.0},{"Date":1352332800000,"Trading_Strategy":"MA5&MA15^STOCH","Transaction_Type":-1,"Stock_price":15.0183210373,"Transaction_amount":1000,"Return_money":-12.0,"Rate_of_Return":-0.012},{"Date":1352937600000,"Trading_Strategy":"MA10&MA30^MA5&MA15","Transaction_Type":-1,"Stock_price":14.2812252045,"Transaction_amount":18000,"Return_money":-883.0,"Rate_of_Return":-0.0490555556},{"Date":1352937600000,"Trading_Strategy":"MA15&MA30^MA5&MA15","Transaction_Type":-1,"Stock_price":14.2812252045,"Transaction_amount":500,"Return_money":-24.0,"Rate_of_Return":-0.048},{"Date":1353974400000,"Trading_Strategy":"MA10&MA30^MA5&MA15","Transaction_Type":1,"Stock_price":15.2947320938,"Transaction_amount":18000,"Return_money":null,"Rate_of_Return":null},{"Date":1353974400000,"Trading_Strategy":"MA5&MA15^STOCH","Transaction_Type":1,"Stock_price":15.2947320938,"Transaction_amount":1000,"Return_money":null,"Rate_of_Return":null},{"Date":1354147200000,"Trading_Strategy":"MA5&MA15^STOCH","Transaction_Type":-1,"Stock_price":15.4329366684,"Transaction_amount":1000,"Return_money":9.0,"Rate_of_Return":0.009},{"Date":1356048000000,"Trading_Strategy":"MA10&MA30^MA5&MA15","Transaction_Type":-1,"Stock_price":15.5711431503,"Transaction_amount":18000,"Return_money":325.0,"Rate_of_Return":0.0180555556}]