[{"Date":1287619200000,"Trading_Strategy":"MA5&MA15^MA5&MA15","Transaction_Type":1,"Stock_price":19.516456604,"Transaction_amount":1000,"Return_money":null,"Rate_of_Return":null},{"Date":1289433600000,"Trading_Strategy":"MA5&MA15^MA5&MA15","Transaction_Type":-1,"Stock_price":20.2703113556,"Transaction_amount":1000,"Return_money":38.0,"Rate_of_Return":0.038},{"Date":1290470400000,"Trading_Strategy":"MA5&MA15^MA5&MA15","Transaction_Type":1,"Stock_price":22.2805900574,"Transaction_amount":1000,"Return_money":null,"Rate_of_Return":null},{"Date":1291852800000,"Trading_Strategy":"MA5&MA15^MA5&MA15","Transaction_Type":-1,"Stock_price":21.6523761749,"Transaction_amount":1000,"Return_money":-28.0,"Rate_of_Return":-0.028},{"Date":1292198400000,"Trading_Strategy":"MA5&MA15^MA5&MA15","Transaction_Type":1,"Stock_price":22.1130657196,"Transaction_amount":1000,"Return_money":null,"Rate_of_Return":null},{"Date":1295308800000,"Trading_Strategy":"MA5&MA15^MA5&MA15","Transaction_Type":-1,"Stock_price":24.7515563965,"Transaction_amount":1000,"Return_money":119.0,"Rate_of_Return":0.119},{"Date":1296172800000,"Trading_Strategy":"MA5&MA15^MA5&MA15","Transaction_Type":1,"Stock_price":25.5472927094,"Transaction_amount":1000,"Return_money":null,"Rate_of_Return":null},{"Date":1297641600000,"Trading_Strategy":"MA5&MA15^MA5&MA15","Transaction_Type":-1,"Stock_price":24.7934379578,"Transaction_amount":1000,"Return_money":-29.0,"Rate_of_Return":-0.029},{"Date":1301011200000,"Trading_Strategy":"MA5&MA15^MA5&MA15","Transaction_Type":1,"Stock_price":20.689119339,"Transaction_amount":1000,"Return_money":null,"Rate_of_Return":null},{"Date":1302652800000,"Trading_Strategy":"MA10&MA30^STOCH","Transaction_Type":1,"Stock_price":21.4848537445,"Transaction_amount":12500,"Return_money":null,"Rate_of_Return":null},{"Date":1302652800000,"Trading_Strategy":"MA10&MA30^MA5&MA15","Transaction_Type":1,"Stock_price":21.4848537445,"Transaction_amount":18000,"Return_money":null,"Rate_of_Return":null},{"Date":1303862400000,"Trading_Strategy":"MA10&MA30^STOCH","Transaction_Type":-1,"Stock_price":22.9088020325,"Transaction_amount":12500,"Return_money":828.0,"Rate_of_Return":0.06624},{"Date":1305504000000,"Trading_Strategy":"MA5&MA15^MA5&MA15","Transaction_Type":-1,"Stock_price":22.2805900574,"Transaction_amount":1000,"Return_money":76.0,"Rate_of_Return":0.076},{"Date":1305504000000,"Trading_Strategy":"MA10&MA30^MA5&MA15","Transaction_Type":-1,"Stock_price":22.2805900574,"Transaction_amount":18000,"Return_money":666.0,"Rate_of_Return":0.037},{"Date":1306972800000,"Trading_Strategy":"MA5&MA15^MA5&MA15","Transaction_Type":1,"Stock_price":21.4429721832,"Transaction_amount":1000,"Return_money":null,"Rate_of_Return":null},{"Date":1307404800000,"Trading_Strategy":"MA5&MA15^MA5&MA15","Transaction_Type":-1,"Stock_price":21.1498088837,"Transaction_amount":1000,"Return_money":-13.0,"Rate_of_Return":-0.013},{"Date":1309737600000,"Trading_Strategy":"MA5&MA15^MA5&MA15","Transaction_Type":1,"Stock_price":19.1814098358,"Transaction_amount":1000,"Return_money":null,"Rate_of_Return":null},{"Date":1309996800000,"Trading_Strategy":"MA5&MA15^MA5&MA15","Transaction_Type":-1,"Stock_price":18.8044834137,"Transaction_amount":1000,"Return_money":-19.0,"Rate_of_Return":-0.019},{"Date":1314057600000,"Trading_Strategy":"MA5&MA15^MA5&MA15","Transaction_Type":1,"Stock_price":15.7471828461,"Transaction_amount":1000,"Return_money":null,"Rate_of_Return":null},{"Date":1315180800000,"Trading_Strategy":"MA5&MA15^MA5&MA15","Transaction_Type":-1,"Stock_price":14.649772644,"Transaction_amount":1000,"Return_money":-69.0,"Rate_of_Return":-0.069},{"Date":1317340800000,"Trading_Strategy":"MA5&MA15^MA5&MA15","Transaction_Type":1,"Stock_price":14.3733615875,"Transaction_amount":1000,"Return_money":null,"Rate_of_Return":null},{"Date":1317772800000,"Trading_Strategy":"MA5&MA15^MA5&MA15","Transaction_Type":-1,"Stock_price":13.5901975632,"Transaction_amount":1000,"Return_money":-54.0,"Rate_of_Return":-0.054},{"Date":1318377600000,"Trading_Strategy":"MA5&MA15^MA5&MA15","Transaction_Type":1,"Stock_price":14.4194307327,"Transaction_amount":1000,"Return_money":null,"Rate_of_Return":null},{"Date":1318550400000,"Trading_Strategy":"MA10&MA30^STOCH","Transaction_Type":1,"Stock_price":15.3868694305,"Transaction_amount":12500,"Return_money":null,"Rate_of_Return":null},{"Date":1318550400000,"Trading_Strategy":"MA10&MA30^MA5&MA15","Transaction_Type":1,"Stock_price":15.3868694305,"Transaction_amount":18000,"Return_money":null,"Rate_of_Return":null},{"Date":1318809600000,"Trading_Strategy":"MA10&MA30^STOCH","Transaction_Type":-1,"Stock_price":15.7093477249,"Transaction_amount":12500,"Return_money":261.0,"Rate_of_Return":0.02088},{"Date":1320019200000,"Trading_Strategy":"MA5&MA15^MA5&MA15","Transaction_Type":-1,"Stock_price":15.2947320938,"Transaction_amount":1000,"Return_money":60.0,"Rate_of_Return":0.06},{"Date":1320019200000,"Trading_Strategy":"MA10&MA30^MA5&MA15","Transaction_Type":-1,"Stock_price":15.2947320938,"Transaction_amount":18000,"Return_money":-107.0,"Rate_of_Return":-0.0059444444},{"Date":1324857600000,"Trading_Strategy":"MA5&MA15^MA5&MA15","Transaction_Type":1,"Stock_price":13.4980611801,"Transaction_amount":1000,"Return_money":null,"Rate_of_Return":null},{"Date":1325203200000,"Trading_Strategy":"MA10&MA30^STOCH","Transaction_Type":1,"Stock_price":14.096950531,"Transaction_amount":12500,"Return_money":null,"Rate_of_Return":null},{"Date":1325203200000,"Trading_Strategy":"MA10&MA30^MA5&MA15","Transaction_Type":1,"Stock_price":14.096950531,"Transaction_amount":18000,"Return_money":null,"Rate_of_Return":null},{"Date":1327968000000,"Trading_Strategy":"MA5&MA15^MA5&MA15","Transaction_Type":-1,"Stock_price":15.2486629486,"Transaction_amount":1000,"Return_money":129.0,"Rate_of_Return":0.129},{"Date":1327968000000,"Trading_Strategy":"MA10&MA30^MA5&MA15","Transaction_Type":-1,"Stock_price":15.2486629486,"Transaction_amount":18000,"Return_money":1470.0,"Rate_of_Return":0.0816666667},{"Date":1328054400000,"Trading_Strategy":"MA5&MA15^MA5&MA15","Transaction_Type":1,"Stock_price":16.0318279266,"Transaction_amount":1000,"Return_money":null,"Rate_of_Return":null},{"Date":1328659200000,"Trading_Strategy":"MA10&MA30^STOCH","Transaction_Type":-1,"Stock_price":17.598154068,"Transaction_amount":12500,"Return_money":3104.0,"Rate_of_Return":0.24832},{"Date":1332201600000,"Trading_Strategy":"MA5&MA15^MA5&MA15","Transaction_Type":-1,"Stock_price":18.381319046,"Transaction_amount":1000,"Return_money":146.0,"Rate_of_Return":0.146},{"Date":1336089600000,"Trading_Strategy":"MA5&MA15^MA5&MA15","Transaction_Type":1,"Stock_price":17.0914020538,"Transaction_amount":1000,"Return_money":null,"Rate_of_Return":null},{"Date":1337040000000,"Trading_Strategy":"MA5&MA15^MA5&MA15","Transaction_Type":-1,"Stock_price":14.9261837006,"Transaction_amount":1000,"Return_money":-126.0,"Rate_of_Return":-0.126},{"Date":1339632000000,"Trading_Strategy":"MA5&MA15^MA5&MA15","Transaction_Type":1,"Stock_price":13.8205413818,"Transaction_amount":1000,"Return_money":null,"Rate_of_Return":null},{"Date":1340323200000,"Trading_Strategy":"MA10&MA30^MA5&MA15","Transaction_Type":1,"Stock_price":14.2812252045,"Transaction_amount":18000,"Return_money":null,"Rate_of_Return":null},{"Date":1340323200000,"Trading_Strategy":"MA10&MA30^STOCH","Transaction_Type":1,"Stock_price":14.2812252045,"Transaction_amount":12500,"Return_money":null,"Rate_of_Return":null},{"Date":1341532800000,"Trading_Strategy":"MA10&MA30^STOCH","Transaction_Type":-1,"Stock_price":15.110458374,"Transaction_amount":12500,"Return_money":725.0,"Rate_of_Return":0.058},{"Date":1343088000000,"Trading_Strategy":"MA5&MA15^MA5&MA15","Transaction_Type":-1,"Stock_price":14.649772644,"Transaction_amount":1000,"Return_money":59.0,"Rate_of_Return":0.059},{"Date":1343088000000,"Trading_Strategy":"MA10&MA30^MA5&MA15","Transaction_Type":-1,"Stock_price":14.649772644,"Transaction_amount":18000,"Return_money":464.0,"Rate_of_Return":0.0257777778},{"Date":1343779200000,"Trading_Strategy":"MA5&MA15^MA5&MA15","Transaction_Type":1,"Stock_price":15.6632785797,"Transaction_amount":1000,"Return_money":null,"Rate_of_Return":null},{"Date":1345507200000,"Trading_Strategy":"MA5&MA15^MA5&MA15","Transaction_Type":-1,"Stock_price":15.4790058136,"Transaction_amount":1000,"Return_money":-11.0,"Rate_of_Return":-0.011},{"Date":1347926400000,"Trading_Strategy":"MA5&MA15^MA5&MA15","Transaction_Type":1,"Stock_price":15.3408002853,"Transaction_amount":1000,"Return_money":null,"Rate_of_Return":null},{"Date":1348704000000,"Trading_Strategy":"MA10&MA30^STOCH","Transaction_Type":1,"Stock_price":14.3733615875,"Transaction_amount":12500,"Return_money":null,"Rate_of_Return":null},{"Date":1348704000000,"Trading_Strategy":"MA5&MA15^MA5&MA15","Transaction_Type":-1,"Stock_price":14.3733615875,"Transaction_amount":1000,"Return_money":-63.0,"Rate_of_Return":-0.063},{"Date":1348704000000,"Trading_Strategy":"MA10&MA30^MA5&MA15","Transaction_Type":1,"Stock_price":14.3733615875,"Transaction_amount":18000,"Return_money":null,"Rate_of_Return":null},{"Date":1350518400000,"Trading_Strategy":"MA5&MA15^MA5&MA15","Transaction_Type":1,"Stock_price":14.6037054062,"Transaction_amount":1000,"Return_money":null,"Rate_of_Return":null},{"Date":1350604800000,"Trading_Strategy":"MA10&MA30^STOCH","Transaction_Type":-1,"Stock_price":14.649772644,"Transaction_amount":12500,"Return_money":240.0,"Rate_of_Return":0.0192},{"Date":1351209600000,"Trading_Strategy":"MA10&MA30^MA5&MA15","Transaction_Type":-1,"Stock_price":13.7744722366,"Transaction_amount":18000,"Return_money":-749.0,"Rate_of_Return":-0.0416111111},{"Date":1351209600000,"Trading_Strategy":"MA5&MA15^MA5&MA15","Transaction_Type":-1,"Stock_price":13.7744722366,"Transaction_amount":1000,"Return_money":-56.0,"Rate_of_Return":-0.056},{"Date":1352073600000,"Trading_Strategy":"MA5&MA15^MA5&MA15","Transaction_Type":1,"Stock_price":15.2025947571,"Transaction_amount":1000,"Return_money":null,"Rate_of_Return":null},{"Date":1352246400000,"Trading_Strategy":"MA10&MA30^MA5&MA15","Transaction_Type":1,"Stock_price":15.0183210373,"Transaction_amount":18000,"Return_money":null,"Rate_of_Return":null},{"Date":1352246400000,"Trading_Strategy":"MA10&MA30^STOCH","Transaction_Type":1,"Stock_price":15.0183210373,"Transaction_amount":12500,"Return_money":null,"Rate_of_Return":null},{"Date":1352332800000,"Trading_Strategy":"MA10&MA30^STOCH","Transaction_Type":-1,"Stock_price":15.0183210373,"Transaction_amount":12500,"Return_money":0.0,"Rate_of_Return":0.0},{"Date":1352937600000,"Trading_Strategy":"MA5&MA15^MA5&MA15","Transaction_Type":-1,"Stock_price":14.2812252045,"Transaction_amount":1000,"Return_money":-60.0,"Rate_of_Return":-0.06},{"Date":1352937600000,"Trading_Strategy":"MA10&MA30^MA5&MA15","Transaction_Type":-1,"Stock_price":14.2812252045,"Transaction_amount":18000,"Return_money":-883.0,"Rate_of_Return":-0.0490555556},{"Date":1353974400000,"Trading_Strategy":"MA10&MA30^STOCH","Transaction_Type":1,"Stock_price":15.2947320938,"Transaction_amount":12500,"Return_money":null,"Rate_of_Return":null},{"Date":1353974400000,"Trading_Strategy":"MA10&MA30^MA5&MA15","Transaction_Type":1,"Stock_price":15.2947320938,"Transaction_amount":18000,"Return_money":null,"Rate_of_Return":null},{"Date":1353974400000,"Trading_Strategy":"MA5&MA15^MA5&MA15","Transaction_Type":1,"Stock_price":15.2947320938,"Transaction_amount":1000,"Return_money":null,"Rate_of_Return":null},{"Date":1354147200000,"Trading_Strategy":"MA10&MA30^STOCH","Transaction_Type":-1,"Stock_price":15.4329366684,"Transaction_amount":12500,"Return_money":112.0,"Rate_of_Return":0.00896},{"Date":1356048000000,"Trading_Strategy":"MA10&MA30^MA5&MA15","Transaction_Type":-1,"Stock_price":15.5711431503,"Transaction_amount":18000,"Return_money":325.0,"Rate_of_Return":0.0180555556},{"Date":1356048000000,"Trading_Strategy":"MA5&MA15^MA5&MA15","Transaction_Type":-1,"Stock_price":15.5711431503,"Transaction_amount":1000,"Return_money":18.0,"Rate_of_Return":0.018}]