[{"Date":1285545600000,"Trading_Strategy":"CCI^STOCH","Transaction_Type":1,"Stock_price":18.2181510925,"Transaction_amount":18000,"Return_money":null,"Rate_of_Return":null},{"Date":1287619200000,"Trading_Strategy":"MA5&MA15^MA10&MA30","Transaction_Type":1,"Stock_price":19.516456604,"Transaction_amount":1000,"Return_money":null,"Rate_of_Return":null},{"Date":1288224000000,"Trading_Strategy":"CCI^STOCH","Transaction_Type":-1,"Stock_price":21.7361392975,"Transaction_amount":18000,"Return_money":3475.0,"Rate_of_Return":0.1930555556},{"Date":1290124800000,"Trading_Strategy":"CCI^STOCH","Transaction_Type":1,"Stock_price":20.8147602081,"Transaction_amount":18000,"Return_money":null,"Rate_of_Return":null},{"Date":1290643200000,"Trading_Strategy":"CCI^STOCH","Transaction_Type":-1,"Stock_price":22.0293045044,"Transaction_amount":18000,"Return_money":1050.0,"Rate_of_Return":0.0583333333},{"Date":1291334400000,"Trading_Strategy":"MA15&MA30^STOCH","Transaction_Type":1,"Stock_price":21.3592128754,"Transaction_amount":12500,"Return_money":null,"Rate_of_Return":null},{"Date":1291939200000,"Trading_Strategy":"CCI^STOCH","Transaction_Type":1,"Stock_price":21.861782074,"Transaction_amount":18000,"Return_money":null,"Rate_of_Return":null},{"Date":1294963200000,"Trading_Strategy":"MA15&MA30^STOCH","Transaction_Type":-1,"Stock_price":25.0447235107,"Transaction_amount":12500,"Return_money":2156.0,"Rate_of_Return":0.17248},{"Date":1294963200000,"Trading_Strategy":"CCI^STOCH","Transaction_Type":-1,"Stock_price":25.0447235107,"Transaction_amount":18000,"Return_money":2620.0,"Rate_of_Return":0.1455555556},{"Date":1296000000000,"Trading_Strategy":"CCI^STOCH","Transaction_Type":1,"Stock_price":25.128484726,"Transaction_amount":18000,"Return_money":null,"Rate_of_Return":null},{"Date":1297123200000,"Trading_Strategy":"CCI^STOCH","Transaction_Type":-1,"Stock_price":25.0447235107,"Transaction_amount":18000,"Return_money":-59.0,"Rate_of_Return":-0.0032777778},{"Date":1297296000000,"Trading_Strategy":"MA5&MA15^MA10&MA30","Transaction_Type":-1,"Stock_price":24.835319519,"Transaction_amount":1000,"Return_money":272.0,"Rate_of_Return":0.272},{"Date":1300838400000,"Trading_Strategy":"CCI^STOCH","Transaction_Type":1,"Stock_price":20.5634765625,"Transaction_amount":18000,"Return_money":null,"Rate_of_Return":null},{"Date":1300924800000,"Trading_Strategy":"CCI^STOCH","Transaction_Type":-1,"Stock_price":20.8566417694,"Transaction_amount":18000,"Return_money":256.0,"Rate_of_Return":0.0142222222},{"Date":1301011200000,"Trading_Strategy":"MA5&MA15^MA10&MA30","Transaction_Type":1,"Stock_price":20.689119339,"Transaction_amount":1000,"Return_money":null,"Rate_of_Return":null},{"Date":1302739200000,"Trading_Strategy":"MA15&MA30^STOCH","Transaction_Type":1,"Stock_price":21.6942577362,"Transaction_amount":12500,"Return_money":null,"Rate_of_Return":null},{"Date":1303862400000,"Trading_Strategy":"MA15&MA30^STOCH","Transaction_Type":-1,"Stock_price":22.9088020325,"Transaction_amount":12500,"Return_money":699.0,"Rate_of_Return":0.05592},{"Date":1306195200000,"Trading_Strategy":"MA5&MA15^MA10&MA30","Transaction_Type":-1,"Stock_price":21.5686168671,"Transaction_amount":1000,"Return_money":42.0,"Rate_of_Return":0.042},{"Date":1306800000000,"Trading_Strategy":"CCI^STOCH","Transaction_Type":1,"Stock_price":22.4062328339,"Transaction_amount":18000,"Return_money":null,"Rate_of_Return":null},{"Date":1306972800000,"Trading_Strategy":"MA5&MA15^MA10&MA30","Transaction_Type":1,"Stock_price":21.4429721832,"Transaction_amount":1000,"Return_money":null,"Rate_of_Return":null},{"Date":1306972800000,"Trading_Strategy":"CCI^STOCH","Transaction_Type":-1,"Stock_price":21.4429721832,"Transaction_amount":18000,"Return_money":-773.0,"Rate_of_Return":-0.0429444444},{"Date":1309478400000,"Trading_Strategy":"CCI^STOCH","Transaction_Type":1,"Stock_price":19.4326953888,"Transaction_amount":18000,"Return_money":null,"Rate_of_Return":null},{"Date":1313625600000,"Trading_Strategy":"CCI^STOCH","Transaction_Type":-1,"Stock_price":15.2027330399,"Transaction_amount":18000,"Return_money":-3918.0,"Rate_of_Return":-0.2176666667},{"Date":1314057600000,"Trading_Strategy":"CCI^STOCH","Transaction_Type":1,"Stock_price":15.7471828461,"Transaction_amount":18000,"Return_money":null,"Rate_of_Return":null},{"Date":1318809600000,"Trading_Strategy":"CCI^STOCH","Transaction_Type":-1,"Stock_price":15.7093477249,"Transaction_amount":18000,"Return_money":-43.0,"Rate_of_Return":-0.0023888889},{"Date":1318809600000,"Trading_Strategy":"MA15&MA30^STOCH","Transaction_Type":1,"Stock_price":15.7093477249,"Transaction_amount":12500,"Return_money":null,"Rate_of_Return":null},{"Date":1319068800000,"Trading_Strategy":"MA15&MA30^STOCH","Transaction_Type":-1,"Stock_price":15.4790058136,"Transaction_amount":12500,"Return_money":-183.0,"Rate_of_Return":-0.01464},{"Date":1319673600000,"Trading_Strategy":"CCI^STOCH","Transaction_Type":1,"Stock_price":15.4790058136,"Transaction_amount":18000,"Return_money":null,"Rate_of_Return":null},{"Date":1321228800000,"Trading_Strategy":"MA5&MA15^MA10&MA30","Transaction_Type":-1,"Stock_price":14.4654989243,"Transaction_amount":1000,"Return_money":-325.0,"Rate_of_Return":-0.325},{"Date":1324857600000,"Trading_Strategy":"MA5&MA15^MA10&MA30","Transaction_Type":1,"Stock_price":13.4980611801,"Transaction_amount":1000,"Return_money":null,"Rate_of_Return":null},{"Date":1325030400000,"Trading_Strategy":"CCI^STOCH","Transaction_Type":-1,"Stock_price":14.3272943497,"Transaction_amount":18000,"Return_money":-1339.0,"Rate_of_Return":-0.0743888889},{"Date":1325462400000,"Trading_Strategy":"MA15&MA30^STOCH","Transaction_Type":1,"Stock_price":13.9587459564,"Transaction_amount":12500,"Return_money":null,"Rate_of_Return":null},{"Date":1327881600000,"Trading_Strategy":"CCI^STOCH","Transaction_Type":1,"Stock_price":14.9722518921,"Transaction_amount":18000,"Return_money":null,"Rate_of_Return":null},{"Date":1328659200000,"Trading_Strategy":"CCI^STOCH","Transaction_Type":-1,"Stock_price":17.598154068,"Transaction_amount":18000,"Return_money":3156.0,"Rate_of_Return":0.1753333333},{"Date":1328659200000,"Trading_Strategy":"MA15&MA30^STOCH","Transaction_Type":-1,"Stock_price":17.598154068,"Transaction_amount":12500,"Return_money":3259.0,"Rate_of_Return":0.26072},{"Date":1331164800000,"Trading_Strategy":"CCI^STOCH","Transaction_Type":1,"Stock_price":19.2105522156,"Transaction_amount":18000,"Return_money":null,"Rate_of_Return":null},{"Date":1333324800000,"Trading_Strategy":"MA5&MA15^MA10&MA30","Transaction_Type":-1,"Stock_price":18.058839798,"Transaction_amount":1000,"Return_money":337.0,"Rate_of_Return":0.337},{"Date":1336089600000,"Trading_Strategy":"MA5&MA15^MA10&MA30","Transaction_Type":1,"Stock_price":17.0914020538,"Transaction_amount":1000,"Return_money":null,"Rate_of_Return":null},{"Date":1339977600000,"Trading_Strategy":"CCI^STOCH","Transaction_Type":-1,"Stock_price":14.3733615875,"Transaction_amount":18000,"Return_money":-4532.0,"Rate_of_Return":-0.2517777778},{"Date":1340755200000,"Trading_Strategy":"MA15&MA30^STOCH","Transaction_Type":1,"Stock_price":14.3733615875,"Transaction_amount":12500,"Return_money":null,"Rate_of_Return":null},{"Date":1341532800000,"Trading_Strategy":"MA15&MA30^STOCH","Transaction_Type":-1,"Stock_price":15.110458374,"Transaction_amount":12500,"Return_money":641.0,"Rate_of_Return":0.05128},{"Date":1343692800000,"Trading_Strategy":"CCI^STOCH","Transaction_Type":1,"Stock_price":15.2025947571,"Transaction_amount":18000,"Return_money":null,"Rate_of_Return":null},{"Date":1343952000000,"Trading_Strategy":"CCI^STOCH","Transaction_Type":-1,"Stock_price":15.4329366684,"Transaction_amount":18000,"Return_money":272.0,"Rate_of_Return":0.0151111111},{"Date":1346198400000,"Trading_Strategy":"MA5&MA15^MA10&MA30","Transaction_Type":-1,"Stock_price":15.110458374,"Transaction_amount":1000,"Return_money":-115.0,"Rate_of_Return":-0.115},{"Date":1347235200000,"Trading_Strategy":"CCI^STOCH","Transaction_Type":1,"Stock_price":15.2025947571,"Transaction_amount":18000,"Return_money":null,"Rate_of_Return":null},{"Date":1347926400000,"Trading_Strategy":"MA5&MA15^MA10&MA30","Transaction_Type":1,"Stock_price":15.3408002853,"Transaction_amount":1000,"Return_money":null,"Rate_of_Return":null},{"Date":1349049600000,"Trading_Strategy":"MA5&MA15^MA10&MA30","Transaction_Type":-1,"Stock_price":14.4194307327,"Transaction_amount":1000,"Return_money":-60.0,"Rate_of_Return":-0.06},{"Date":1350518400000,"Trading_Strategy":"MA5&MA15^MA10&MA30","Transaction_Type":1,"Stock_price":14.6037054062,"Transaction_amount":1000,"Return_money":null,"Rate_of_Return":null},{"Date":1350604800000,"Trading_Strategy":"CCI^STOCH","Transaction_Type":-1,"Stock_price":14.649772644,"Transaction_amount":18000,"Return_money":-654.0,"Rate_of_Return":-0.0363333333},{"Date":1351728000000,"Trading_Strategy":"CCI^STOCH","Transaction_Type":1,"Stock_price":14.649772644,"Transaction_amount":18000,"Return_money":null,"Rate_of_Return":null},{"Date":1352160000000,"Trading_Strategy":"MA15&MA30^STOCH","Transaction_Type":1,"Stock_price":15.0183210373,"Transaction_amount":12500,"Return_money":null,"Rate_of_Return":null},{"Date":1352332800000,"Trading_Strategy":"CCI^STOCH","Transaction_Type":-1,"Stock_price":15.0183210373,"Transaction_amount":18000,"Return_money":452.0,"Rate_of_Return":0.0251111111},{"Date":1352332800000,"Trading_Strategy":"MA15&MA30^STOCH","Transaction_Type":-1,"Stock_price":15.0183210373,"Transaction_amount":12500,"Return_money":0.0,"Rate_of_Return":0.0},{"Date":1353542400000,"Trading_Strategy":"MA5&MA15^MA10&MA30","Transaction_Type":-1,"Stock_price":14.2812252045,"Transaction_amount":1000,"Return_money":-22.0,"Rate_of_Return":-0.022},{"Date":1353628800000,"Trading_Strategy":"CCI^STOCH","Transaction_Type":1,"Stock_price":14.7419099808,"Transaction_amount":18000,"Return_money":null,"Rate_of_Return":null},{"Date":1354147200000,"Trading_Strategy":"CCI^STOCH","Transaction_Type":-1,"Stock_price":15.4329366684,"Transaction_amount":18000,"Return_money":843.0,"Rate_of_Return":0.0468333333}]