[{"Date":1284681600000,"Trading_Strategy":"MA5&MA10^STOCH","Transaction_Type":1,"Stock_price":18.9720058441,"Transaction_amount":18000,"Return_money":null,"Rate_of_Return":null},{"Date":1284940800000,"Trading_Strategy":"MA5&MA10^STOCH","Transaction_Type":-1,"Stock_price":18.8463630676,"Transaction_amount":18000,"Return_money":-119.0,"Rate_of_Return":-0.0066111111},{"Date":1285286400000,"Trading_Strategy":"MA10&MA15^MA5&MA30","Transaction_Type":1,"Stock_price":18.0506286621,"Transaction_amount":1000,"Return_money":null,"Rate_of_Return":null},{"Date":1286150400000,"Trading_Strategy":"MA5&MA10^STOCH","Transaction_Type":1,"Stock_price":18.5531978607,"Transaction_amount":18000,"Return_money":null,"Rate_of_Return":null},{"Date":1288224000000,"Trading_Strategy":"MA5&MA10^STOCH","Transaction_Type":-1,"Stock_price":21.7361392975,"Transaction_amount":18000,"Return_money":3088.0,"Rate_of_Return":0.1715555556},{"Date":1289865600000,"Trading_Strategy":"MA10&MA15^MA5&MA30","Transaction_Type":-1,"Stock_price":19.4745750427,"Transaction_amount":1000,"Return_money":78.0,"Rate_of_Return":0.078},{"Date":1290384000000,"Trading_Strategy":"MA5&MA10^STOCH","Transaction_Type":1,"Stock_price":21.9036617279,"Transaction_amount":18000,"Return_money":null,"Rate_of_Return":null},{"Date":1290643200000,"Trading_Strategy":"MA5&MA10^STOCH","Transaction_Type":-1,"Stock_price":22.0293045044,"Transaction_amount":18000,"Return_money":103.0,"Rate_of_Return":0.0057222222},{"Date":1290643200000,"Trading_Strategy":"MA10&MA15^MA5&MA30","Transaction_Type":1,"Stock_price":22.0293045044,"Transaction_amount":1000,"Return_money":null,"Rate_of_Return":null},{"Date":1291766400000,"Trading_Strategy":"MA5&MA10^STOCH","Transaction_Type":1,"Stock_price":21.3592128754,"Transaction_amount":18000,"Return_money":null,"Rate_of_Return":null},{"Date":1294963200000,"Trading_Strategy":"MA5&MA10^STOCH","Transaction_Type":-1,"Stock_price":25.0447235107,"Transaction_amount":18000,"Return_money":3105.0,"Rate_of_Return":0.1725},{"Date":1296086400000,"Trading_Strategy":"MA5&MA10^STOCH","Transaction_Type":1,"Stock_price":25.5472927094,"Transaction_amount":18000,"Return_money":null,"Rate_of_Return":null},{"Date":1297123200000,"Trading_Strategy":"MA5&MA10^STOCH","Transaction_Type":-1,"Stock_price":25.0447235107,"Transaction_amount":18000,"Return_money":-354.0,"Rate_of_Return":-0.0196666667},{"Date":1297382400000,"Trading_Strategy":"MA10&MA15^MA5&MA30","Transaction_Type":-1,"Stock_price":23.5370140076,"Transaction_amount":1000,"Return_money":68.0,"Rate_of_Return":0.068},{"Date":1299196800000,"Trading_Strategy":"MA5&MA10^STOCH","Transaction_Type":1,"Stock_price":22.4481124878,"Transaction_amount":18000,"Return_money":null,"Rate_of_Return":null},{"Date":1300924800000,"Trading_Strategy":"MA5&MA10^STOCH","Transaction_Type":-1,"Stock_price":20.8566417694,"Transaction_amount":18000,"Return_money":-1276.0,"Rate_of_Return":-0.0708888889},{"Date":1301443200000,"Trading_Strategy":"MA10&MA15^MA5&MA30","Transaction_Type":1,"Stock_price":20.7728805542,"Transaction_amount":1000,"Return_money":null,"Rate_of_Return":null},{"Date":1302134400000,"Trading_Strategy":"MA5&MA10^STOCH","Transaction_Type":1,"Stock_price":21.6523761749,"Transaction_amount":18000,"Return_money":null,"Rate_of_Return":null},{"Date":1302652800000,"Trading_Strategy":"MA10&MA30^STOCH","Transaction_Type":1,"Stock_price":21.4848537445,"Transaction_amount":12500,"Return_money":null,"Rate_of_Return":null},{"Date":1303862400000,"Trading_Strategy":"MA10&MA30^STOCH","Transaction_Type":-1,"Stock_price":22.9088020325,"Transaction_amount":12500,"Return_money":828.0,"Rate_of_Return":0.06624},{"Date":1303862400000,"Trading_Strategy":"MA5&MA10^STOCH","Transaction_Type":-1,"Stock_price":22.9088020325,"Transaction_amount":18000,"Return_money":1044.0,"Rate_of_Return":0.058},{"Date":1304899200000,"Trading_Strategy":"MA5&MA10^STOCH","Transaction_Type":1,"Stock_price":23.6626567841,"Transaction_amount":18000,"Return_money":null,"Rate_of_Return":null},{"Date":1305849600000,"Trading_Strategy":"MA10&MA15^MA5&MA30","Transaction_Type":-1,"Stock_price":21.3592128754,"Transaction_amount":1000,"Return_money":28.0,"Rate_of_Return":0.028},{"Date":1306972800000,"Trading_Strategy":"MA5&MA10^STOCH","Transaction_Type":-1,"Stock_price":21.4429721832,"Transaction_amount":18000,"Return_money":-1688.0,"Rate_of_Return":-0.0937777778},{"Date":1307577600000,"Trading_Strategy":"MA10&MA15^MA5&MA30","Transaction_Type":1,"Stock_price":21.0241641998,"Transaction_amount":1000,"Return_money":null,"Rate_of_Return":null},{"Date":1309392000000,"Trading_Strategy":"MA5&MA10^STOCH","Transaction_Type":1,"Stock_price":19.3489322662,"Transaction_amount":18000,"Return_money":null,"Rate_of_Return":null},{"Date":1313625600000,"Trading_Strategy":"MA5&MA10^STOCH","Transaction_Type":-1,"Stock_price":15.2027330399,"Transaction_amount":18000,"Return_money":-3857.0,"Rate_of_Return":-0.2142777778},{"Date":1317340800000,"Trading_Strategy":"MA5&MA10^STOCH","Transaction_Type":1,"Stock_price":14.3733615875,"Transaction_amount":18000,"Return_money":null,"Rate_of_Return":null},{"Date":1318550400000,"Trading_Strategy":"MA10&MA30^STOCH","Transaction_Type":1,"Stock_price":15.3868694305,"Transaction_amount":12500,"Return_money":null,"Rate_of_Return":null},{"Date":1318809600000,"Trading_Strategy":"MA5&MA10^STOCH","Transaction_Type":-1,"Stock_price":15.7093477249,"Transaction_amount":18000,"Return_money":1673.0,"Rate_of_Return":0.0929444444},{"Date":1318809600000,"Trading_Strategy":"MA10&MA30^STOCH","Transaction_Type":-1,"Stock_price":15.7093477249,"Transaction_amount":12500,"Return_money":261.0,"Rate_of_Return":0.02088},{"Date":1320192000000,"Trading_Strategy":"MA5&MA10^STOCH","Transaction_Type":1,"Stock_price":15.2486629486,"Transaction_amount":18000,"Return_money":null,"Rate_of_Return":null},{"Date":1320883200000,"Trading_Strategy":"MA10&MA15^MA5&MA30","Transaction_Type":-1,"Stock_price":14.0048151016,"Transaction_amount":1000,"Return_money":-333.0,"Rate_of_Return":-0.333},{"Date":1323302400000,"Trading_Strategy":"MA10&MA15^MA5&MA30","Transaction_Type":1,"Stock_price":13.7284040451,"Transaction_amount":1000,"Return_money":null,"Rate_of_Return":null},{"Date":1325030400000,"Trading_Strategy":"MA5&MA10^STOCH","Transaction_Type":-1,"Stock_price":14.3272943497,"Transaction_amount":18000,"Return_money":-1087.0,"Rate_of_Return":-0.0603888889},{"Date":1325203200000,"Trading_Strategy":"MA10&MA30^STOCH","Transaction_Type":1,"Stock_price":14.096950531,"Transaction_amount":12500,"Return_money":null,"Rate_of_Return":null},{"Date":1328140800000,"Trading_Strategy":"MA5&MA10^STOCH","Transaction_Type":1,"Stock_price":16.5846481323,"Transaction_amount":18000,"Return_money":null,"Rate_of_Return":null},{"Date":1328659200000,"Trading_Strategy":"MA10&MA30^STOCH","Transaction_Type":-1,"Stock_price":17.598154068,"Transaction_amount":12500,"Return_money":3104.0,"Rate_of_Return":0.24832},{"Date":1328659200000,"Trading_Strategy":"MA5&MA10^STOCH","Transaction_Type":-1,"Stock_price":17.598154068,"Transaction_amount":18000,"Return_money":1099.0,"Rate_of_Return":0.0610555556},{"Date":1329868800000,"Trading_Strategy":"MA5&MA10^STOCH","Transaction_Type":1,"Stock_price":18.058839798,"Transaction_amount":18000,"Return_money":null,"Rate_of_Return":null},{"Date":1330041600000,"Trading_Strategy":"MA5&MA10^STOCH","Transaction_Type":-1,"Stock_price":17.9667034149,"Transaction_amount":18000,"Return_money":-91.0,"Rate_of_Return":-0.0050555556},{"Date":1331683200000,"Trading_Strategy":"MA5&MA10^STOCH","Transaction_Type":1,"Stock_price":19.2566204071,"Transaction_amount":18000,"Return_money":null,"Rate_of_Return":null},{"Date":1332979200000,"Trading_Strategy":"MA10&MA15^MA5&MA30","Transaction_Type":-1,"Stock_price":18.3352508545,"Transaction_amount":1000,"Return_money":335.0,"Rate_of_Return":0.335},{"Date":1336348800000,"Trading_Strategy":"MA10&MA15^MA5&MA30","Transaction_Type":1,"Stock_price":16.6767864227,"Transaction_amount":1000,"Return_money":null,"Rate_of_Return":null},{"Date":1339977600000,"Trading_Strategy":"MA5&MA10^STOCH","Transaction_Type":-1,"Stock_price":14.3733615875,"Transaction_amount":18000,"Return_money":-4564.0,"Rate_of_Return":-0.2535555556},{"Date":1340323200000,"Trading_Strategy":"MA10&MA30^STOCH","Transaction_Type":1,"Stock_price":14.2812252045,"Transaction_amount":12500,"Return_money":null,"Rate_of_Return":null},{"Date":1341187200000,"Trading_Strategy":"MA5&MA10^STOCH","Transaction_Type":1,"Stock_price":14.8801145554,"Transaction_amount":18000,"Return_money":null,"Rate_of_Return":null},{"Date":1341532800000,"Trading_Strategy":"MA10&MA30^STOCH","Transaction_Type":-1,"Stock_price":15.110458374,"Transaction_amount":12500,"Return_money":725.0,"Rate_of_Return":0.058},{"Date":1341532800000,"Trading_Strategy":"MA5&MA10^STOCH","Transaction_Type":-1,"Stock_price":15.110458374,"Transaction_amount":18000,"Return_money":278.0,"Rate_of_Return":0.0154444444},{"Date":1342656000000,"Trading_Strategy":"MA5&MA10^STOCH","Transaction_Type":1,"Stock_price":15.110458374,"Transaction_amount":18000,"Return_money":null,"Rate_of_Return":null},{"Date":1343347200000,"Trading_Strategy":"MA10&MA15^MA5&MA30","Transaction_Type":-1,"Stock_price":14.7419099808,"Transaction_amount":1000,"Return_money":-116.0,"Rate_of_Return":-0.116},{"Date":1343952000000,"Trading_Strategy":"MA5&MA10^STOCH","Transaction_Type":-1,"Stock_price":15.4329366684,"Transaction_amount":18000,"Return_money":384.0,"Rate_of_Return":0.0213333333},{"Date":1344211200000,"Trading_Strategy":"MA10&MA15^MA5&MA30","Transaction_Type":1,"Stock_price":15.9396896362,"Transaction_amount":1000,"Return_money":null,"Rate_of_Return":null},{"Date":1345766400000,"Trading_Strategy":"MA10&MA15^MA5&MA30","Transaction_Type":-1,"Stock_price":15.4790058136,"Transaction_amount":1000,"Return_money":-28.0,"Rate_of_Return":-0.028},{"Date":1347494400000,"Trading_Strategy":"MA5&MA10^STOCH","Transaction_Type":1,"Stock_price":14.6037054062,"Transaction_amount":18000,"Return_money":null,"Rate_of_Return":null},{"Date":1348012800000,"Trading_Strategy":"MA10&MA15^MA5&MA30","Transaction_Type":1,"Stock_price":15.7093477249,"Transaction_amount":1000,"Return_money":null,"Rate_of_Return":null},{"Date":1348617600000,"Trading_Strategy":"MA10&MA15^MA5&MA30","Transaction_Type":-1,"Stock_price":14.4654989243,"Transaction_amount":1000,"Return_money":-79.0,"Rate_of_Return":-0.079},{"Date":1348704000000,"Trading_Strategy":"MA10&MA30^STOCH","Transaction_Type":1,"Stock_price":14.3733615875,"Transaction_amount":12500,"Return_money":null,"Rate_of_Return":null},{"Date":1350604800000,"Trading_Strategy":"MA10&MA30^STOCH","Transaction_Type":-1,"Stock_price":14.649772644,"Transaction_amount":12500,"Return_money":240.0,"Rate_of_Return":0.0192},{"Date":1350604800000,"Trading_Strategy":"MA5&MA10^STOCH","Transaction_Type":-1,"Stock_price":14.649772644,"Transaction_amount":18000,"Return_money":56.0,"Rate_of_Return":0.0031111111},{"Date":1350864000000,"Trading_Strategy":"MA10&MA15^MA5&MA30","Transaction_Type":1,"Stock_price":14.557636261,"Transaction_amount":1000,"Return_money":null,"Rate_of_Return":null},{"Date":1351814400000,"Trading_Strategy":"MA5&MA10^STOCH","Transaction_Type":1,"Stock_price":14.8340473175,"Transaction_amount":18000,"Return_money":null,"Rate_of_Return":null},{"Date":1352246400000,"Trading_Strategy":"MA10&MA30^STOCH","Transaction_Type":1,"Stock_price":15.0183210373,"Transaction_amount":12500,"Return_money":null,"Rate_of_Return":null},{"Date":1352332800000,"Trading_Strategy":"MA10&MA30^STOCH","Transaction_Type":-1,"Stock_price":15.0183210373,"Transaction_amount":12500,"Return_money":0.0,"Rate_of_Return":0.0},{"Date":1352332800000,"Trading_Strategy":"MA5&MA10^STOCH","Transaction_Type":-1,"Stock_price":15.0183210373,"Transaction_amount":18000,"Return_money":223.0,"Rate_of_Return":0.0123888889},{"Date":1353024000000,"Trading_Strategy":"MA10&MA15^MA5&MA30","Transaction_Type":-1,"Stock_price":14.4654989243,"Transaction_amount":1000,"Return_money":-6.0,"Rate_of_Return":-0.006},{"Date":1353628800000,"Trading_Strategy":"MA5&MA10^STOCH","Transaction_Type":1,"Stock_price":14.7419099808,"Transaction_amount":18000,"Return_money":null,"Rate_of_Return":null},{"Date":1353974400000,"Trading_Strategy":"MA10&MA30^STOCH","Transaction_Type":1,"Stock_price":15.2947320938,"Transaction_amount":12500,"Return_money":null,"Rate_of_Return":null},{"Date":1354147200000,"Trading_Strategy":"MA5&MA10^STOCH","Transaction_Type":-1,"Stock_price":15.4329366684,"Transaction_amount":18000,"Return_money":843.0,"Rate_of_Return":0.0468333333},{"Date":1354147200000,"Trading_Strategy":"MA10&MA30^STOCH","Transaction_Type":-1,"Stock_price":15.4329366684,"Transaction_amount":12500,"Return_money":112.0,"Rate_of_Return":0.00896}]