[{"Date":1284681600000,"Trading_Strategy":"MA5&MA10^MA5&MA15","Transaction_Type":1,"Stock_price":18.9720058441,"Transaction_amount":18000,"Return_money":null,"Rate_of_Return":null},{"Date":1287360000000,"Trading_Strategy":"MA5&MA10^MA5&MA15","Transaction_Type":-1,"Stock_price":18.6788406372,"Transaction_amount":18000,"Return_money":-278.0,"Rate_of_Return":-0.0154444444},{"Date":1287619200000,"Trading_Strategy":"MA5&MA15^STOCH","Transaction_Type":1,"Stock_price":19.516456604,"Transaction_amount":1000,"Return_money":null,"Rate_of_Return":null},{"Date":1287619200000,"Trading_Strategy":"MA5&MA10^MA5&MA15","Transaction_Type":1,"Stock_price":19.516456604,"Transaction_amount":18000,"Return_money":null,"Rate_of_Return":null},{"Date":1288224000000,"Trading_Strategy":"MA5&MA15^STOCH","Transaction_Type":-1,"Stock_price":21.7361392975,"Transaction_amount":1000,"Return_money":113.0,"Rate_of_Return":0.113},{"Date":1289433600000,"Trading_Strategy":"MA5&MA10^MA5&MA15","Transaction_Type":-1,"Stock_price":20.2703113556,"Transaction_amount":18000,"Return_money":695.0,"Rate_of_Return":0.0386111111},{"Date":1290384000000,"Trading_Strategy":"MA5&MA10^MA5&MA15","Transaction_Type":1,"Stock_price":21.9036617279,"Transaction_amount":18000,"Return_money":null,"Rate_of_Return":null},{"Date":1290470400000,"Trading_Strategy":"MA5&MA15^STOCH","Transaction_Type":1,"Stock_price":22.2805900574,"Transaction_amount":1000,"Return_money":null,"Rate_of_Return":null},{"Date":1290643200000,"Trading_Strategy":"MA5&MA15^STOCH","Transaction_Type":-1,"Stock_price":22.0293045044,"Transaction_amount":1000,"Return_money":-11.0,"Rate_of_Return":-0.011},{"Date":1291852800000,"Trading_Strategy":"MA5&MA10^MA5&MA15","Transaction_Type":-1,"Stock_price":21.6523761749,"Transaction_amount":18000,"Return_money":-206.0,"Rate_of_Return":-0.0114444444},{"Date":1292198400000,"Trading_Strategy":"MA5&MA15^STOCH","Transaction_Type":1,"Stock_price":22.1130657196,"Transaction_amount":1000,"Return_money":null,"Rate_of_Return":null},{"Date":1294876800000,"Trading_Strategy":"MA5&MA10^MA5&MA15","Transaction_Type":1,"Stock_price":26.1336231232,"Transaction_amount":18000,"Return_money":null,"Rate_of_Return":null},{"Date":1294963200000,"Trading_Strategy":"MA5&MA15^STOCH","Transaction_Type":-1,"Stock_price":25.0447235107,"Transaction_amount":1000,"Return_money":132.0,"Rate_of_Return":0.132},{"Date":1295308800000,"Trading_Strategy":"MA5&MA10^MA5&MA15","Transaction_Type":-1,"Stock_price":24.7515563965,"Transaction_amount":18000,"Return_money":-951.0,"Rate_of_Return":-0.0528333333},{"Date":1296086400000,"Trading_Strategy":"MA5&MA10^MA5&MA15","Transaction_Type":1,"Stock_price":25.5472927094,"Transaction_amount":18000,"Return_money":null,"Rate_of_Return":null},{"Date":1296172800000,"Trading_Strategy":"MA5&MA15^STOCH","Transaction_Type":1,"Stock_price":25.5472927094,"Transaction_amount":1000,"Return_money":null,"Rate_of_Return":null},{"Date":1297123200000,"Trading_Strategy":"MA5&MA15^STOCH","Transaction_Type":-1,"Stock_price":25.0447235107,"Transaction_amount":1000,"Return_money":-19.0,"Rate_of_Return":-0.019},{"Date":1297641600000,"Trading_Strategy":"MA5&MA10^MA5&MA15","Transaction_Type":-1,"Stock_price":24.7934379578,"Transaction_amount":18000,"Return_money":-531.0,"Rate_of_Return":-0.0295},{"Date":1299196800000,"Trading_Strategy":"MA5&MA10^MA5&MA15","Transaction_Type":1,"Stock_price":22.4481124878,"Transaction_amount":18000,"Return_money":null,"Rate_of_Return":null},{"Date":1301011200000,"Trading_Strategy":"MA5&MA15^STOCH","Transaction_Type":1,"Stock_price":20.689119339,"Transaction_amount":1000,"Return_money":null,"Rate_of_Return":null},{"Date":1302652800000,"Trading_Strategy":"MA10&MA30^STOCH","Transaction_Type":1,"Stock_price":21.4848537445,"Transaction_amount":12500,"Return_money":null,"Rate_of_Return":null},{"Date":1303862400000,"Trading_Strategy":"MA5&MA15^STOCH","Transaction_Type":-1,"Stock_price":22.9088020325,"Transaction_amount":1000,"Return_money":107.0,"Rate_of_Return":0.107},{"Date":1303862400000,"Trading_Strategy":"MA10&MA30^STOCH","Transaction_Type":-1,"Stock_price":22.9088020325,"Transaction_amount":12500,"Return_money":828.0,"Rate_of_Return":0.06624},{"Date":1305504000000,"Trading_Strategy":"MA5&MA10^MA5&MA15","Transaction_Type":-1,"Stock_price":22.2805900574,"Transaction_amount":18000,"Return_money":-134.0,"Rate_of_Return":-0.0074444444},{"Date":1306886400000,"Trading_Strategy":"MA5&MA10^MA5&MA15","Transaction_Type":1,"Stock_price":22.0711860657,"Transaction_amount":18000,"Return_money":null,"Rate_of_Return":null},{"Date":1306972800000,"Trading_Strategy":"MA5&MA15^STOCH","Transaction_Type":1,"Stock_price":21.4429721832,"Transaction_amount":1000,"Return_money":null,"Rate_of_Return":null},{"Date":1307404800000,"Trading_Strategy":"MA5&MA10^MA5&MA15","Transaction_Type":-1,"Stock_price":21.1498088837,"Transaction_amount":18000,"Return_money":-751.0,"Rate_of_Return":-0.0417222222},{"Date":1309392000000,"Trading_Strategy":"MA5&MA10^MA5&MA15","Transaction_Type":1,"Stock_price":19.3489322662,"Transaction_amount":18000,"Return_money":null,"Rate_of_Return":null},{"Date":1309996800000,"Trading_Strategy":"MA5&MA10^MA5&MA15","Transaction_Type":-1,"Stock_price":18.8044834137,"Transaction_amount":18000,"Return_money":-506.0,"Rate_of_Return":-0.0281111111},{"Date":1313539200000,"Trading_Strategy":"MA5&MA10^MA5&MA15","Transaction_Type":1,"Stock_price":15.5796604156,"Transaction_amount":18000,"Return_money":null,"Rate_of_Return":null},{"Date":1313625600000,"Trading_Strategy":"MA5&MA15^STOCH","Transaction_Type":-1,"Stock_price":15.2027330399,"Transaction_amount":1000,"Return_money":-291.0,"Rate_of_Return":-0.291},{"Date":1314057600000,"Trading_Strategy":"MA5&MA15^STOCH","Transaction_Type":1,"Stock_price":15.7471828461,"Transaction_amount":1000,"Return_money":null,"Rate_of_Return":null},{"Date":1315180800000,"Trading_Strategy":"MA5&MA10^MA5&MA15","Transaction_Type":-1,"Stock_price":14.649772644,"Transaction_amount":18000,"Return_money":-1074.0,"Rate_of_Return":-0.0596666667},{"Date":1317340800000,"Trading_Strategy":"MA5&MA10^MA5&MA15","Transaction_Type":1,"Stock_price":14.3733615875,"Transaction_amount":18000,"Return_money":null,"Rate_of_Return":null},{"Date":1317772800000,"Trading_Strategy":"MA5&MA10^MA5&MA15","Transaction_Type":-1,"Stock_price":13.5901975632,"Transaction_amount":18000,"Return_money":-980.0,"Rate_of_Return":-0.0544444444},{"Date":1318464000000,"Trading_Strategy":"MA5&MA10^MA5&MA15","Transaction_Type":1,"Stock_price":15.3868694305,"Transaction_amount":18000,"Return_money":null,"Rate_of_Return":null},{"Date":1318550400000,"Trading_Strategy":"MA10&MA30^STOCH","Transaction_Type":1,"Stock_price":15.3868694305,"Transaction_amount":12500,"Return_money":null,"Rate_of_Return":null},{"Date":1318809600000,"Trading_Strategy":"MA5&MA15^STOCH","Transaction_Type":-1,"Stock_price":15.7093477249,"Transaction_amount":1000,"Return_money":-2.0,"Rate_of_Return":-0.002},{"Date":1318809600000,"Trading_Strategy":"MA10&MA30^STOCH","Transaction_Type":-1,"Stock_price":15.7093477249,"Transaction_amount":12500,"Return_money":261.0,"Rate_of_Return":0.02088},{"Date":1320019200000,"Trading_Strategy":"MA5&MA10^MA5&MA15","Transaction_Type":-1,"Stock_price":15.2947320938,"Transaction_amount":18000,"Return_money":-107.0,"Rate_of_Return":-0.0059444444},{"Date":1320192000000,"Trading_Strategy":"MA5&MA10^MA5&MA15","Transaction_Type":1,"Stock_price":15.2486629486,"Transaction_amount":18000,"Return_money":null,"Rate_of_Return":null},{"Date":1324857600000,"Trading_Strategy":"MA5&MA15^STOCH","Transaction_Type":1,"Stock_price":13.4980611801,"Transaction_amount":1000,"Return_money":null,"Rate_of_Return":null},{"Date":1325030400000,"Trading_Strategy":"MA5&MA15^STOCH","Transaction_Type":-1,"Stock_price":14.3272943497,"Transaction_amount":1000,"Return_money":61.0,"Rate_of_Return":0.061},{"Date":1325203200000,"Trading_Strategy":"MA10&MA30^STOCH","Transaction_Type":1,"Stock_price":14.096950531,"Transaction_amount":12500,"Return_money":null,"Rate_of_Return":null},{"Date":1327968000000,"Trading_Strategy":"MA5&MA10^MA5&MA15","Transaction_Type":-1,"Stock_price":15.2486629486,"Transaction_amount":18000,"Return_money":0.0,"Rate_of_Return":0.0},{"Date":1328054400000,"Trading_Strategy":"MA5&MA15^STOCH","Transaction_Type":1,"Stock_price":16.0318279266,"Transaction_amount":1000,"Return_money":null,"Rate_of_Return":null},{"Date":1328140800000,"Trading_Strategy":"MA5&MA10^MA5&MA15","Transaction_Type":1,"Stock_price":16.5846481323,"Transaction_amount":18000,"Return_money":null,"Rate_of_Return":null},{"Date":1328659200000,"Trading_Strategy":"MA5&MA15^STOCH","Transaction_Type":-1,"Stock_price":17.598154068,"Transaction_amount":1000,"Return_money":97.0,"Rate_of_Return":0.097},{"Date":1328659200000,"Trading_Strategy":"MA10&MA30^STOCH","Transaction_Type":-1,"Stock_price":17.598154068,"Transaction_amount":12500,"Return_money":3104.0,"Rate_of_Return":0.24832},{"Date":1332201600000,"Trading_Strategy":"MA5&MA10^MA5&MA15","Transaction_Type":-1,"Stock_price":18.381319046,"Transaction_amount":18000,"Return_money":1950.0,"Rate_of_Return":0.1083333333},{"Date":1335484800000,"Trading_Strategy":"MA5&MA10^MA5&MA15","Transaction_Type":1,"Stock_price":15.8475532532,"Transaction_amount":18000,"Return_money":null,"Rate_of_Return":null},{"Date":1336089600000,"Trading_Strategy":"MA5&MA15^STOCH","Transaction_Type":1,"Stock_price":17.0914020538,"Transaction_amount":1000,"Return_money":null,"Rate_of_Return":null},{"Date":1337040000000,"Trading_Strategy":"MA5&MA10^MA5&MA15","Transaction_Type":-1,"Stock_price":14.9261837006,"Transaction_amount":18000,"Return_money":-1046.0,"Rate_of_Return":-0.0581111111},{"Date":1339459200000,"Trading_Strategy":"MA5&MA10^MA5&MA15","Transaction_Type":1,"Stock_price":13.5901975632,"Transaction_amount":18000,"Return_money":null,"Rate_of_Return":null},{"Date":1339977600000,"Trading_Strategy":"MA5&MA15^STOCH","Transaction_Type":-1,"Stock_price":14.3733615875,"Transaction_amount":1000,"Return_money":-159.0,"Rate_of_Return":-0.159},{"Date":1340323200000,"Trading_Strategy":"MA10&MA30^STOCH","Transaction_Type":1,"Stock_price":14.2812252045,"Transaction_amount":12500,"Return_money":null,"Rate_of_Return":null},{"Date":1341532800000,"Trading_Strategy":"MA10&MA30^STOCH","Transaction_Type":-1,"Stock_price":15.110458374,"Transaction_amount":12500,"Return_money":725.0,"Rate_of_Return":0.058},{"Date":1343088000000,"Trading_Strategy":"MA5&MA10^MA5&MA15","Transaction_Type":-1,"Stock_price":14.649772644,"Transaction_amount":18000,"Return_money":1403.0,"Rate_of_Return":0.0779444444},{"Date":1343779200000,"Trading_Strategy":"MA5&MA10^MA5&MA15","Transaction_Type":1,"Stock_price":15.6632785797,"Transaction_amount":18000,"Return_money":null,"Rate_of_Return":null},{"Date":1343779200000,"Trading_Strategy":"MA5&MA15^STOCH","Transaction_Type":1,"Stock_price":15.6632785797,"Transaction_amount":1000,"Return_money":null,"Rate_of_Return":null},{"Date":1343952000000,"Trading_Strategy":"MA5&MA15^STOCH","Transaction_Type":-1,"Stock_price":15.4329366684,"Transaction_amount":1000,"Return_money":-14.0,"Rate_of_Return":-0.014},{"Date":1345507200000,"Trading_Strategy":"MA5&MA10^MA5&MA15","Transaction_Type":-1,"Stock_price":15.4790058136,"Transaction_amount":18000,"Return_money":-211.0,"Rate_of_Return":-0.0117222222},{"Date":1347494400000,"Trading_Strategy":"MA5&MA10^MA5&MA15","Transaction_Type":1,"Stock_price":14.6037054062,"Transaction_amount":18000,"Return_money":null,"Rate_of_Return":null},{"Date":1347926400000,"Trading_Strategy":"MA5&MA15^STOCH","Transaction_Type":1,"Stock_price":15.3408002853,"Transaction_amount":1000,"Return_money":null,"Rate_of_Return":null},{"Date":1348704000000,"Trading_Strategy":"MA10&MA30^STOCH","Transaction_Type":1,"Stock_price":14.3733615875,"Transaction_amount":12500,"Return_money":null,"Rate_of_Return":null},{"Date":1348704000000,"Trading_Strategy":"MA5&MA10^MA5&MA15","Transaction_Type":-1,"Stock_price":14.3733615875,"Transaction_amount":18000,"Return_money":-283.0,"Rate_of_Return":-0.0157222222},{"Date":1350432000000,"Trading_Strategy":"MA5&MA10^MA5&MA15","Transaction_Type":1,"Stock_price":14.4194307327,"Transaction_amount":18000,"Return_money":null,"Rate_of_Return":null},{"Date":1350604800000,"Trading_Strategy":"MA5&MA15^STOCH","Transaction_Type":-1,"Stock_price":14.649772644,"Transaction_amount":1000,"Return_money":-45.0,"Rate_of_Return":-0.045},{"Date":1350604800000,"Trading_Strategy":"MA10&MA30^STOCH","Transaction_Type":-1,"Stock_price":14.649772644,"Transaction_amount":12500,"Return_money":240.0,"Rate_of_Return":0.0192},{"Date":1351209600000,"Trading_Strategy":"MA5&MA10^MA5&MA15","Transaction_Type":-1,"Stock_price":13.7744722366,"Transaction_amount":18000,"Return_money":-805.0,"Rate_of_Return":-0.0447222222},{"Date":1351814400000,"Trading_Strategy":"MA5&MA10^MA5&MA15","Transaction_Type":1,"Stock_price":14.8340473175,"Transaction_amount":18000,"Return_money":null,"Rate_of_Return":null},{"Date":1352073600000,"Trading_Strategy":"MA5&MA15^STOCH","Transaction_Type":1,"Stock_price":15.2025947571,"Transaction_amount":1000,"Return_money":null,"Rate_of_Return":null},{"Date":1352246400000,"Trading_Strategy":"MA10&MA30^STOCH","Transaction_Type":1,"Stock_price":15.0183210373,"Transaction_amount":12500,"Return_money":null,"Rate_of_Return":null},{"Date":1352332800000,"Trading_Strategy":"MA5&MA15^STOCH","Transaction_Type":-1,"Stock_price":15.0183210373,"Transaction_amount":1000,"Return_money":-12.0,"Rate_of_Return":-0.012},{"Date":1352332800000,"Trading_Strategy":"MA10&MA30^STOCH","Transaction_Type":-1,"Stock_price":15.0183210373,"Transaction_amount":12500,"Return_money":0.0,"Rate_of_Return":0.0},{"Date":1352937600000,"Trading_Strategy":"MA5&MA10^MA5&MA15","Transaction_Type":-1,"Stock_price":14.2812252045,"Transaction_amount":18000,"Return_money":-670.0,"Rate_of_Return":-0.0372222222},{"Date":1353628800000,"Trading_Strategy":"MA5&MA10^MA5&MA15","Transaction_Type":1,"Stock_price":14.7419099808,"Transaction_amount":18000,"Return_money":null,"Rate_of_Return":null},{"Date":1353974400000,"Trading_Strategy":"MA10&MA30^STOCH","Transaction_Type":1,"Stock_price":15.2947320938,"Transaction_amount":12500,"Return_money":null,"Rate_of_Return":null},{"Date":1353974400000,"Trading_Strategy":"MA5&MA15^STOCH","Transaction_Type":1,"Stock_price":15.2947320938,"Transaction_amount":1000,"Return_money":null,"Rate_of_Return":null},{"Date":1354147200000,"Trading_Strategy":"MA10&MA30^STOCH","Transaction_Type":-1,"Stock_price":15.4329366684,"Transaction_amount":12500,"Return_money":112.0,"Rate_of_Return":0.00896},{"Date":1354147200000,"Trading_Strategy":"MA5&MA15^STOCH","Transaction_Type":-1,"Stock_price":15.4329366684,"Transaction_amount":1000,"Return_money":9.0,"Rate_of_Return":0.009},{"Date":1356048000000,"Trading_Strategy":"MA5&MA10^MA5&MA15","Transaction_Type":-1,"Stock_price":15.5711431503,"Transaction_amount":18000,"Return_money":1012.0,"Rate_of_Return":0.0562222222}]