[{"Date":1285286400000,"Trading_Strategy":"MA10&MA15^MACD","Transaction_Type":1,"Stock_price":18.0506286621,"Transaction_amount":18000,"Return_money":null,"Rate_of_Return":null},{"Date":1287619200000,"Trading_Strategy":"MA5&MA15^MA5&MA15","Transaction_Type":1,"Stock_price":19.516456604,"Transaction_amount":1000,"Return_money":null,"Rate_of_Return":null},{"Date":1289260800000,"Trading_Strategy":"MA10&MA15^MACD","Transaction_Type":-1,"Stock_price":21.1079273224,"Transaction_amount":18000,"Return_money":3048.0,"Rate_of_Return":0.1693333333},{"Date":1289433600000,"Trading_Strategy":"MA5&MA15^MA5&MA15","Transaction_Type":-1,"Stock_price":20.2703113556,"Transaction_amount":1000,"Return_money":38.0,"Rate_of_Return":0.038},{"Date":1290470400000,"Trading_Strategy":"MA5&MA15^MA5&MA15","Transaction_Type":1,"Stock_price":22.2805900574,"Transaction_amount":1000,"Return_money":null,"Rate_of_Return":null},{"Date":1290643200000,"Trading_Strategy":"MA10&MA15^MACD","Transaction_Type":1,"Stock_price":22.0293045044,"Transaction_amount":18000,"Return_money":null,"Rate_of_Return":null},{"Date":1291334400000,"Trading_Strategy":"MA10&MA15^MACD","Transaction_Type":-1,"Stock_price":21.3592128754,"Transaction_amount":18000,"Return_money":-547.0,"Rate_of_Return":-0.0303888889},{"Date":1291334400000,"Trading_Strategy":"MA15&MA30^STOCH","Transaction_Type":1,"Stock_price":21.3592128754,"Transaction_amount":12500,"Return_money":null,"Rate_of_Return":null},{"Date":1291852800000,"Trading_Strategy":"MA5&MA15^MA5&MA15","Transaction_Type":-1,"Stock_price":21.6523761749,"Transaction_amount":1000,"Return_money":-28.0,"Rate_of_Return":-0.028},{"Date":1292198400000,"Trading_Strategy":"MA5&MA15^MA5&MA15","Transaction_Type":1,"Stock_price":22.1130657196,"Transaction_amount":1000,"Return_money":null,"Rate_of_Return":null},{"Date":1292284800000,"Trading_Strategy":"MA10&MA15^MACD","Transaction_Type":1,"Stock_price":22.2387084961,"Transaction_amount":18000,"Return_money":null,"Rate_of_Return":null},{"Date":1294358400000,"Trading_Strategy":"MA10&MA15^MACD","Transaction_Type":-1,"Stock_price":24.6259155273,"Transaction_amount":18000,"Return_money":1932.0,"Rate_of_Return":0.1073333333},{"Date":1294963200000,"Trading_Strategy":"MA15&MA30^STOCH","Transaction_Type":-1,"Stock_price":25.0447235107,"Transaction_amount":12500,"Return_money":2156.0,"Rate_of_Return":0.17248},{"Date":1295308800000,"Trading_Strategy":"MA5&MA15^MA5&MA15","Transaction_Type":-1,"Stock_price":24.7515563965,"Transaction_amount":1000,"Return_money":119.0,"Rate_of_Return":0.119},{"Date":1296172800000,"Trading_Strategy":"MA5&MA15^MA5&MA15","Transaction_Type":1,"Stock_price":25.5472927094,"Transaction_amount":1000,"Return_money":null,"Rate_of_Return":null},{"Date":1297382400000,"Trading_Strategy":"MA10&MA15^MACD","Transaction_Type":1,"Stock_price":23.5370140076,"Transaction_amount":18000,"Return_money":null,"Rate_of_Return":null},{"Date":1297641600000,"Trading_Strategy":"MA5&MA15^MA5&MA15","Transaction_Type":-1,"Stock_price":24.7934379578,"Transaction_amount":1000,"Return_money":-29.0,"Rate_of_Return":-0.029},{"Date":1297900800000,"Trading_Strategy":"MA10&MA15^MACD","Transaction_Type":-1,"Stock_price":22.783159256,"Transaction_amount":18000,"Return_money":-576.0,"Rate_of_Return":-0.032},{"Date":1301011200000,"Trading_Strategy":"MA5&MA15^MA5&MA15","Transaction_Type":1,"Stock_price":20.689119339,"Transaction_amount":1000,"Return_money":null,"Rate_of_Return":null},{"Date":1301443200000,"Trading_Strategy":"MA10&MA15^MACD","Transaction_Type":1,"Stock_price":20.7728805542,"Transaction_amount":18000,"Return_money":null,"Rate_of_Return":null},{"Date":1302739200000,"Trading_Strategy":"MA15&MA30^STOCH","Transaction_Type":1,"Stock_price":21.6942577362,"Transaction_amount":12500,"Return_money":null,"Rate_of_Return":null},{"Date":1303862400000,"Trading_Strategy":"MA15&MA30^STOCH","Transaction_Type":-1,"Stock_price":22.9088020325,"Transaction_amount":12500,"Return_money":699.0,"Rate_of_Return":0.05592},{"Date":1305244800000,"Trading_Strategy":"MA10&MA15^MACD","Transaction_Type":-1,"Stock_price":22.531873703,"Transaction_amount":18000,"Return_money":1524.0,"Rate_of_Return":0.0846666667},{"Date":1305504000000,"Trading_Strategy":"MA5&MA15^MA5&MA15","Transaction_Type":-1,"Stock_price":22.2805900574,"Transaction_amount":1000,"Return_money":76.0,"Rate_of_Return":0.076},{"Date":1306972800000,"Trading_Strategy":"MA5&MA15^MA5&MA15","Transaction_Type":1,"Stock_price":21.4429721832,"Transaction_amount":1000,"Return_money":null,"Rate_of_Return":null},{"Date":1307404800000,"Trading_Strategy":"MA5&MA15^MA5&MA15","Transaction_Type":-1,"Stock_price":21.1498088837,"Transaction_amount":1000,"Return_money":-13.0,"Rate_of_Return":-0.013},{"Date":1307577600000,"Trading_Strategy":"MA10&MA15^MACD","Transaction_Type":1,"Stock_price":21.0241641998,"Transaction_amount":18000,"Return_money":null,"Rate_of_Return":null},{"Date":1309737600000,"Trading_Strategy":"MA5&MA15^MA5&MA15","Transaction_Type":1,"Stock_price":19.1814098358,"Transaction_amount":1000,"Return_money":null,"Rate_of_Return":null},{"Date":1309996800000,"Trading_Strategy":"MA5&MA15^MA5&MA15","Transaction_Type":-1,"Stock_price":18.8044834137,"Transaction_amount":1000,"Return_money":-19.0,"Rate_of_Return":-0.019},{"Date":1310601600000,"Trading_Strategy":"MA10&MA15^MACD","Transaction_Type":-1,"Stock_price":17.5061779022,"Transaction_amount":18000,"Return_money":-3011.0,"Rate_of_Return":-0.1672777778},{"Date":1314057600000,"Trading_Strategy":"MA5&MA15^MA5&MA15","Transaction_Type":1,"Stock_price":15.7471828461,"Transaction_amount":1000,"Return_money":null,"Rate_of_Return":null},{"Date":1314144000000,"Trading_Strategy":"MA10&MA15^MACD","Transaction_Type":1,"Stock_price":15.4121370316,"Transaction_amount":18000,"Return_money":null,"Rate_of_Return":null},{"Date":1315180800000,"Trading_Strategy":"MA5&MA15^MA5&MA15","Transaction_Type":-1,"Stock_price":14.649772644,"Transaction_amount":1000,"Return_money":-69.0,"Rate_of_Return":-0.069},{"Date":1315353600000,"Trading_Strategy":"MA10&MA15^MACD","Transaction_Type":-1,"Stock_price":14.5115680695,"Transaction_amount":18000,"Return_money":-1051.0,"Rate_of_Return":-0.0583888889},{"Date":1317340800000,"Trading_Strategy":"MA5&MA15^MA5&MA15","Transaction_Type":1,"Stock_price":14.3733615875,"Transaction_amount":1000,"Return_money":null,"Rate_of_Return":null},{"Date":1317772800000,"Trading_Strategy":"MA5&MA15^MA5&MA15","Transaction_Type":-1,"Stock_price":13.5901975632,"Transaction_amount":1000,"Return_money":-54.0,"Rate_of_Return":-0.054},{"Date":1317945600000,"Trading_Strategy":"MA10&MA15^MACD","Transaction_Type":1,"Stock_price":14.0048151016,"Transaction_amount":18000,"Return_money":null,"Rate_of_Return":null},{"Date":1318377600000,"Trading_Strategy":"MA5&MA15^MA5&MA15","Transaction_Type":1,"Stock_price":14.4194307327,"Transaction_amount":1000,"Return_money":null,"Rate_of_Return":null},{"Date":1318809600000,"Trading_Strategy":"MA15&MA30^STOCH","Transaction_Type":1,"Stock_price":15.7093477249,"Transaction_amount":12500,"Return_money":null,"Rate_of_Return":null},{"Date":1319068800000,"Trading_Strategy":"MA15&MA30^STOCH","Transaction_Type":-1,"Stock_price":15.4790058136,"Transaction_amount":12500,"Return_money":-183.0,"Rate_of_Return":-0.01464},{"Date":1320019200000,"Trading_Strategy":"MA5&MA15^MA5&MA15","Transaction_Type":-1,"Stock_price":15.2947320938,"Transaction_amount":1000,"Return_money":60.0,"Rate_of_Return":0.06},{"Date":1320192000000,"Trading_Strategy":"MA10&MA15^MACD","Transaction_Type":-1,"Stock_price":15.2486629486,"Transaction_amount":18000,"Return_money":1598.0,"Rate_of_Return":0.0887777778},{"Date":1323302400000,"Trading_Strategy":"MA10&MA15^MACD","Transaction_Type":1,"Stock_price":13.7284040451,"Transaction_amount":18000,"Return_money":null,"Rate_of_Return":null},{"Date":1324252800000,"Trading_Strategy":"MA10&MA15^MACD","Transaction_Type":-1,"Stock_price":12.6688289642,"Transaction_amount":18000,"Return_money":-1389.0,"Rate_of_Return":-0.0771666667},{"Date":1324857600000,"Trading_Strategy":"MA5&MA15^MA5&MA15","Transaction_Type":1,"Stock_price":13.4980611801,"Transaction_amount":1000,"Return_money":null,"Rate_of_Return":null},{"Date":1325116800000,"Trading_Strategy":"MA10&MA15^MACD","Transaction_Type":1,"Stock_price":14.2812252045,"Transaction_amount":18000,"Return_money":null,"Rate_of_Return":null},{"Date":1325462400000,"Trading_Strategy":"MA15&MA30^STOCH","Transaction_Type":1,"Stock_price":13.9587459564,"Transaction_amount":12500,"Return_money":null,"Rate_of_Return":null},{"Date":1327881600000,"Trading_Strategy":"MA10&MA15^MACD","Transaction_Type":-1,"Stock_price":14.9722518921,"Transaction_amount":18000,"Return_money":870.0,"Rate_of_Return":0.0483333333},{"Date":1327968000000,"Trading_Strategy":"MA5&MA15^MA5&MA15","Transaction_Type":-1,"Stock_price":15.2486629486,"Transaction_amount":1000,"Return_money":129.0,"Rate_of_Return":0.129},{"Date":1328054400000,"Trading_Strategy":"MA5&MA15^MA5&MA15","Transaction_Type":1,"Stock_price":16.0318279266,"Transaction_amount":1000,"Return_money":null,"Rate_of_Return":null},{"Date":1328659200000,"Trading_Strategy":"MA15&MA30^STOCH","Transaction_Type":-1,"Stock_price":17.598154068,"Transaction_amount":12500,"Return_money":3259.0,"Rate_of_Return":0.26072},{"Date":1332201600000,"Trading_Strategy":"MA5&MA15^MA5&MA15","Transaction_Type":-1,"Stock_price":18.381319046,"Transaction_amount":1000,"Return_money":146.0,"Rate_of_Return":0.146},{"Date":1332288000000,"Trading_Strategy":"MA10&MA15^MACD","Transaction_Type":1,"Stock_price":18.9341411591,"Transaction_amount":18000,"Return_money":null,"Rate_of_Return":null},{"Date":1334102400000,"Trading_Strategy":"MA10&MA15^MACD","Transaction_Type":-1,"Stock_price":17.9667034149,"Transaction_amount":18000,"Return_money":-919.0,"Rate_of_Return":-0.0510555556},{"Date":1336089600000,"Trading_Strategy":"MA5&MA15^MA5&MA15","Transaction_Type":1,"Stock_price":17.0914020538,"Transaction_amount":1000,"Return_money":null,"Rate_of_Return":null},{"Date":1336348800000,"Trading_Strategy":"MA10&MA15^MACD","Transaction_Type":1,"Stock_price":16.6767864227,"Transaction_amount":18000,"Return_money":null,"Rate_of_Return":null},{"Date":1337040000000,"Trading_Strategy":"MA5&MA15^MA5&MA15","Transaction_Type":-1,"Stock_price":14.9261837006,"Transaction_amount":1000,"Return_money":-126.0,"Rate_of_Return":-0.126},{"Date":1337040000000,"Trading_Strategy":"MA10&MA15^MACD","Transaction_Type":-1,"Stock_price":14.9261837006,"Transaction_amount":18000,"Return_money":-1889.0,"Rate_of_Return":-0.1049444444},{"Date":1339632000000,"Trading_Strategy":"MA5&MA15^MA5&MA15","Transaction_Type":1,"Stock_price":13.8205413818,"Transaction_amount":1000,"Return_money":null,"Rate_of_Return":null},{"Date":1339977600000,"Trading_Strategy":"MA10&MA15^MACD","Transaction_Type":1,"Stock_price":14.3733615875,"Transaction_amount":18000,"Return_money":null,"Rate_of_Return":null},{"Date":1340755200000,"Trading_Strategy":"MA15&MA30^STOCH","Transaction_Type":1,"Stock_price":14.3733615875,"Transaction_amount":12500,"Return_money":null,"Rate_of_Return":null},{"Date":1341532800000,"Trading_Strategy":"MA15&MA30^STOCH","Transaction_Type":-1,"Stock_price":15.110458374,"Transaction_amount":12500,"Return_money":641.0,"Rate_of_Return":0.05128},{"Date":1343001600000,"Trading_Strategy":"MA10&MA15^MACD","Transaction_Type":-1,"Stock_price":14.787979126,"Transaction_amount":18000,"Return_money":519.0,"Rate_of_Return":0.0288333333},{"Date":1343088000000,"Trading_Strategy":"MA5&MA15^MA5&MA15","Transaction_Type":-1,"Stock_price":14.649772644,"Transaction_amount":1000,"Return_money":59.0,"Rate_of_Return":0.059},{"Date":1343779200000,"Trading_Strategy":"MA5&MA15^MA5&MA15","Transaction_Type":1,"Stock_price":15.6632785797,"Transaction_amount":1000,"Return_money":null,"Rate_of_Return":null},{"Date":1344211200000,"Trading_Strategy":"MA10&MA15^MACD","Transaction_Type":1,"Stock_price":15.9396896362,"Transaction_amount":18000,"Return_money":null,"Rate_of_Return":null},{"Date":1345420800000,"Trading_Strategy":"MA10&MA15^MACD","Transaction_Type":-1,"Stock_price":15.5250740051,"Transaction_amount":18000,"Return_money":-468.0,"Rate_of_Return":-0.026},{"Date":1345507200000,"Trading_Strategy":"MA5&MA15^MA5&MA15","Transaction_Type":-1,"Stock_price":15.4790058136,"Transaction_amount":1000,"Return_money":-11.0,"Rate_of_Return":-0.011},{"Date":1347926400000,"Trading_Strategy":"MA5&MA15^MA5&MA15","Transaction_Type":1,"Stock_price":15.3408002853,"Transaction_amount":1000,"Return_money":null,"Rate_of_Return":null},{"Date":1348012800000,"Trading_Strategy":"MA10&MA15^MACD","Transaction_Type":1,"Stock_price":15.7093477249,"Transaction_amount":18000,"Return_money":null,"Rate_of_Return":null},{"Date":1348617600000,"Trading_Strategy":"MA10&MA15^MACD","Transaction_Type":-1,"Stock_price":14.4654989243,"Transaction_amount":18000,"Return_money":-1425.0,"Rate_of_Return":-0.0791666667},{"Date":1348704000000,"Trading_Strategy":"MA5&MA15^MA5&MA15","Transaction_Type":-1,"Stock_price":14.3733615875,"Transaction_amount":1000,"Return_money":-63.0,"Rate_of_Return":-0.063},{"Date":1350518400000,"Trading_Strategy":"MA5&MA15^MA5&MA15","Transaction_Type":1,"Stock_price":14.6037054062,"Transaction_amount":1000,"Return_money":null,"Rate_of_Return":null},{"Date":1350864000000,"Trading_Strategy":"MA10&MA15^MACD","Transaction_Type":1,"Stock_price":14.557636261,"Transaction_amount":18000,"Return_money":null,"Rate_of_Return":null},{"Date":1351209600000,"Trading_Strategy":"MA10&MA15^MACD","Transaction_Type":-1,"Stock_price":13.7744722366,"Transaction_amount":18000,"Return_money":-968.0,"Rate_of_Return":-0.0537777778},{"Date":1351209600000,"Trading_Strategy":"MA5&MA15^MA5&MA15","Transaction_Type":-1,"Stock_price":13.7744722366,"Transaction_amount":1000,"Return_money":-56.0,"Rate_of_Return":-0.056},{"Date":1352073600000,"Trading_Strategy":"MA5&MA15^MA5&MA15","Transaction_Type":1,"Stock_price":15.2025947571,"Transaction_amount":1000,"Return_money":null,"Rate_of_Return":null},{"Date":1352160000000,"Trading_Strategy":"MA15&MA30^STOCH","Transaction_Type":1,"Stock_price":15.0183210373,"Transaction_amount":12500,"Return_money":null,"Rate_of_Return":null},{"Date":1352332800000,"Trading_Strategy":"MA15&MA30^STOCH","Transaction_Type":-1,"Stock_price":15.0183210373,"Transaction_amount":12500,"Return_money":0.0,"Rate_of_Return":0.0},{"Date":1352332800000,"Trading_Strategy":"MA10&MA15^MACD","Transaction_Type":1,"Stock_price":15.0183210373,"Transaction_amount":18000,"Return_money":null,"Rate_of_Return":null},{"Date":1352851200000,"Trading_Strategy":"MA10&MA15^MACD","Transaction_Type":-1,"Stock_price":14.2351570129,"Transaction_amount":18000,"Return_money":-938.0,"Rate_of_Return":-0.0521111111},{"Date":1352937600000,"Trading_Strategy":"MA5&MA15^MA5&MA15","Transaction_Type":-1,"Stock_price":14.2812252045,"Transaction_amount":1000,"Return_money":-60.0,"Rate_of_Return":-0.06},{"Date":1353974400000,"Trading_Strategy":"MA5&MA15^MA5&MA15","Transaction_Type":1,"Stock_price":15.2947320938,"Transaction_amount":1000,"Return_money":null,"Rate_of_Return":null},{"Date":1354060800000,"Trading_Strategy":"MA10&MA15^MACD","Transaction_Type":1,"Stock_price":15.1565256119,"Transaction_amount":18000,"Return_money":null,"Rate_of_Return":null},{"Date":1355788800000,"Trading_Strategy":"MA10&MA15^MACD","Transaction_Type":-1,"Stock_price":15.8475532532,"Transaction_amount":18000,"Return_money":820.0,"Rate_of_Return":0.0455555556},{"Date":1356048000000,"Trading_Strategy":"MA5&MA15^MA5&MA15","Transaction_Type":-1,"Stock_price":15.5711431503,"Transaction_amount":1000,"Return_money":18.0,"Rate_of_Return":0.018}]