[{"Date":1285286400000,"Trading_Strategy":"MA10&MA15^MACD","Transaction_Type":1,"Stock_price":18.0506286621,"Transaction_amount":18000,"Return_money":null,"Rate_of_Return":null},{"Date":1287619200000,"Trading_Strategy":"MA5&MA15^MA10&MA30","Transaction_Type":1,"Stock_price":19.516456604,"Transaction_amount":1000,"Return_money":null,"Rate_of_Return":null},{"Date":1289260800000,"Trading_Strategy":"MA10&MA15^MACD","Transaction_Type":-1,"Stock_price":21.1079273224,"Transaction_amount":18000,"Return_money":3048.0,"Rate_of_Return":0.1693333333},{"Date":1290643200000,"Trading_Strategy":"MA10&MA15^MACD","Transaction_Type":1,"Stock_price":22.0293045044,"Transaction_amount":18000,"Return_money":null,"Rate_of_Return":null},{"Date":1291334400000,"Trading_Strategy":"MA10&MA15^MACD","Transaction_Type":-1,"Stock_price":21.3592128754,"Transaction_amount":18000,"Return_money":-547.0,"Rate_of_Return":-0.0303888889},{"Date":1291334400000,"Trading_Strategy":"MA15&MA30^MA5&MA15","Transaction_Type":1,"Stock_price":21.3592128754,"Transaction_amount":500,"Return_money":null,"Rate_of_Return":null},{"Date":1291852800000,"Trading_Strategy":"MA15&MA30^MA5&MA15","Transaction_Type":-1,"Stock_price":21.6523761749,"Transaction_amount":500,"Return_money":6.0,"Rate_of_Return":0.012},{"Date":1292284800000,"Trading_Strategy":"MA10&MA15^MACD","Transaction_Type":1,"Stock_price":22.2387084961,"Transaction_amount":18000,"Return_money":null,"Rate_of_Return":null},{"Date":1294358400000,"Trading_Strategy":"MA10&MA15^MACD","Transaction_Type":-1,"Stock_price":24.6259155273,"Transaction_amount":18000,"Return_money":1932.0,"Rate_of_Return":0.1073333333},{"Date":1297296000000,"Trading_Strategy":"MA5&MA15^MA10&MA30","Transaction_Type":-1,"Stock_price":24.835319519,"Transaction_amount":1000,"Return_money":272.0,"Rate_of_Return":0.272},{"Date":1297382400000,"Trading_Strategy":"MA10&MA15^MACD","Transaction_Type":1,"Stock_price":23.5370140076,"Transaction_amount":18000,"Return_money":null,"Rate_of_Return":null},{"Date":1297900800000,"Trading_Strategy":"MA10&MA15^MACD","Transaction_Type":-1,"Stock_price":22.783159256,"Transaction_amount":18000,"Return_money":-576.0,"Rate_of_Return":-0.032},{"Date":1301011200000,"Trading_Strategy":"MA5&MA15^MA10&MA30","Transaction_Type":1,"Stock_price":20.689119339,"Transaction_amount":1000,"Return_money":null,"Rate_of_Return":null},{"Date":1301443200000,"Trading_Strategy":"MA10&MA15^MACD","Transaction_Type":1,"Stock_price":20.7728805542,"Transaction_amount":18000,"Return_money":null,"Rate_of_Return":null},{"Date":1302652800000,"Trading_Strategy":"MA10&MA30^STOCH","Transaction_Type":1,"Stock_price":21.4848537445,"Transaction_amount":12500,"Return_money":null,"Rate_of_Return":null},{"Date":1302739200000,"Trading_Strategy":"MA15&MA30^MA5&MA15","Transaction_Type":1,"Stock_price":21.6942577362,"Transaction_amount":500,"Return_money":null,"Rate_of_Return":null},{"Date":1303862400000,"Trading_Strategy":"MA10&MA30^STOCH","Transaction_Type":-1,"Stock_price":22.9088020325,"Transaction_amount":12500,"Return_money":828.0,"Rate_of_Return":0.06624},{"Date":1305244800000,"Trading_Strategy":"MA10&MA15^MACD","Transaction_Type":-1,"Stock_price":22.531873703,"Transaction_amount":18000,"Return_money":1524.0,"Rate_of_Return":0.0846666667},{"Date":1305504000000,"Trading_Strategy":"MA15&MA30^MA5&MA15","Transaction_Type":-1,"Stock_price":22.2805900574,"Transaction_amount":500,"Return_money":13.0,"Rate_of_Return":0.026},{"Date":1306195200000,"Trading_Strategy":"MA5&MA15^MA10&MA30","Transaction_Type":-1,"Stock_price":21.5686168671,"Transaction_amount":1000,"Return_money":42.0,"Rate_of_Return":0.042},{"Date":1306972800000,"Trading_Strategy":"MA5&MA15^MA10&MA30","Transaction_Type":1,"Stock_price":21.4429721832,"Transaction_amount":1000,"Return_money":null,"Rate_of_Return":null},{"Date":1307577600000,"Trading_Strategy":"MA10&MA15^MACD","Transaction_Type":1,"Stock_price":21.0241641998,"Transaction_amount":18000,"Return_money":null,"Rate_of_Return":null},{"Date":1310601600000,"Trading_Strategy":"MA10&MA15^MACD","Transaction_Type":-1,"Stock_price":17.5061779022,"Transaction_amount":18000,"Return_money":-3011.0,"Rate_of_Return":-0.1672777778},{"Date":1314144000000,"Trading_Strategy":"MA10&MA15^MACD","Transaction_Type":1,"Stock_price":15.4121370316,"Transaction_amount":18000,"Return_money":null,"Rate_of_Return":null},{"Date":1315353600000,"Trading_Strategy":"MA10&MA15^MACD","Transaction_Type":-1,"Stock_price":14.5115680695,"Transaction_amount":18000,"Return_money":-1051.0,"Rate_of_Return":-0.0583888889},{"Date":1317945600000,"Trading_Strategy":"MA10&MA15^MACD","Transaction_Type":1,"Stock_price":14.0048151016,"Transaction_amount":18000,"Return_money":null,"Rate_of_Return":null},{"Date":1318550400000,"Trading_Strategy":"MA10&MA30^STOCH","Transaction_Type":1,"Stock_price":15.3868694305,"Transaction_amount":12500,"Return_money":null,"Rate_of_Return":null},{"Date":1318809600000,"Trading_Strategy":"MA15&MA30^MA5&MA15","Transaction_Type":1,"Stock_price":15.7093477249,"Transaction_amount":500,"Return_money":null,"Rate_of_Return":null},{"Date":1318809600000,"Trading_Strategy":"MA10&MA30^STOCH","Transaction_Type":-1,"Stock_price":15.7093477249,"Transaction_amount":12500,"Return_money":261.0,"Rate_of_Return":0.02088},{"Date":1320019200000,"Trading_Strategy":"MA15&MA30^MA5&MA15","Transaction_Type":-1,"Stock_price":15.2947320938,"Transaction_amount":500,"Return_money":-13.0,"Rate_of_Return":-0.026},{"Date":1320192000000,"Trading_Strategy":"MA10&MA15^MACD","Transaction_Type":-1,"Stock_price":15.2486629486,"Transaction_amount":18000,"Return_money":1598.0,"Rate_of_Return":0.0887777778},{"Date":1321228800000,"Trading_Strategy":"MA5&MA15^MA10&MA30","Transaction_Type":-1,"Stock_price":14.4654989243,"Transaction_amount":1000,"Return_money":-325.0,"Rate_of_Return":-0.325},{"Date":1323302400000,"Trading_Strategy":"MA10&MA15^MACD","Transaction_Type":1,"Stock_price":13.7284040451,"Transaction_amount":18000,"Return_money":null,"Rate_of_Return":null},{"Date":1324252800000,"Trading_Strategy":"MA10&MA15^MACD","Transaction_Type":-1,"Stock_price":12.6688289642,"Transaction_amount":18000,"Return_money":-1389.0,"Rate_of_Return":-0.0771666667},{"Date":1324857600000,"Trading_Strategy":"MA5&MA15^MA10&MA30","Transaction_Type":1,"Stock_price":13.4980611801,"Transaction_amount":1000,"Return_money":null,"Rate_of_Return":null},{"Date":1325116800000,"Trading_Strategy":"MA10&MA15^MACD","Transaction_Type":1,"Stock_price":14.2812252045,"Transaction_amount":18000,"Return_money":null,"Rate_of_Return":null},{"Date":1325203200000,"Trading_Strategy":"MA10&MA30^STOCH","Transaction_Type":1,"Stock_price":14.096950531,"Transaction_amount":12500,"Return_money":null,"Rate_of_Return":null},{"Date":1325462400000,"Trading_Strategy":"MA15&MA30^MA5&MA15","Transaction_Type":1,"Stock_price":13.9587459564,"Transaction_amount":500,"Return_money":null,"Rate_of_Return":null},{"Date":1327881600000,"Trading_Strategy":"MA10&MA15^MACD","Transaction_Type":-1,"Stock_price":14.9722518921,"Transaction_amount":18000,"Return_money":870.0,"Rate_of_Return":0.0483333333},{"Date":1327968000000,"Trading_Strategy":"MA15&MA30^MA5&MA15","Transaction_Type":-1,"Stock_price":15.2486629486,"Transaction_amount":500,"Return_money":46.0,"Rate_of_Return":0.092},{"Date":1328659200000,"Trading_Strategy":"MA10&MA30^STOCH","Transaction_Type":-1,"Stock_price":17.598154068,"Transaction_amount":12500,"Return_money":3104.0,"Rate_of_Return":0.24832},{"Date":1332288000000,"Trading_Strategy":"MA10&MA15^MACD","Transaction_Type":1,"Stock_price":18.9341411591,"Transaction_amount":18000,"Return_money":null,"Rate_of_Return":null},{"Date":1333324800000,"Trading_Strategy":"MA5&MA15^MA10&MA30","Transaction_Type":-1,"Stock_price":18.058839798,"Transaction_amount":1000,"Return_money":337.0,"Rate_of_Return":0.337},{"Date":1334102400000,"Trading_Strategy":"MA10&MA15^MACD","Transaction_Type":-1,"Stock_price":17.9667034149,"Transaction_amount":18000,"Return_money":-919.0,"Rate_of_Return":-0.0510555556},{"Date":1336089600000,"Trading_Strategy":"MA5&MA15^MA10&MA30","Transaction_Type":1,"Stock_price":17.0914020538,"Transaction_amount":1000,"Return_money":null,"Rate_of_Return":null},{"Date":1336348800000,"Trading_Strategy":"MA10&MA15^MACD","Transaction_Type":1,"Stock_price":16.6767864227,"Transaction_amount":18000,"Return_money":null,"Rate_of_Return":null},{"Date":1337040000000,"Trading_Strategy":"MA10&MA15^MACD","Transaction_Type":-1,"Stock_price":14.9261837006,"Transaction_amount":18000,"Return_money":-1889.0,"Rate_of_Return":-0.1049444444},{"Date":1339977600000,"Trading_Strategy":"MA10&MA15^MACD","Transaction_Type":1,"Stock_price":14.3733615875,"Transaction_amount":18000,"Return_money":null,"Rate_of_Return":null},{"Date":1340323200000,"Trading_Strategy":"MA10&MA30^STOCH","Transaction_Type":1,"Stock_price":14.2812252045,"Transaction_amount":12500,"Return_money":null,"Rate_of_Return":null},{"Date":1340755200000,"Trading_Strategy":"MA15&MA30^MA5&MA15","Transaction_Type":1,"Stock_price":14.3733615875,"Transaction_amount":500,"Return_money":null,"Rate_of_Return":null},{"Date":1341532800000,"Trading_Strategy":"MA10&MA30^STOCH","Transaction_Type":-1,"Stock_price":15.110458374,"Transaction_amount":12500,"Return_money":725.0,"Rate_of_Return":0.058},{"Date":1343001600000,"Trading_Strategy":"MA10&MA15^MACD","Transaction_Type":-1,"Stock_price":14.787979126,"Transaction_amount":18000,"Return_money":519.0,"Rate_of_Return":0.0288333333},{"Date":1343088000000,"Trading_Strategy":"MA15&MA30^MA5&MA15","Transaction_Type":-1,"Stock_price":14.649772644,"Transaction_amount":500,"Return_money":9.0,"Rate_of_Return":0.018},{"Date":1344211200000,"Trading_Strategy":"MA10&MA15^MACD","Transaction_Type":1,"Stock_price":15.9396896362,"Transaction_amount":18000,"Return_money":null,"Rate_of_Return":null},{"Date":1345420800000,"Trading_Strategy":"MA10&MA15^MACD","Transaction_Type":-1,"Stock_price":15.5250740051,"Transaction_amount":18000,"Return_money":-468.0,"Rate_of_Return":-0.026},{"Date":1346198400000,"Trading_Strategy":"MA5&MA15^MA10&MA30","Transaction_Type":-1,"Stock_price":15.110458374,"Transaction_amount":1000,"Return_money":-115.0,"Rate_of_Return":-0.115},{"Date":1347926400000,"Trading_Strategy":"MA5&MA15^MA10&MA30","Transaction_Type":1,"Stock_price":15.3408002853,"Transaction_amount":1000,"Return_money":null,"Rate_of_Return":null},{"Date":1348012800000,"Trading_Strategy":"MA10&MA15^MACD","Transaction_Type":1,"Stock_price":15.7093477249,"Transaction_amount":18000,"Return_money":null,"Rate_of_Return":null},{"Date":1348617600000,"Trading_Strategy":"MA10&MA15^MACD","Transaction_Type":-1,"Stock_price":14.4654989243,"Transaction_amount":18000,"Return_money":-1425.0,"Rate_of_Return":-0.0791666667},{"Date":1348704000000,"Trading_Strategy":"MA10&MA30^STOCH","Transaction_Type":1,"Stock_price":14.3733615875,"Transaction_amount":12500,"Return_money":null,"Rate_of_Return":null},{"Date":1349049600000,"Trading_Strategy":"MA5&MA15^MA10&MA30","Transaction_Type":-1,"Stock_price":14.4194307327,"Transaction_amount":1000,"Return_money":-60.0,"Rate_of_Return":-0.06},{"Date":1350518400000,"Trading_Strategy":"MA5&MA15^MA10&MA30","Transaction_Type":1,"Stock_price":14.6037054062,"Transaction_amount":1000,"Return_money":null,"Rate_of_Return":null},{"Date":1350604800000,"Trading_Strategy":"MA10&MA30^STOCH","Transaction_Type":-1,"Stock_price":14.649772644,"Transaction_amount":12500,"Return_money":240.0,"Rate_of_Return":0.0192},{"Date":1350864000000,"Trading_Strategy":"MA10&MA15^MACD","Transaction_Type":1,"Stock_price":14.557636261,"Transaction_amount":18000,"Return_money":null,"Rate_of_Return":null},{"Date":1351209600000,"Trading_Strategy":"MA10&MA15^MACD","Transaction_Type":-1,"Stock_price":13.7744722366,"Transaction_amount":18000,"Return_money":-968.0,"Rate_of_Return":-0.0537777778},{"Date":1352160000000,"Trading_Strategy":"MA15&MA30^MA5&MA15","Transaction_Type":1,"Stock_price":15.0183210373,"Transaction_amount":500,"Return_money":null,"Rate_of_Return":null},{"Date":1352246400000,"Trading_Strategy":"MA10&MA30^STOCH","Transaction_Type":1,"Stock_price":15.0183210373,"Transaction_amount":12500,"Return_money":null,"Rate_of_Return":null},{"Date":1352332800000,"Trading_Strategy":"MA10&MA30^STOCH","Transaction_Type":-1,"Stock_price":15.0183210373,"Transaction_amount":12500,"Return_money":0.0,"Rate_of_Return":0.0},{"Date":1352332800000,"Trading_Strategy":"MA10&MA15^MACD","Transaction_Type":1,"Stock_price":15.0183210373,"Transaction_amount":18000,"Return_money":null,"Rate_of_Return":null},{"Date":1352851200000,"Trading_Strategy":"MA10&MA15^MACD","Transaction_Type":-1,"Stock_price":14.2351570129,"Transaction_amount":18000,"Return_money":-938.0,"Rate_of_Return":-0.0521111111},{"Date":1352937600000,"Trading_Strategy":"MA15&MA30^MA5&MA15","Transaction_Type":-1,"Stock_price":14.2812252045,"Transaction_amount":500,"Return_money":-24.0,"Rate_of_Return":-0.048},{"Date":1353542400000,"Trading_Strategy":"MA5&MA15^MA10&MA30","Transaction_Type":-1,"Stock_price":14.2812252045,"Transaction_amount":1000,"Return_money":-22.0,"Rate_of_Return":-0.022},{"Date":1353974400000,"Trading_Strategy":"MA10&MA30^STOCH","Transaction_Type":1,"Stock_price":15.2947320938,"Transaction_amount":12500,"Return_money":null,"Rate_of_Return":null},{"Date":1354060800000,"Trading_Strategy":"MA10&MA15^MACD","Transaction_Type":1,"Stock_price":15.1565256119,"Transaction_amount":18000,"Return_money":null,"Rate_of_Return":null},{"Date":1354147200000,"Trading_Strategy":"MA10&MA30^STOCH","Transaction_Type":-1,"Stock_price":15.4329366684,"Transaction_amount":12500,"Return_money":112.0,"Rate_of_Return":0.00896},{"Date":1355788800000,"Trading_Strategy":"MA10&MA15^MACD","Transaction_Type":-1,"Stock_price":15.8475532532,"Transaction_amount":18000,"Return_money":820.0,"Rate_of_Return":0.0455555556}]