[{"Date":1283126400000,"RSI":0,"MACD":0,"STOCH":0,"CCI":0,"MA5&MA10":0,"MA5&MA15":0,"MA5&MA30":0,"MA10&MA15":0,"MA10&MA30":0,"MA15&MA30":0},{"Date":1283212800000,"RSI":0,"MACD":0,"STOCH":0,"CCI":0,"MA5&MA10":0,"MA5&MA15":0,"MA5&MA30":0,"MA10&MA15":0,"MA10&MA30":0,"MA15&MA30":0},{"Date":1283299200000,"RSI":0,"MACD":0,"STOCH":0,"CCI":0,"MA5&MA10":0,"MA5&MA15":0,"MA5&MA30":0,"MA10&MA15":0,"MA10&MA30":0,"MA15&MA30":0},{"Date":1283385600000,"RSI":0,"MACD":0,"STOCH":0,"CCI":0,"MA5&MA10":0,"MA5&MA15":0,"MA5&MA30":0,"MA10&MA15":0,"MA10&MA30":0,"MA15&MA30":0},{"Date":1283472000000,"RSI":0,"MACD":0,"STOCH":0,"CCI":0,"MA5&MA10":0,"MA5&MA15":0,"MA5&MA30":0,"MA10&MA15":0,"MA10&MA30":0,"MA15&MA30":0},{"Date":1283731200000,"RSI":0,"MACD":0,"STOCH":0,"CCI":0,"MA5&MA10":0,"MA5&MA15":0,"MA5&MA30":0,"MA10&MA15":0,"MA10&MA30":0,"MA15&MA30":0},{"Date":1283817600000,"RSI":0,"MACD":0,"STOCH":0,"CCI":0,"MA5&MA10":0,"MA5&MA15":0,"MA5&MA30":0,"MA10&MA15":0,"MA10&MA30":0,"MA15&MA30":0},{"Date":1283904000000,"RSI":0,"MACD":0,"STOCH":0,"CCI":0,"MA5&MA10":0,"MA5&MA15":0,"MA5&MA30":0,"MA10&MA15":0,"MA10&MA30":0,"MA15&MA30":0},{"Date":1283990400000,"RSI":0,"MACD":0,"STOCH":0,"CCI":0,"MA5&MA10":0,"MA5&MA15":0,"MA5&MA30":0,"MA10&MA15":0,"MA10&MA30":0,"MA15&MA30":0},{"Date":1284076800000,"RSI":0,"MACD":0,"STOCH":0,"CCI":0,"MA5&MA10":0,"MA5&MA15":0,"MA5&MA30":0,"MA10&MA15":0,"MA10&MA30":0,"MA15&MA30":0},{"Date":1284336000000,"RSI":0,"MACD":0,"STOCH":0,"CCI":0,"MA5&MA10":0,"MA5&MA15":0,"MA5&MA30":0,"MA10&MA15":0,"MA10&MA30":0,"MA15&MA30":0},{"Date":1284422400000,"RSI":0,"MACD":0,"STOCH":0,"CCI":0,"MA5&MA10":0,"MA5&MA15":0,"MA5&MA30":0,"MA10&MA15":0,"MA10&MA30":0,"MA15&MA30":0},{"Date":1284508800000,"RSI":0,"MACD":0,"STOCH":0,"CCI":0,"MA5&MA10":0,"MA5&MA15":0,"MA5&MA30":0,"MA10&MA15":0,"MA10&MA30":0,"MA15&MA30":0},{"Date":1284595200000,"RSI":0,"MACD":0,"STOCH":0,"CCI":0,"MA5&MA10":0,"MA5&MA15":0,"MA5&MA30":0,"MA10&MA15":0,"MA10&MA30":0,"MA15&MA30":0},{"Date":1284681600000,"RSI":0,"MACD":0,"STOCH":0,"CCI":0,"MA5&MA10":1,"MA5&MA15":0,"MA5&MA30":0,"MA10&MA15":0,"MA10&MA30":0,"MA15&MA30":0},{"Date":1284940800000,"RSI":0,"MACD":0,"STOCH":-1,"CCI":0,"MA5&MA10":0,"MA5&MA15":0,"MA5&MA30":0,"MA10&MA15":0,"MA10&MA30":0,"MA15&MA30":0},{"Date":1285027200000,"RSI":0,"MACD":0,"STOCH":0,"CCI":0,"MA5&MA10":0,"MA5&MA15":0,"MA5&MA30":0,"MA10&MA15":0,"MA10&MA30":0,"MA15&MA30":0},{"Date":1285200000000,"RSI":0,"MACD":0,"STOCH":0,"CCI":-1,"MA5&MA10":0,"MA5&MA15":0,"MA5&MA30":0,"MA10&MA15":0,"MA10&MA30":0,"MA15&MA30":0},{"Date":1285286400000,"RSI":0,"MACD":0,"STOCH":0,"CCI":0,"MA5&MA10":0,"MA5&MA15":0,"MA5&MA30":0,"MA10&MA15":1,"MA10&MA30":0,"MA15&MA30":0},{"Date":1285545600000,"RSI":0,"MACD":0,"STOCH":0,"CCI":1,"MA5&MA10":0,"MA5&MA15":0,"MA5&MA30":0,"MA10&MA15":0,"MA10&MA30":0,"MA15&MA30":0},{"Date":1285632000000,"RSI":0,"MACD":0,"STOCH":0,"CCI":0,"MA5&MA10":-1,"MA5&MA15":0,"MA5&MA30":0,"MA10&MA15":0,"MA10&MA30":0,"MA15&MA30":0},{"Date":1285718400000,"RSI":0,"MACD":0,"STOCH":0,"CCI":0,"MA5&MA10":0,"MA5&MA15":0,"MA5&MA30":0,"MA10&MA15":0,"MA10&MA30":0,"MA15&MA30":0},{"Date":1285804800000,"RSI":0,"MACD":0,"STOCH":0,"CCI":0,"MA5&MA10":0,"MA5&MA15":0,"MA5&MA30":0,"MA10&MA15":0,"MA10&MA30":0,"MA15&MA30":0},{"Date":1285891200000,"RSI":0,"MACD":0,"STOCH":0,"CCI":0,"MA5&MA10":0,"MA5&MA15":0,"MA5&MA30":0,"MA10&MA15":0,"MA10&MA30":0,"MA15&MA30":0},{"Date":1286150400000,"RSI":0,"MACD":0,"STOCH":0,"CCI":0,"MA5&MA10":1,"MA5&MA15":0,"MA5&MA30":0,"MA10&MA15":0,"MA10&MA30":0,"MA15&MA30":0},{"Date":1286236800000,"RSI":0,"MACD":0,"STOCH":0,"CCI":0,"MA5&MA10":0,"MA5&MA15":0,"MA5&MA30":0,"MA10&MA15":-1,"MA10&MA30":0,"MA15&MA30":0},{"Date":1286323200000,"RSI":0,"MACD":0,"STOCH":0,"CCI":0,"MA5&MA10":0,"MA5&MA15":0,"MA5&MA30":0,"MA10&MA15":0,"MA10&MA30":0,"MA15&MA30":0},{"Date":1286409600000,"RSI":0,"MACD":0,"STOCH":0,"CCI":0,"MA5&MA10":0,"MA5&MA15":0,"MA5&MA30":0,"MA10&MA15":1,"MA10&MA30":0,"MA15&MA30":0},{"Date":1286496000000,"RSI":0,"MACD":0,"STOCH":0,"CCI":0,"MA5&MA10":0,"MA5&MA15":0,"MA5&MA30":0,"MA10&MA15":0,"MA10&MA30":0,"MA15&MA30":0},{"Date":1286755200000,"RSI":0,"MACD":0,"STOCH":0,"CCI":0,"MA5&MA10":0,"MA5&MA15":0,"MA5&MA30":0,"MA10&MA15":0,"MA10&MA30":0,"MA15&MA30":0},{"Date":1286841600000,"RSI":0,"MACD":0,"STOCH":0,"CCI":0,"MA5&MA10":0,"MA5&MA15":0,"MA5&MA30":0,"MA10&MA15":0,"MA10&MA30":0,"MA15&MA30":0},{"Date":1286928000000,"RSI":0,"MACD":0,"STOCH":0,"CCI":-1,"MA5&MA10":0,"MA5&MA15":0,"MA5&MA30":0,"MA10&MA15":0,"MA10&MA30":0,"MA15&MA30":0},{"Date":1287014400000,"RSI":0,"MACD":0,"STOCH":1,"CCI":1,"MA5&MA10":-1,"MA5&MA15":0,"MA5&MA30":0,"MA10&MA15":0,"MA10&MA30":0,"MA15&MA30":0},{"Date":1287100800000,"RSI":0,"MACD":0,"STOCH":0,"CCI":0,"MA5&MA10":0,"MA5&MA15":0,"MA5&MA30":0,"MA10&MA15":0,"MA10&MA30":0,"MA15&MA30":0},{"Date":1287360000000,"RSI":0,"MACD":0,"STOCH":0,"CCI":-1,"MA5&MA10":0,"MA5&MA15":-1,"MA5&MA30":0,"MA10&MA15":0,"MA10&MA30":0,"MA15&MA30":0},{"Date":1287446400000,"RSI":0,"MACD":0,"STOCH":0,"CCI":0,"MA5&MA10":0,"MA5&MA15":0,"MA5&MA30":0,"MA10&MA15":0,"MA10&MA30":0,"MA15&MA30":0},{"Date":1287532800000,"RSI":0,"MACD":0,"STOCH":0,"CCI":0,"MA5&MA10":0,"MA5&MA15":0,"MA5&MA30":0,"MA10&MA15":-1,"MA10&MA30":0,"MA15&MA30":0},{"Date":1287619200000,"RSI":0,"MACD":1,"STOCH":0,"CCI":1,"MA5&MA10":1,"MA5&MA15":1,"MA5&MA30":0,"MA10&MA15":0,"MA10&MA30":0,"MA15&MA30":0},{"Date":1287705600000,"RSI":0,"MACD":0,"STOCH":0,"CCI":0,"MA5&MA10":0,"MA5&MA15":0,"MA5&MA30":0,"MA10&MA15":0,"MA10&MA30":0,"MA15&MA30":0},{"Date":1287964800000,"RSI":0,"MACD":0,"STOCH":0,"CCI":0,"MA5&MA10":0,"MA5&MA15":0,"MA5&MA30":0,"MA10&MA15":1,"MA10&MA30":0,"MA15&MA30":0},{"Date":1288051200000,"RSI":0,"MACD":0,"STOCH":0,"CCI":0,"MA5&MA10":0,"MA5&MA15":0,"MA5&MA30":0,"MA10&MA15":0,"MA10&MA30":0,"MA15&MA30":0},{"Date":1288137600000,"RSI":0,"MACD":0,"STOCH":0,"CCI":0,"MA5&MA10":0,"MA5&MA15":0,"MA5&MA30":0,"MA10&MA15":0,"MA10&MA30":0,"MA15&MA30":0},{"Date":1288224000000,"RSI":0,"MACD":0,"STOCH":-1,"CCI":0,"MA5&MA10":0,"MA5&MA15":0,"MA5&MA30":0,"MA10&MA15":0,"MA10&MA30":0,"MA15&MA30":0},{"Date":1288310400000,"RSI":0,"MACD":0,"STOCH":0,"CCI":0,"MA5&MA10":0,"MA5&MA15":0,"MA5&MA30":0,"MA10&MA15":0,"MA10&MA30":0,"MA15&MA30":0},{"Date":1288569600000,"RSI":0,"MACD":0,"STOCH":0,"CCI":0,"MA5&MA10":0,"MA5&MA15":0,"MA5&MA30":0,"MA10&MA15":0,"MA10&MA30":0,"MA15&MA30":0},{"Date":1288656000000,"RSI":-1,"MACD":0,"STOCH":0,"CCI":0,"MA5&MA10":0,"MA5&MA15":0,"MA5&MA30":0,"MA10&MA15":0,"MA10&MA30":0,"MA15&MA30":0},{"Date":1288742400000,"RSI":0,"MACD":0,"STOCH":0,"CCI":0,"MA5&MA10":0,"MA5&MA15":0,"MA5&MA30":0,"MA10&MA15":0,"MA10&MA30":0,"MA15&MA30":0},{"Date":1288828800000,"RSI":0,"MACD":0,"STOCH":0,"CCI":0,"MA5&MA10":0,"MA5&MA15":0,"MA5&MA30":0,"MA10&MA15":0,"MA10&MA30":0,"MA15&MA30":0},{"Date":1288915200000,"RSI":-1,"MACD":0,"STOCH":0,"CCI":0,"MA5&MA10":0,"MA5&MA15":0,"MA5&MA30":0,"MA10&MA15":0,"MA10&MA30":0,"MA15&MA30":0},{"Date":1289174400000,"RSI":0,"MACD":0,"STOCH":0,"CCI":0,"MA5&MA10":-1,"MA5&MA15":0,"MA5&MA30":0,"MA10&MA15":0,"MA10&MA30":0,"MA15&MA30":0},{"Date":1289260800000,"RSI":0,"MACD":-1,"STOCH":0,"CCI":0,"MA5&MA10":0,"MA5&MA15":0,"MA5&MA30":0,"MA10&MA15":0,"MA10&MA30":0,"MA15&MA30":0},{"Date":1289347200000,"RSI":0,"MACD":0,"STOCH":0,"CCI":-1,"MA5&MA10":0,"MA5&MA15":0,"MA5&MA30":0,"MA10&MA15":0,"MA10&MA30":0,"MA15&MA30":0},{"Date":1289433600000,"RSI":0,"MACD":0,"STOCH":0,"CCI":0,"MA5&MA10":0,"MA5&MA15":-1,"MA5&MA30":0,"MA10&MA15":0,"MA10&MA30":0,"MA15&MA30":0},{"Date":1289520000000,"RSI":0,"MACD":0,"STOCH":0,"CCI":0,"MA5&MA10":0,"MA5&MA15":0,"MA5&MA30":0,"MA10&MA15":-1,"MA10&MA30":0,"MA15&MA30":0},{"Date":1289779200000,"RSI":0,"MACD":0,"STOCH":0,"CCI":0,"MA5&MA10":0,"MA5&MA15":0,"MA5&MA30":0,"MA10&MA15":0,"MA10&MA30":0,"MA15&MA30":0},{"Date":1289865600000,"RSI":0,"MACD":0,"STOCH":0,"CCI":0,"MA5&MA10":0,"MA5&MA15":0,"MA5&MA30":-1,"MA10&MA15":0,"MA10&MA30":0,"MA15&MA30":0},{"Date":1289952000000,"RSI":0,"MACD":0,"STOCH":1,"CCI":0,"MA5&MA10":0,"MA5&MA15":0,"MA5&MA30":0,"MA10&MA15":0,"MA10&MA30":0,"MA15&MA30":0},{"Date":1290038400000,"RSI":0,"MACD":0,"STOCH":0,"CCI":0,"MA5&MA10":0,"MA5&MA15":0,"MA5&MA30":0,"MA10&MA15":0,"MA10&MA30":0,"MA15&MA30":0},{"Date":1290124800000,"RSI":0,"MACD":0,"STOCH":0,"CCI":1,"MA5&MA10":0,"MA5&MA15":0,"MA5&MA30":0,"MA10&MA15":0,"MA10&MA30":0,"MA15&MA30":0},{"Date":1290384000000,"RSI":0,"MACD":0,"STOCH":0,"CCI":0,"MA5&MA10":1,"MA5&MA15":0,"MA5&MA30":1,"MA10&MA15":0,"MA10&MA30":0,"MA15&MA30":0},{"Date":1290470400000,"RSI":0,"MACD":1,"STOCH":0,"CCI":0,"MA5&MA10":0,"MA5&MA15":1,"MA5&MA30":0,"MA10&MA15":0,"MA10&MA30":0,"MA15&MA30":0},{"Date":1290556800000,"RSI":0,"MACD":0,"STOCH":0,"CCI":0,"MA5&MA10":0,"MA5&MA15":0,"MA5&MA30":0,"MA10&MA15":0,"MA10&MA30":0,"MA15&MA30":0},{"Date":1290643200000,"RSI":0,"MACD":0,"STOCH":-1,"CCI":0,"MA5&MA10":0,"MA5&MA15":0,"MA5&MA30":0,"MA10&MA15":1,"MA10&MA30":0,"MA15&MA30":0},{"Date":1290729600000,"RSI":0,"MACD":0,"STOCH":0,"CCI":0,"MA5&MA10":0,"MA5&MA15":0,"MA5&MA30":0,"MA10&MA15":0,"MA10&MA30":0,"MA15&MA30":0},{"Date":1290988800000,"RSI":0,"MACD":0,"STOCH":0,"CCI":0,"MA5&MA10":0,"MA5&MA15":0,"MA5&MA30":0,"MA10&MA15":0,"MA10&MA30":0,"MA15&MA30":0},{"Date":1291075200000,"RSI":0,"MACD":0,"STOCH":0,"CCI":0,"MA5&MA10":0,"MA5&MA15":0,"MA5&MA30":0,"MA10&MA15":0,"MA10&MA30":0,"MA15&MA30":-1},{"Date":1291161600000,"RSI":0,"MACD":0,"STOCH":0,"CCI":0,"MA5&MA10":-1,"MA5&MA15":0,"MA5&MA30":0,"MA10&MA15":0,"MA10&MA30":0,"MA15&MA30":0},{"Date":1291248000000,"RSI":0,"MACD":0,"STOCH":0,"CCI":0,"MA5&MA10":0,"MA5&MA15":0,"MA5&MA30":0,"MA10&MA15":0,"MA10&MA30":0,"MA15&MA30":0},{"Date":1291334400000,"RSI":0,"MACD":-1,"STOCH":0,"CCI":0,"MA5&MA10":0,"MA5&MA15":0,"MA5&MA30":0,"MA10&MA15":0,"MA10&MA30":0,"MA15&MA30":1},{"Date":1291593600000,"RSI":0,"MACD":0,"STOCH":0,"CCI":0,"MA5&MA10":0,"MA5&MA15":0,"MA5&MA30":0,"MA10&MA15":0,"MA10&MA30":0,"MA15&MA30":0},{"Date":1291680000000,"RSI":0,"MACD":0,"STOCH":0,"CCI":-1,"MA5&MA10":0,"MA5&MA15":0,"MA5&MA30":0,"MA10&MA15":0,"MA10&MA30":0,"MA15&MA30":0},{"Date":1291766400000,"RSI":0,"MACD":0,"STOCH":0,"CCI":0,"MA5&MA10":1,"MA5&MA15":0,"MA5&MA30":0,"MA10&MA15":-1,"MA10&MA30":0,"MA15&MA30":0},{"Date":1291852800000,"RSI":0,"MACD":0,"STOCH":0,"CCI":0,"MA5&MA10":0,"MA5&MA15":-1,"MA5&MA30":0,"MA10&MA15":0,"MA10&MA30":0,"MA15&MA30":0},{"Date":1291939200000,"RSI":0,"MACD":0,"STOCH":0,"CCI":1,"MA5&MA10":0,"MA5&MA15":0,"MA5&MA30":0,"MA10&MA15":0,"MA10&MA30":0,"MA15&MA30":0},{"Date":1292198400000,"RSI":0,"MACD":0,"STOCH":0,"CCI":0,"MA5&MA10":0,"MA5&MA15":1,"MA5&MA30":0,"MA10&MA15":0,"MA10&MA30":0,"MA15&MA30":0},{"Date":1292284800000,"RSI":0,"MACD":1,"STOCH":0,"CCI":0,"MA5&MA10":0,"MA5&MA15":0,"MA5&MA30":0,"MA10&MA15":1,"MA10&MA30":0,"MA15&MA30":0},{"Date":1292371200000,"RSI":0,"MACD":0,"STOCH":0,"CCI":0,"MA5&MA10":0,"MA5&MA15":0,"MA5&MA30":0,"MA10&MA15":0,"MA10&MA30":0,"MA15&MA30":0},{"Date":1292457600000,"RSI":0,"MACD":0,"STOCH":0,"CCI":0,"MA5&MA10":0,"MA5&MA15":0,"MA5&MA30":0,"MA10&MA15":0,"MA10&MA30":0,"MA15&MA30":0},{"Date":1292544000000,"RSI":0,"MACD":0,"STOCH":0,"CCI":0,"MA5&MA10":0,"MA5&MA15":0,"MA5&MA30":0,"MA10&MA15":0,"MA10&MA30":0,"MA15&MA30":0},{"Date":1292803200000,"RSI":0,"MACD":0,"STOCH":0,"CCI":0,"MA5&MA10":0,"MA5&MA15":0,"MA5&MA30":0,"MA10&MA15":0,"MA10&MA30":0,"MA15&MA30":0},{"Date":1292889600000,"RSI":0,"MACD":0,"STOCH":0,"CCI":0,"MA5&MA10":0,"MA5&MA15":0,"MA5&MA30":0,"MA10&MA15":0,"MA10&MA30":0,"MA15&MA30":0},{"Date":1292976000000,"RSI":0,"MACD":0,"STOCH":0,"CCI":0,"MA5&MA10":0,"MA5&MA15":0,"MA5&MA30":0,"MA10&MA15":0,"MA10&MA30":0,"MA15&MA30":0},{"Date":1293062400000,"RSI":0,"MACD":0,"STOCH":0,"CCI":0,"MA5&MA10":0,"MA5&MA15":0,"MA5&MA30":0,"MA10&MA15":0,"MA10&MA30":0,"MA15&MA30":0},{"Date":1293148800000,"RSI":0,"MACD":0,"STOCH":0,"CCI":0,"MA5&MA10":0,"MA5&MA15":0,"MA5&MA30":0,"MA10&MA15":0,"MA10&MA30":0,"MA15&MA30":0},{"Date":1293408000000,"RSI":-1,"MACD":0,"STOCH":0,"CCI":0,"MA5&MA10":0,"MA5&MA15":0,"MA5&MA30":0,"MA10&MA15":0,"MA10&MA30":0,"MA15&MA30":0},{"Date":1293494400000,"RSI":0,"MACD":0,"STOCH":0,"CCI":0,"MA5&MA10":0,"MA5&MA15":0,"MA5&MA30":0,"MA10&MA15":0,"MA10&MA30":0,"MA15&MA30":0},{"Date":1293580800000,"RSI":0,"MACD":0,"STOCH":0,"CCI":0,"MA5&MA10":0,"MA5&MA15":0,"MA5&MA30":0,"MA10&MA15":0,"MA10&MA30":0,"MA15&MA30":0},{"Date":1293667200000,"RSI":0,"MACD":0,"STOCH":0,"CCI":0,"MA5&MA10":0,"MA5&MA15":0,"MA5&MA30":0,"MA10&MA15":0,"MA10&MA30":0,"MA15&MA30":0},{"Date":1293753600000,"RSI":0,"MACD":0,"STOCH":0,"CCI":0,"MA5&MA10":0,"MA5&MA15":0,"MA5&MA30":0,"MA10&MA15":0,"MA10&MA30":0,"MA15&MA30":0},{"Date":1294012800000,"RSI":0,"MACD":0,"STOCH":0,"CCI":0,"MA5&MA10":0,"MA5&MA15":0,"MA5&MA30":0,"MA10&MA15":0,"MA10&MA30":0,"MA15&MA30":0},{"Date":1294099200000,"RSI":0,"MACD":0,"STOCH":0,"CCI":0,"MA5&MA10":0,"MA5&MA15":0,"MA5&MA30":0,"MA10&MA15":0,"MA10&MA30":0,"MA15&MA30":0},{"Date":1294185600000,"RSI":-1,"MACD":0,"STOCH":0,"CCI":0,"MA5&MA10":0,"MA5&MA15":0,"MA5&MA30":0,"MA10&MA15":0,"MA10&MA30":0,"MA15&MA30":0},{"Date":1294272000000,"RSI":0,"MACD":0,"STOCH":0,"CCI":0,"MA5&MA10":0,"MA5&MA15":0,"MA5&MA30":0,"MA10&MA15":0,"MA10&MA30":0,"MA15&MA30":0},{"Date":1294358400000,"RSI":0,"MACD":-1,"STOCH":0,"CCI":0,"MA5&MA10":0,"MA5&MA15":0,"MA5&MA30":0,"MA10&MA15":0,"MA10&MA30":0,"MA15&MA30":0},{"Date":1294617600000,"RSI":0,"MACD":0,"STOCH":0,"CCI":0,"MA5&MA10":-1,"MA5&MA15":0,"MA5&MA30":0,"MA10&MA15":0,"MA10&MA30":0,"MA15&MA30":0},{"Date":1294704000000,"RSI":0,"MACD":0,"STOCH":0,"CCI":0,"MA5&MA10":0,"MA5&MA15":0,"MA5&MA30":0,"MA10&MA15":0,"MA10&MA30":0,"MA15&MA30":0},{"Date":1294790400000,"RSI":0,"MACD":0,"STOCH":0,"CCI":0,"MA5&MA10":0,"MA5&MA15":0,"MA5&MA30":0,"MA10&MA15":0,"MA10&MA30":0,"MA15&MA30":0},{"Date":1294876800000,"RSI":0,"MACD":0,"STOCH":0,"CCI":0,"MA5&MA10":1,"MA5&MA15":0,"MA5&MA30":0,"MA10&MA15":0,"MA10&MA30":0,"MA15&MA30":0},{"Date":1294963200000,"RSI":0,"MACD":0,"STOCH":-1,"CCI":0,"MA5&MA10":0,"MA5&MA15":0,"MA5&MA30":0,"MA10&MA15":0,"MA10&MA30":0,"MA15&MA30":0},{"Date":1295222400000,"RSI":0,"MACD":0,"STOCH":0,"CCI":-1,"MA5&MA10":0,"MA5&MA15":0,"MA5&MA30":0,"MA10&MA15":-1,"MA10&MA30":0,"MA15&MA30":0},{"Date":1295308800000,"RSI":0,"MACD":0,"STOCH":0,"CCI":0,"MA5&MA10":0,"MA5&MA15":-1,"MA5&MA30":0,"MA10&MA15":0,"MA10&MA30":0,"MA15&MA30":0},{"Date":1295395200000,"RSI":0,"MACD":0,"STOCH":0,"CCI":0,"MA5&MA10":-1,"MA5&MA15":0,"MA5&MA30":0,"MA10&MA15":0,"MA10&MA30":0,"MA15&MA30":0},{"Date":1295481600000,"RSI":0,"MACD":0,"STOCH":0,"CCI":0,"MA5&MA10":0,"MA5&MA15":0,"MA5&MA30":0,"MA10&MA15":0,"MA10&MA30":0,"MA15&MA30":0},{"Date":1295568000000,"RSI":0,"MACD":0,"STOCH":0,"CCI":0,"MA5&MA10":0,"MA5&MA15":0,"MA5&MA30":0,"MA10&MA15":0,"MA10&MA30":0,"MA15&MA30":0},{"Date":1295827200000,"RSI":0,"MACD":0,"STOCH":0,"CCI":0,"MA5&MA10":0,"MA5&MA15":0,"MA5&MA30":0,"MA10&MA15":0,"MA10&MA30":0,"MA15&MA30":0},{"Date":1295913600000,"RSI":0,"MACD":0,"STOCH":0,"CCI":0,"MA5&MA10":0,"MA5&MA15":0,"MA5&MA30":0,"MA10&MA15":0,"MA10&MA30":0,"MA15&MA30":0},{"Date":1296000000000,"RSI":0,"MACD":0,"STOCH":0,"CCI":1,"MA5&MA10":0,"MA5&MA15":0,"MA5&MA30":0,"MA10&MA15":0,"MA10&MA30":0,"MA15&MA30":0},{"Date":1296086400000,"RSI":0,"MACD":0,"STOCH":0,"CCI":0,"MA5&MA10":1,"MA5&MA15":0,"MA5&MA30":0,"MA10&MA15":0,"MA10&MA30":0,"MA15&MA30":0},{"Date":1296172800000,"RSI":0,"MACD":0,"STOCH":0,"CCI":0,"MA5&MA10":0,"MA5&MA15":1,"MA5&MA30":0,"MA10&MA15":0,"MA10&MA30":0,"MA15&MA30":0},{"Date":1297123200000,"RSI":0,"MACD":0,"STOCH":-1,"CCI":0,"MA5&MA10":0,"MA5&MA15":0,"MA5&MA30":0,"MA10&MA15":0,"MA10&MA30":0,"MA15&MA30":0},{"Date":1297209600000,"RSI":0,"MACD":0,"STOCH":0,"CCI":0,"MA5&MA10":0,"MA5&MA15":0,"MA5&MA30":0,"MA10&MA15":0,"MA10&MA30":0,"MA15&MA30":0},{"Date":1297296000000,"RSI":0,"MACD":0,"STOCH":0,"CCI":0,"MA5&MA10":0,"MA5&MA15":0,"MA5&MA30":0,"MA10&MA15":0,"MA10&MA30":-1,"MA15&MA30":0},{"Date":1297382400000,"RSI":0,"MACD":0,"STOCH":0,"CCI":-1,"MA5&MA10":0,"MA5&MA15":0,"MA5&MA30":-1,"MA10&MA15":1,"MA10&MA30":0,"MA15&MA30":-1},{"Date":1297641600000,"RSI":0,"MACD":0,"STOCH":0,"CCI":0,"MA5&MA10":-1,"MA5&MA15":-1,"MA5&MA30":0,"MA10&MA15":0,"MA10&MA30":0,"MA15&MA30":0},{"Date":1297728000000,"RSI":0,"MACD":0,"STOCH":0,"CCI":0,"MA5&MA10":0,"MA5&MA15":0,"MA5&MA30":0,"MA10&MA15":0,"MA10&MA30":0,"MA15&MA30":0},{"Date":1297814400000,"RSI":0,"MACD":0,"STOCH":0,"CCI":0,"MA5&MA10":0,"MA5&MA15":0,"MA5&MA30":0,"MA10&MA15":0,"MA10&MA30":0,"MA15&MA30":0},{"Date":1297900800000,"RSI":0,"MACD":-1,"STOCH":0,"CCI":0,"MA5&MA10":0,"MA5&MA15":0,"MA5&MA30":0,"MA10&MA15":-1,"MA10&MA30":0,"MA15&MA30":0},{"Date":1297987200000,"RSI":0,"MACD":0,"STOCH":0,"CCI":0,"MA5&MA10":0,"MA5&MA15":0,"MA5&MA30":0,"MA10&MA15":0,"MA10&MA30":0,"MA15&MA30":0},{"Date":1298246400000,"RSI":0,"MACD":0,"STOCH":1,"CCI":0,"MA5&MA10":0,"MA5&MA15":0,"MA5&MA30":0,"MA10&MA15":0,"MA10&MA30":0,"MA15&MA30":0},{"Date":1298332800000,"RSI":0,"MACD":0,"STOCH":0,"CCI":0,"MA5&MA10":0,"MA5&MA15":0,"MA5&MA30":0,"MA10&MA15":0,"MA10&MA30":0,"MA15&MA30":0},{"Date":1298419200000,"RSI":0,"MACD":0,"STOCH":0,"CCI":0,"MA5&MA10":0,"MA5&MA15":0,"MA5&MA30":0,"MA10&MA15":0,"MA10&MA30":0,"MA15&MA30":0},{"Date":1298505600000,"RSI":0,"MACD":0,"STOCH":0,"CCI":0,"MA5&MA10":0,"MA5&MA15":0,"MA5&MA30":0,"MA10&MA15":0,"MA10&MA30":0,"MA15&MA30":0},{"Date":1298592000000,"RSI":0,"MACD":0,"STOCH":1,"CCI":0,"MA5&MA10":0,"MA5&MA15":0,"MA5&MA30":0,"MA10&MA15":0,"MA10&MA30":0,"MA15&MA30":0},{"Date":1298937600000,"RSI":0,"MACD":0,"STOCH":0,"CCI":0,"MA5&MA10":0,"MA5&MA15":0,"MA5&MA30":0,"MA10&MA15":0,"MA10&MA30":0,"MA15&MA30":0},{"Date":1299024000000,"RSI":0,"MACD":0,"STOCH":0,"CCI":0,"MA5&MA10":0,"MA5&MA15":0,"MA5&MA30":0,"MA10&MA15":0,"MA10&MA30":0,"MA15&MA30":0},{"Date":1299110400000,"RSI":0,"MACD":0,"STOCH":0,"CCI":0,"MA5&MA10":0,"MA5&MA15":0,"MA5&MA30":0,"MA10&MA15":0,"MA10&MA30":0,"MA15&MA30":0},{"Date":1299196800000,"RSI":0,"MACD":0,"STOCH":0,"CCI":0,"MA5&MA10":1,"MA5&MA15":0,"MA5&MA30":0,"MA10&MA15":0,"MA10&MA30":0,"MA15&MA30":0},{"Date":1299456000000,"RSI":0,"MACD":0,"STOCH":0,"CCI":0,"MA5&MA10":0,"MA5&MA15":0,"MA5&MA30":0,"MA10&MA15":0,"MA10&MA30":0,"MA15&MA30":0},{"Date":1299542400000,"RSI":0,"MACD":0,"STOCH":0,"CCI":0,"MA5&MA10":-1,"MA5&MA15":0,"MA5&MA30":0,"MA10&MA15":0,"MA10&MA30":0,"MA15&MA30":0},{"Date":1299628800000,"RSI":0,"MACD":0,"STOCH":0,"CCI":0,"MA5&MA10":0,"MA5&MA15":0,"MA5&MA30":0,"MA10&MA15":0,"MA10&MA30":0,"MA15&MA30":0},{"Date":1299715200000,"RSI":0,"MACD":0,"STOCH":0,"CCI":0,"MA5&MA10":0,"MA5&MA15":0,"MA5&MA30":0,"MA10&MA15":0,"MA10&MA30":0,"MA15&MA30":0},{"Date":1299801600000,"RSI":0,"MACD":0,"STOCH":1,"CCI":0,"MA5&MA10":0,"MA5&MA15":0,"MA5&MA30":0,"MA10&MA15":0,"MA10&MA30":0,"MA15&MA30":0},{"Date":1300060800000,"RSI":0,"MACD":0,"STOCH":0,"CCI":0,"MA5&MA10":0,"MA5&MA15":0,"MA5&MA30":0,"MA10&MA15":0,"MA10&MA30":0,"MA15&MA30":0},{"Date":1300147200000,"RSI":0,"MACD":0,"STOCH":0,"CCI":0,"MA5&MA10":0,"MA5&MA15":0,"MA5&MA30":0,"MA10&MA15":0,"MA10&MA30":0,"MA15&MA30":0},{"Date":1300233600000,"RSI":1,"MACD":0,"STOCH":0,"CCI":0,"MA5&MA10":0,"MA5&MA15":0,"MA5&MA30":0,"MA10&MA15":0,"MA10&MA30":0,"MA15&MA30":0},{"Date":1300320000000,"RSI":0,"MACD":0,"STOCH":0,"CCI":0,"MA5&MA10":0,"MA5&MA15":0,"MA5&MA30":0,"MA10&MA15":0,"MA10&MA30":0,"MA15&MA30":0},{"Date":1300406400000,"RSI":0,"MACD":0,"STOCH":0,"CCI":0,"MA5&MA10":0,"MA5&MA15":0,"MA5&MA30":0,"MA10&MA15":0,"MA10&MA30":0,"MA15&MA30":0},{"Date":1300665600000,"RSI":0,"MACD":0,"STOCH":0,"CCI":0,"MA5&MA10":0,"MA5&MA15":0,"MA5&MA30":0,"MA10&MA15":0,"MA10&MA30":0,"MA15&MA30":0},{"Date":1300752000000,"RSI":0,"MACD":1,"STOCH":0,"CCI":0,"MA5&MA10":0,"MA5&MA15":0,"MA5&MA30":0,"MA10&MA15":0,"MA10&MA30":0,"MA15&MA30":0},{"Date":1300838400000,"RSI":0,"MACD":0,"STOCH":0,"CCI":1,"MA5&MA10":1,"MA5&MA15":0,"MA5&MA30":0,"MA10&MA15":0,"MA10&MA30":0,"MA15&MA30":0},{"Date":1300924800000,"RSI":0,"MACD":0,"STOCH":-1,"CCI":0,"MA5&MA10":0,"MA5&MA15":0,"MA5&MA30":0,"MA10&MA15":0,"MA10&MA30":0,"MA15&MA30":0},{"Date":1301011200000,"RSI":0,"MACD":0,"STOCH":0,"CCI":0,"MA5&MA10":0,"MA5&MA15":1,"MA5&MA30":0,"MA10&MA15":0,"MA10&MA30":0,"MA15&MA30":0},{"Date":1301270400000,"RSI":0,"MACD":0,"STOCH":0,"CCI":0,"MA5&MA10":0,"MA5&MA15":0,"MA5&MA30":0,"MA10&MA15":0,"MA10&MA30":0,"MA15&MA30":0},{"Date":1301356800000,"RSI":0,"MACD":0,"STOCH":0,"CCI":0,"MA5&MA10":0,"MA5&MA15":0,"MA5&MA30":0,"MA10&MA15":0,"MA10&MA30":0,"MA15&MA30":0},{"Date":1301443200000,"RSI":0,"MACD":0,"STOCH":0,"CCI":0,"MA5&MA10":0,"MA5&MA15":0,"MA5&MA30":0,"MA10&MA15":1,"MA10&MA30":0,"MA15&MA30":0},{"Date":1301529600000,"RSI":0,"MACD":0,"STOCH":0,"CCI":0,"MA5&MA10":0,"MA5&MA15":0,"MA5&MA30":0,"MA10&MA15":0,"MA10&MA30":0,"MA15&MA30":0},{"Date":1301616000000,"RSI":0,"MACD":0,"STOCH":0,"CCI":0,"MA5&MA10":0,"MA5&MA15":0,"MA5&MA30":0,"MA10&MA15":0,"MA10&MA30":0,"MA15&MA30":0},{"Date":1302048000000,"RSI":0,"MACD":0,"STOCH":0,"CCI":0,"MA5&MA10":-1,"MA5&MA15":0,"MA5&MA30":0,"MA10&MA15":0,"MA10&MA30":0,"MA15&MA30":0},{"Date":1302134400000,"RSI":0,"MACD":0,"STOCH":0,"CCI":0,"MA5&MA10":1,"MA5&MA15":0,"MA5&MA30":0,"MA10&MA15":0,"MA10&MA30":0,"MA15&MA30":0},{"Date":1302220800000,"RSI":0,"MACD":0,"STOCH":0,"CCI":0,"MA5&MA10":0,"MA5&MA15":0,"MA5&MA30":0,"MA10&MA15":0,"MA10&MA30":0,"MA15&MA30":0},{"Date":1302480000000,"RSI":0,"MACD":0,"STOCH":0,"CCI":0,"MA5&MA10":0,"MA5&MA15":0,"MA5&MA30":1,"MA10&MA15":0,"MA10&MA30":0,"MA15&MA30":0},{"Date":1302566400000,"RSI":0,"MACD":0,"STOCH":0,"CCI":0,"MA5&MA10":0,"MA5&MA15":0,"MA5&MA30":0,"MA10&MA15":0,"MA10&MA30":0,"MA15&MA30":0},{"Date":1302652800000,"RSI":0,"MACD":0,"STOCH":0,"CCI":0,"MA5&MA10":0,"MA5&MA15":0,"MA5&MA30":0,"MA10&MA15":0,"MA10&MA30":1,"MA15&MA30":0},{"Date":1302739200000,"RSI":0,"MACD":0,"STOCH":0,"CCI":0,"MA5&MA10":0,"MA5&MA15":0,"MA5&MA30":0,"MA10&MA15":0,"MA10&MA30":0,"MA15&MA30":1},{"Date":1302825600000,"RSI":0,"MACD":0,"STOCH":0,"CCI":0,"MA5&MA10":0,"MA5&MA15":0,"MA5&MA30":0,"MA10&MA15":0,"MA10&MA30":0,"MA15&MA30":0},{"Date":1303084800000,"RSI":0,"MACD":0,"STOCH":0,"CCI":0,"MA5&MA10":0,"MA5&MA15":0,"MA5&MA30":0,"MA10&MA15":0,"MA10&MA30":0,"MA15&MA30":0},{"Date":1303171200000,"RSI":0,"MACD":0,"STOCH":0,"CCI":0,"MA5&MA10":0,"MA5&MA15":0,"MA5&MA30":0,"MA10&MA15":0,"MA10&MA30":0,"MA15&MA30":0},{"Date":1303257600000,"RSI":0,"MACD":0,"STOCH":0,"CCI":0,"MA5&MA10":-1,"MA5&MA15":0,"MA5&MA30":0,"MA10&MA15":0,"MA10&MA30":0,"MA15&MA30":0},{"Date":1303344000000,"RSI":0,"MACD":1,"STOCH":0,"CCI":0,"MA5&MA10":0,"MA5&MA15":0,"MA5&MA30":0,"MA10&MA15":0,"MA10&MA30":0,"MA15&MA30":0},{"Date":1303430400000,"RSI":0,"MACD":0,"STOCH":0,"CCI":0,"MA5&MA10":1,"MA5&MA15":0,"MA5&MA30":0,"MA10&MA15":0,"MA10&MA30":0,"MA15&MA30":0},{"Date":1303689600000,"RSI":0,"MACD":0,"STOCH":0,"CCI":0,"MA5&MA10":0,"MA5&MA15":0,"MA5&MA30":0,"MA10&MA15":0,"MA10&MA30":0,"MA15&MA30":0},{"Date":1303776000000,"RSI":0,"MACD":0,"STOCH":0,"CCI":0,"MA5&MA10":0,"MA5&MA15":0,"MA5&MA30":0,"MA10&MA15":0,"MA10&MA30":0,"MA15&MA30":0},{"Date":1303862400000,"RSI":0,"MACD":0,"STOCH":-1,"CCI":0,"MA5&MA10":0,"MA5&MA15":0,"MA5&MA30":0,"MA10&MA15":0,"MA10&MA30":0,"MA15&MA30":0},{"Date":1303948800000,"RSI":0,"MACD":0,"STOCH":0,"CCI":0,"MA5&MA10":0,"MA5&MA15":0,"MA5&MA30":0,"MA10&MA15":0,"MA10&MA30":0,"MA15&MA30":0},{"Date":1304035200000,"RSI":0,"MACD":0,"STOCH":0,"CCI":0,"MA5&MA10":0,"MA5&MA15":0,"MA5&MA30":0,"MA10&MA15":0,"MA10&MA30":0,"MA15&MA30":0},{"Date":1304380800000,"RSI":0,"MACD":0,"STOCH":0,"CCI":0,"MA5&MA10":0,"MA5&MA15":0,"MA5&MA30":0,"MA10&MA15":0,"MA10&MA30":0,"MA15&MA30":0},{"Date":1304467200000,"RSI":0,"MACD":0,"STOCH":0,"CCI":0,"MA5&MA10":0,"MA5&MA15":0,"MA5&MA30":0,"MA10&MA15":0,"MA10&MA30":0,"MA15&MA30":0},{"Date":1304553600000,"RSI":0,"MACD":0,"STOCH":0,"CCI":0,"MA5&MA10":-1,"MA5&MA15":0,"MA5&MA30":0,"MA10&MA15":0,"MA10&MA30":0,"MA15&MA30":0},{"Date":1304640000000,"RSI":0,"MACD":0,"STOCH":0,"CCI":0,"MA5&MA10":0,"MA5&MA15":0,"MA5&MA30":0,"MA10&MA15":0,"MA10&MA30":0,"MA15&MA30":0},{"Date":1304899200000,"RSI":0,"MACD":0,"STOCH":0,"CCI":0,"MA5&MA10":1,"MA5&MA15":0,"MA5&MA30":0,"MA10&MA15":0,"MA10&MA30":0,"MA15&MA30":0},{"Date":1304985600000,"RSI":0,"MACD":0,"STOCH":0,"CCI":0,"MA5&MA10":0,"MA5&MA15":0,"MA5&MA30":0,"MA10&MA15":0,"MA10&MA30":0,"MA15&MA30":0},{"Date":1305072000000,"RSI":0,"MACD":0,"STOCH":0,"CCI":0,"MA5&MA10":0,"MA5&MA15":0,"MA5&MA30":0,"MA10&MA15":0,"MA10&MA30":0,"MA15&MA30":0},{"Date":1305158400000,"RSI":0,"MACD":0,"STOCH":0,"CCI":-1,"MA5&MA10":0,"MA5&MA15":0,"MA5&MA30":0,"MA10&MA15":0,"MA10&MA30":0,"MA15&MA30":0},{"Date":1305244800000,"RSI":0,"MACD":-1,"STOCH":0,"CCI":0,"MA5&MA10":0,"MA5&MA15":0,"MA5&MA30":0,"MA10&MA15":0,"MA10&MA30":0,"MA15&MA30":0},{"Date":1305504000000,"RSI":0,"MACD":0,"STOCH":0,"CCI":0,"MA5&MA10":-1,"MA5&MA15":-1,"MA5&MA30":0,"MA10&MA15":0,"MA10&MA30":0,"MA15&MA30":0},{"Date":1305590400000,"RSI":0,"MACD":0,"STOCH":1,"CCI":0,"MA5&MA10":0,"MA5&MA15":0,"MA5&MA30":0,"MA10&MA15":0,"MA10&MA30":0,"MA15&MA30":0},{"Date":1305676800000,"RSI":0,"MACD":0,"STOCH":0,"CCI":0,"MA5&MA10":0,"MA5&MA15":0,"MA5&MA30":0,"MA10&MA15":0,"MA10&MA30":0,"MA15&MA30":0},{"Date":1305763200000,"RSI":0,"MACD":0,"STOCH":0,"CCI":0,"MA5&MA10":0,"MA5&MA15":0,"MA5&MA30":0,"MA10&MA15":0,"MA10&MA30":0,"MA15&MA30":0},{"Date":1305849600000,"RSI":0,"MACD":0,"STOCH":0,"CCI":0,"MA5&MA10":0,"MA5&MA15":0,"MA5&MA30":-1,"MA10&MA15":-1,"MA10&MA30":0,"MA15&MA30":0},{"Date":1306108800000,"RSI":0,"MACD":-1,"STOCH":0,"CCI":0,"MA5&MA10":0,"MA5&MA15":0,"MA5&MA30":0,"MA10&MA15":0,"MA10&MA30":0,"MA15&MA30":0},{"Date":1306195200000,"RSI":0,"MACD":0,"STOCH":0,"CCI":0,"MA5&MA10":0,"MA5&MA15":0,"MA5&MA30":0,"MA10&MA15":0,"MA10&MA30":-1,"MA15&MA30":0},{"Date":1306281600000,"RSI":0,"MACD":0,"STOCH":0,"CCI":0,"MA5&MA10":0,"MA5&MA15":0,"MA5&MA30":0,"MA10&MA15":0,"MA10&MA30":0,"MA15&MA30":0},{"Date":1306368000000,"RSI":0,"MACD":0,"STOCH":0,"CCI":0,"MA5&MA10":0,"MA5&MA15":0,"MA5&MA30":0,"MA10&MA15":0,"MA10&MA30":0,"MA15&MA30":0},{"Date":1306454400000,"RSI":0,"MACD":0,"STOCH":0,"CCI":0,"MA5&MA10":0,"MA5&MA15":0,"MA5&MA30":0,"MA10&MA15":0,"MA10&MA30":0,"MA15&MA30":-1},{"Date":1306713600000,"RSI":0,"MACD":0,"STOCH":0,"CCI":0,"MA5&MA10":0,"MA5&MA15":0,"MA5&MA30":0,"MA10&MA15":0,"MA10&MA30":0,"MA15&MA30":0},{"Date":1306800000000,"RSI":0,"MACD":0,"STOCH":0,"CCI":1,"MA5&MA10":0,"MA5&MA15":0,"MA5&MA30":0,"MA10&MA15":0,"MA10&MA30":0,"MA15&MA30":0},{"Date":1306886400000,"RSI":0,"MACD":0,"STOCH":0,"CCI":0,"MA5&MA10":1,"MA5&MA15":0,"MA5&MA30":0,"MA10&MA15":0,"MA10&MA30":0,"MA15&MA30":0},{"Date":1306972800000,"RSI":0,"MACD":0,"STOCH":-1,"CCI":-1,"MA5&MA10":0,"MA5&MA15":1,"MA5&MA30":0,"MA10&MA15":0,"MA10&MA30":0,"MA15&MA30":0},{"Date":1307059200000,"RSI":0,"MACD":0,"STOCH":0,"CCI":0,"MA5&MA10":0,"MA5&MA15":0,"MA5&MA30":0,"MA10&MA15":0,"MA10&MA30":0,"MA15&MA30":0},{"Date":1307404800000,"RSI":0,"MACD":0,"STOCH":0,"CCI":0,"MA5&MA10":0,"MA5&MA15":-1,"MA5&MA30":0,"MA10&MA15":0,"MA10&MA30":0,"MA15&MA30":0},{"Date":1307491200000,"RSI":0,"MACD":0,"STOCH":0,"CCI":0,"MA5&MA10":-1,"MA5&MA15":0,"MA5&MA30":0,"MA10&MA15":0,"MA10&MA30":0,"MA15&MA30":0},{"Date":1307577600000,"RSI":0,"MACD":0,"STOCH":0,"CCI":0,"MA5&MA10":0,"MA5&MA15":0,"MA5&MA30":0,"MA10&MA15":1,"MA10&MA30":0,"MA15&MA30":0},{"Date":1307664000000,"RSI":0,"MACD":0,"STOCH":1,"CCI":0,"MA5&MA10":0,"MA5&MA15":0,"MA5&MA30":0,"MA10&MA15":0,"MA10&MA30":0,"MA15&MA30":0},{"Date":1307923200000,"RSI":0,"MACD":0,"STOCH":0,"CCI":0,"MA5&MA10":0,"MA5&MA15":0,"MA5&MA30":0,"MA10&MA15":-1,"MA10&MA30":0,"MA15&MA30":0},{"Date":1308009600000,"RSI":0,"MACD":0,"STOCH":0,"CCI":0,"MA5&MA10":0,"MA5&MA15":0,"MA5&MA30":0,"MA10&MA15":0,"MA10&MA30":0,"MA15&MA30":0},{"Date":1308096000000,"RSI":0,"MACD":0,"STOCH":0,"CCI":0,"MA5&MA10":0,"MA5&MA15":0,"MA5&MA30":0,"MA10&MA15":0,"MA10&MA30":0,"MA15&MA30":0},{"Date":1308182400000,"RSI":0,"MACD":0,"STOCH":0,"CCI":0,"MA5&MA10":0,"MA5&MA15":0,"MA5&MA30":0,"MA10&MA15":0,"MA10&MA30":0,"MA15&MA30":0},{"Date":1308268800000,"RSI":0,"MACD":0,"STOCH":0,"CCI":0,"MA5&MA10":0,"MA5&MA15":0,"MA5&MA30":0,"MA10&MA15":0,"MA10&MA30":0,"MA15&MA30":0},{"Date":1308528000000,"RSI":0,"MACD":0,"STOCH":0,"CCI":0,"MA5&MA10":0,"MA5&MA15":0,"MA5&MA30":0,"MA10&MA15":0,"MA10&MA30":0,"MA15&MA30":0},{"Date":1308614400000,"RSI":1,"MACD":0,"STOCH":1,"CCI":0,"MA5&MA10":0,"MA5&MA15":0,"MA5&MA30":0,"MA10&MA15":0,"MA10&MA30":0,"MA15&MA30":0},{"Date":1308700800000,"RSI":0,"MACD":0,"STOCH":0,"CCI":0,"MA5&MA10":0,"MA5&MA15":0,"MA5&MA30":0,"MA10&MA15":0,"MA10&MA30":0,"MA15&MA30":0},{"Date":1308787200000,"RSI":0,"MACD":0,"STOCH":0,"CCI":0,"MA5&MA10":0,"MA5&MA15":0,"MA5&MA30":0,"MA10&MA15":0,"MA10&MA30":0,"MA15&MA30":0},{"Date":1308873600000,"RSI":1,"MACD":0,"STOCH":0,"CCI":0,"MA5&MA10":0,"MA5&MA15":0,"MA5&MA30":0,"MA10&MA15":0,"MA10&MA30":0,"MA15&MA30":0},{"Date":1309132800000,"RSI":0,"MACD":0,"STOCH":0,"CCI":0,"MA5&MA10":0,"MA5&MA15":0,"MA5&MA30":0,"MA10&MA15":0,"MA10&MA30":0,"MA15&MA30":0},{"Date":1309219200000,"RSI":0,"MACD":0,"STOCH":0,"CCI":0,"MA5&MA10":0,"MA5&MA15":0,"MA5&MA30":0,"MA10&MA15":0,"MA10&MA30":0,"MA15&MA30":0},{"Date":1309305600000,"RSI":0,"MACD":0,"STOCH":0,"CCI":0,"MA5&MA10":0,"MA5&MA15":0,"MA5&MA30":0,"MA10&MA15":0,"MA10&MA30":0,"MA15&MA30":0},{"Date":1309392000000,"RSI":0,"MACD":1,"STOCH":0,"CCI":0,"MA5&MA10":1,"MA5&MA15":0,"MA5&MA30":0,"MA10&MA15":0,"MA10&MA30":0,"MA15&MA30":0},{"Date":1309478400000,"RSI":0,"MACD":0,"STOCH":0,"CCI":1,"MA5&MA10":0,"MA5&MA15":0,"MA5&MA30":0,"MA10&MA15":0,"MA10&MA30":0,"MA15&MA30":0},{"Date":1309737600000,"RSI":0,"MACD":0,"STOCH":0,"CCI":0,"MA5&MA10":0,"MA5&MA15":1,"MA5&MA30":0,"MA10&MA15":0,"MA10&MA30":0,"MA15&MA30":0},{"Date":1309824000000,"RSI":0,"MACD":0,"STOCH":0,"CCI":-1,"MA5&MA10":0,"MA5&MA15":0,"MA5&MA30":0,"MA10&MA15":0,"MA10&MA30":0,"MA15&MA30":0},{"Date":1309910400000,"RSI":0,"MACD":0,"STOCH":0,"CCI":0,"MA5&MA10":0,"MA5&MA15":0,"MA5&MA30":0,"MA10&MA15":0,"MA10&MA30":0,"MA15&MA30":0},{"Date":1309996800000,"RSI":0,"MACD":0,"STOCH":0,"CCI":0,"MA5&MA10":-1,"MA5&MA15":-1,"MA5&MA30":0,"MA10&MA15":1,"MA10&MA30":0,"MA15&MA30":0},{"Date":1310083200000,"RSI":0,"MACD":0,"STOCH":1,"CCI":0,"MA5&MA10":0,"MA5&MA15":0,"MA5&MA30":0,"MA10&MA15":0,"MA10&MA30":0,"MA15&MA30":0},{"Date":1310342400000,"RSI":0,"MACD":0,"STOCH":0,"CCI":1,"MA5&MA10":0,"MA5&MA15":0,"MA5&MA30":0,"MA10&MA15":0,"MA10&MA30":0,"MA15&MA30":0},{"Date":1310428800000,"RSI":0,"MACD":0,"STOCH":0,"CCI":-1,"MA5&MA10":0,"MA5&MA15":0,"MA5&MA30":0,"MA10&MA15":0,"MA10&MA30":0,"MA15&MA30":0},{"Date":1310515200000,"RSI":0,"MACD":0,"STOCH":0,"CCI":0,"MA5&MA10":0,"MA5&MA15":0,"MA5&MA30":0,"MA10&MA15":0,"MA10&MA30":0,"MA15&MA30":0},{"Date":1310601600000,"RSI":0,"MACD":-1,"STOCH":0,"CCI":0,"MA5&MA10":0,"MA5&MA15":0,"MA5&MA30":0,"MA10&MA15":-1,"MA10&MA30":0,"MA15&MA30":0},{"Date":1310688000000,"RSI":1,"MACD":0,"STOCH":0,"CCI":0,"MA5&MA10":0,"MA5&MA15":0,"MA5&MA30":0,"MA10&MA15":0,"MA10&MA30":0,"MA15&MA30":0},{"Date":1310947200000,"RSI":0,"MACD":0,"STOCH":0,"CCI":0,"MA5&MA10":0,"MA5&MA15":0,"MA5&MA30":0,"MA10&MA15":0,"MA10&MA30":0,"MA15&MA30":0},{"Date":1311033600000,"RSI":0,"MACD":0,"STOCH":0,"CCI":0,"MA5&MA10":0,"MA5&MA15":0,"MA5&MA30":0,"MA10&MA15":0,"MA10&MA30":0,"MA15&MA30":0},{"Date":1311120000000,"RSI":1,"MACD":0,"STOCH":0,"CCI":0,"MA5&MA10":0,"MA5&MA15":0,"MA5&MA30":0,"MA10&MA15":0,"MA10&MA30":0,"MA15&MA30":0},{"Date":1311206400000,"RSI":0,"MACD":0,"STOCH":0,"CCI":0,"MA5&MA10":0,"MA5&MA15":0,"MA5&MA30":0,"MA10&MA15":0,"MA10&MA30":0,"MA15&MA30":0},{"Date":1311292800000,"RSI":0,"MACD":0,"STOCH":0,"CCI":0,"MA5&MA10":0,"MA5&MA15":0,"MA5&MA30":0,"MA10&MA15":0,"MA10&MA30":0,"MA15&MA30":0},{"Date":1311552000000,"RSI":0,"MACD":0,"STOCH":0,"CCI":0,"MA5&MA10":0,"MA5&MA15":0,"MA5&MA30":0,"MA10&MA15":0,"MA10&MA30":0,"MA15&MA30":0},{"Date":1311638400000,"RSI":0,"MACD":0,"STOCH":0,"CCI":0,"MA5&MA10":0,"MA5&MA15":0,"MA5&MA30":0,"MA10&MA15":0,"MA10&MA30":0,"MA15&MA30":0},{"Date":1311724800000,"RSI":0,"MACD":0,"STOCH":0,"CCI":0,"MA5&MA10":0,"MA5&MA15":0,"MA5&MA30":0,"MA10&MA15":0,"MA10&MA30":0,"MA15&MA30":0},{"Date":1311811200000,"RSI":0,"MACD":0,"STOCH":0,"CCI":0,"MA5&MA10":0,"MA5&MA15":0,"MA5&MA30":0,"MA10&MA15":0,"MA10&MA30":0,"MA15&MA30":0},{"Date":1311897600000,"RSI":0,"MACD":0,"STOCH":0,"CCI":0,"MA5&MA10":0,"MA5&MA15":0,"MA5&MA30":0,"MA10&MA15":0,"MA10&MA30":0,"MA15&MA30":0},{"Date":1312156800000,"RSI":0,"MACD":0,"STOCH":0,"CCI":0,"MA5&MA10":0,"MA5&MA15":0,"MA5&MA30":0,"MA10&MA15":0,"MA10&MA30":0,"MA15&MA30":0},{"Date":1312243200000,"RSI":0,"MACD":0,"STOCH":0,"CCI":0,"MA5&MA10":0,"MA5&MA15":0,"MA5&MA30":0,"MA10&MA15":0,"MA10&MA30":0,"MA15&MA30":0},{"Date":1312329600000,"RSI":0,"MACD":0,"STOCH":0,"CCI":0,"MA5&MA10":0,"MA5&MA15":0,"MA5&MA30":0,"MA10&MA15":0,"MA10&MA30":0,"MA15&MA30":0},{"Date":1312416000000,"RSI":0,"MACD":0,"STOCH":0,"CCI":0,"MA5&MA10":0,"MA5&MA15":0,"MA5&MA30":0,"MA10&MA15":0,"MA10&MA30":0,"MA15&MA30":0},{"Date":1312502400000,"RSI":0,"MACD":0,"STOCH":0,"CCI":0,"MA5&MA10":0,"MA5&MA15":0,"MA5&MA30":0,"MA10&MA15":0,"MA10&MA30":0,"MA15&MA30":0},{"Date":1312761600000,"RSI":0,"MACD":0,"STOCH":0,"CCI":0,"MA5&MA10":0,"MA5&MA15":0,"MA5&MA30":0,"MA10&MA15":0,"MA10&MA30":0,"MA15&MA30":0},{"Date":1312848000000,"RSI":0,"MACD":0,"STOCH":1,"CCI":0,"MA5&MA10":0,"MA5&MA15":0,"MA5&MA30":0,"MA10&MA15":0,"MA10&MA30":0,"MA15&MA30":0},{"Date":1312934400000,"RSI":1,"MACD":0,"STOCH":0,"CCI":0,"MA5&MA10":0,"MA5&MA15":0,"MA5&MA30":0,"MA10&MA15":0,"MA10&MA30":0,"MA15&MA30":0},{"Date":1313020800000,"RSI":0,"MACD":0,"STOCH":0,"CCI":0,"MA5&MA10":0,"MA5&MA15":0,"MA5&MA30":0,"MA10&MA15":0,"MA10&MA30":0,"MA15&MA30":0},{"Date":1313107200000,"RSI":0,"MACD":0,"STOCH":0,"CCI":0,"MA5&MA10":0,"MA5&MA15":0,"MA5&MA30":0,"MA10&MA15":0,"MA10&MA30":0,"MA15&MA30":0},{"Date":1313366400000,"RSI":1,"MACD":0,"STOCH":0,"CCI":0,"MA5&MA10":0,"MA5&MA15":0,"MA5&MA30":0,"MA10&MA15":0,"MA10&MA30":0,"MA15&MA30":0},{"Date":1313452800000,"RSI":0,"MACD":1,"STOCH":0,"CCI":0,"MA5&MA10":0,"MA5&MA15":0,"MA5&MA30":0,"MA10&MA15":0,"MA10&MA30":0,"MA15&MA30":0},{"Date":1313539200000,"RSI":0,"MACD":0,"STOCH":0,"CCI":1,"MA5&MA10":1,"MA5&MA15":0,"MA5&MA30":0,"MA10&MA15":0,"MA10&MA30":0,"MA15&MA30":0},{"Date":1313625600000,"RSI":0,"MACD":0,"STOCH":-1,"CCI":-1,"MA5&MA10":0,"MA5&MA15":0,"MA5&MA30":0,"MA10&MA15":0,"MA10&MA30":0,"MA15&MA30":0},{"Date":1313712000000,"RSI":0,"MACD":0,"STOCH":0,"CCI":0,"MA5&MA10":0,"MA5&MA15":0,"MA5&MA30":0,"MA10&MA15":0,"MA10&MA30":0,"MA15&MA30":0},{"Date":1313971200000,"RSI":0,"MACD":0,"STOCH":0,"CCI":0,"MA5&MA10":0,"MA5&MA15":0,"MA5&MA30":0,"MA10&MA15":0,"MA10&MA30":0,"MA15&MA30":0},{"Date":1314057600000,"RSI":0,"MACD":0,"STOCH":0,"CCI":1,"MA5&MA10":0,"MA5&MA15":1,"MA5&MA30":0,"MA10&MA15":0,"MA10&MA30":0,"MA15&MA30":0},{"Date":1314144000000,"RSI":0,"MACD":0,"STOCH":0,"CCI":0,"MA5&MA10":0,"MA5&MA15":0,"MA5&MA30":0,"MA10&MA15":1,"MA10&MA30":0,"MA15&MA30":0},{"Date":1314230400000,"RSI":0,"MACD":0,"STOCH":0,"CCI":0,"MA5&MA10":0,"MA5&MA15":0,"MA5&MA30":0,"MA10&MA15":0,"MA10&MA30":0,"MA15&MA30":0},{"Date":1314316800000,"RSI":0,"MACD":0,"STOCH":0,"CCI":0,"MA5&MA10":0,"MA5&MA15":0,"MA5&MA30":0,"MA10&MA15":0,"MA10&MA30":0,"MA15&MA30":0},{"Date":1314576000000,"RSI":0,"MACD":0,"STOCH":0,"CCI":0,"MA5&MA10":0,"MA5&MA15":0,"MA5&MA30":0,"MA10&MA15":0,"MA10&MA30":0,"MA15&MA30":0},{"Date":1314662400000,"RSI":0,"MACD":0,"STOCH":0,"CCI":0,"MA5&MA10":0,"MA5&MA15":0,"MA5&MA30":0,"MA10&MA15":0,"MA10&MA30":0,"MA15&MA30":0},{"Date":1314748800000,"RSI":0,"MACD":0,"STOCH":0,"CCI":0,"MA5&MA10":0,"MA5&MA15":0,"MA5&MA30":0,"MA10&MA15":0,"MA10&MA30":0,"MA15&MA30":0},{"Date":1314835200000,"RSI":0,"MACD":0,"STOCH":0,"CCI":-1,"MA5&MA10":0,"MA5&MA15":0,"MA5&MA30":0,"MA10&MA15":0,"MA10&MA30":0,"MA15&MA30":0},{"Date":1314921600000,"RSI":0,"MACD":0,"STOCH":0,"CCI":0,"MA5&MA10":-1,"MA5&MA15":0,"MA5&MA30":0,"MA10&MA15":0,"MA10&MA30":0,"MA15&MA30":0},{"Date":1315180800000,"RSI":0,"MACD":0,"STOCH":0,"CCI":0,"MA5&MA10":0,"MA5&MA15":-1,"MA5&MA30":0,"MA10&MA15":0,"MA10&MA30":0,"MA15&MA30":0},{"Date":1315267200000,"RSI":0,"MACD":0,"STOCH":0,"CCI":0,"MA5&MA10":0,"MA5&MA15":0,"MA5&MA30":0,"MA10&MA15":-1,"MA10&MA30":0,"MA15&MA30":0},{"Date":1315353600000,"RSI":0,"MACD":-1,"STOCH":1,"CCI":0,"MA5&MA10":0,"MA5&MA15":0,"MA5&MA30":0,"MA10&MA15":0,"MA10&MA30":0,"MA15&MA30":0},{"Date":1315440000000,"RSI":0,"MACD":0,"STOCH":0,"CCI":0,"MA5&MA10":0,"MA5&MA15":0,"MA5&MA30":0,"MA10&MA15":0,"MA10&MA30":0,"MA15&MA30":0},{"Date":1315526400000,"RSI":0,"MACD":1,"STOCH":0,"CCI":0,"MA5&MA10":0,"MA5&MA15":0,"MA5&MA30":0,"MA10&MA15":0,"MA10&MA30":0,"MA15&MA30":0},{"Date":1315872000000,"RSI":0,"MACD":-1,"STOCH":0,"CCI":0,"MA5&MA10":0,"MA5&MA15":0,"MA5&MA30":0,"MA10&MA15":0,"MA10&MA30":0,"MA15&MA30":0},{"Date":1315958400000,"RSI":0,"MACD":0,"STOCH":0,"CCI":0,"MA5&MA10":0,"MA5&MA15":0,"MA5&MA30":0,"MA10&MA15":0,"MA10&MA30":0,"MA15&MA30":0},{"Date":1316044800000,"RSI":0,"MACD":0,"STOCH":0,"CCI":0,"MA5&MA10":0,"MA5&MA15":0,"MA5&MA30":0,"MA10&MA15":0,"MA10&MA30":0,"MA15&MA30":0},{"Date":1316131200000,"RSI":0,"MACD":0,"STOCH":0,"CCI":0,"MA5&MA10":0,"MA5&MA15":0,"MA5&MA30":0,"MA10&MA15":0,"MA10&MA30":0,"MA15&MA30":0},{"Date":1316390400000,"RSI":0,"MACD":1,"STOCH":0,"CCI":0,"MA5&MA10":0,"MA5&MA15":0,"MA5&MA30":0,"MA10&MA15":0,"MA10&MA30":0,"MA15&MA30":0},{"Date":1316476800000,"RSI":0,"MACD":0,"STOCH":0,"CCI":0,"MA5&MA10":0,"MA5&MA15":0,"MA5&MA30":0,"MA10&MA15":0,"MA10&MA30":0,"MA15&MA30":0},{"Date":1316563200000,"RSI":0,"MACD":0,"STOCH":0,"CCI":0,"MA5&MA10":0,"MA5&MA15":0,"MA5&MA30":0,"MA10&MA15":0,"MA10&MA30":0,"MA15&MA30":0},{"Date":1316649600000,"RSI":0,"MACD":0,"STOCH":0,"CCI":0,"MA5&MA10":0,"MA5&MA15":0,"MA5&MA30":0,"MA10&MA15":0,"MA10&MA30":0,"MA15&MA30":0},{"Date":1316736000000,"RSI":0,"MACD":-1,"STOCH":0,"CCI":0,"MA5&MA10":0,"MA5&MA15":0,"MA5&MA30":0,"MA10&MA15":0,"MA10&MA30":0,"MA15&MA30":0},{"Date":1316995200000,"RSI":0,"MACD":0,"STOCH":0,"CCI":0,"MA5&MA10":0,"MA5&MA15":0,"MA5&MA30":0,"MA10&MA15":0,"MA10&MA30":0,"MA15&MA30":0},{"Date":1317081600000,"RSI":0,"MACD":1,"STOCH":0,"CCI":1,"MA5&MA10":0,"MA5&MA15":0,"MA5&MA30":0,"MA10&MA15":0,"MA10&MA30":0,"MA15&MA30":0},{"Date":1317168000000,"RSI":0,"MACD":0,"STOCH":0,"CCI":0,"MA5&MA10":0,"MA5&MA15":0,"MA5&MA30":0,"MA10&MA15":0,"MA10&MA30":0,"MA15&MA30":0},{"Date":1317254400000,"RSI":0,"MACD":0,"STOCH":0,"CCI":0,"MA5&MA10":0,"MA5&MA15":0,"MA5&MA30":0,"MA10&MA15":0,"MA10&MA30":0,"MA15&MA30":0},{"Date":1317340800000,"RSI":0,"MACD":0,"STOCH":0,"CCI":0,"MA5&MA10":1,"MA5&MA15":1,"MA5&MA30":0,"MA10&MA15":0,"MA10&MA30":0,"MA15&MA30":0},{"Date":1317600000000,"RSI":0,"MACD":0,"STOCH":0,"CCI":-1,"MA5&MA10":0,"MA5&MA15":0,"MA5&MA30":0,"MA10&MA15":0,"MA10&MA30":0,"MA15&MA30":0},{"Date":1317686400000,"RSI":0,"MACD":0,"STOCH":0,"CCI":0,"MA5&MA10":0,"MA5&MA15":0,"MA5&MA30":0,"MA10&MA15":0,"MA10&MA30":0,"MA15&MA30":0},{"Date":1317772800000,"RSI":0,"MACD":0,"STOCH":0,"CCI":0,"MA5&MA10":0,"MA5&MA15":-1,"MA5&MA30":0,"MA10&MA15":0,"MA10&MA30":0,"MA15&MA30":0},{"Date":1317859200000,"RSI":0,"MACD":0,"STOCH":0,"CCI":0,"MA5&MA10":-1,"MA5&MA15":0,"MA5&MA30":0,"MA10&MA15":0,"MA10&MA30":0,"MA15&MA30":0},{"Date":1317945600000,"RSI":0,"MACD":0,"STOCH":0,"CCI":1,"MA5&MA10":0,"MA5&MA15":0,"MA5&MA30":0,"MA10&MA15":1,"MA10&MA30":0,"MA15&MA30":0},{"Date":1318291200000,"RSI":0,"MACD":0,"STOCH":0,"CCI":0,"MA5&MA10":0,"MA5&MA15":0,"MA5&MA30":0,"MA10&MA15":0,"MA10&MA30":0,"MA15&MA30":0},{"Date":1318377600000,"RSI":0,"MACD":0,"STOCH":0,"CCI":0,"MA5&MA10":0,"MA5&MA15":1,"MA5&MA30":0,"MA10&MA15":0,"MA10&MA30":0,"MA15&MA30":0},{"Date":1318464000000,"RSI":0,"MACD":0,"STOCH":0,"CCI":0,"MA5&MA10":1,"MA5&MA15":0,"MA5&MA30":1,"MA10&MA15":0,"MA10&MA30":0,"MA15&MA30":0},{"Date":1318550400000,"RSI":0,"MACD":1,"STOCH":0,"CCI":0,"MA5&MA10":0,"MA5&MA15":0,"MA5&MA30":0,"MA10&MA15":0,"MA10&MA30":1,"MA15&MA30":0},{"Date":1318809600000,"RSI":0,"MACD":0,"STOCH":-1,"CCI":0,"MA5&MA10":0,"MA5&MA15":0,"MA5&MA30":0,"MA10&MA15":0,"MA10&MA30":0,"MA15&MA30":1},{"Date":1318896000000,"RSI":0,"MACD":0,"STOCH":0,"CCI":0,"MA5&MA10":0,"MA5&MA15":0,"MA5&MA30":0,"MA10&MA15":0,"MA10&MA30":0,"MA15&MA30":0},{"Date":1318982400000,"RSI":0,"MACD":0,"STOCH":0,"CCI":0,"MA5&MA10":0,"MA5&MA15":0,"MA5&MA30":0,"MA10&MA15":0,"MA10&MA30":0,"MA15&MA30":0},{"Date":1319068800000,"RSI":0,"MACD":0,"STOCH":-1,"CCI":0,"MA5&MA10":0,"MA5&MA15":0,"MA5&MA30":0,"MA10&MA15":0,"MA10&MA30":0,"MA15&MA30":0},{"Date":1319155200000,"RSI":0,"MACD":0,"STOCH":0,"CCI":0,"MA5&MA10":0,"MA5&MA15":0,"MA5&MA30":0,"MA10&MA15":0,"MA10&MA30":0,"MA15&MA30":0},{"Date":1319414400000,"RSI":0,"MACD":0,"STOCH":0,"CCI":0,"MA5&MA10":0,"MA5&MA15":0,"MA5&MA30":0,"MA10&MA15":0,"MA10&MA30":0,"MA15&MA30":0},{"Date":1319500800000,"RSI":0,"MACD":0,"STOCH":0,"CCI":0,"MA5&MA10":0,"MA5&MA15":0,"MA5&MA30":0,"MA10&MA15":0,"MA10&MA30":0,"MA15&MA30":0},{"Date":1319587200000,"RSI":0,"MACD":0,"STOCH":0,"CCI":-1,"MA5&MA10":-1,"MA5&MA15":0,"MA5&MA30":0,"MA10&MA15":0,"MA10&MA30":0,"MA15&MA30":0},{"Date":1319673600000,"RSI":0,"MACD":0,"STOCH":0,"CCI":1,"MA5&MA10":0,"MA5&MA15":0,"MA5&MA30":0,"MA10&MA15":0,"MA10&MA30":0,"MA15&MA30":0},{"Date":1319760000000,"RSI":0,"MACD":0,"STOCH":0,"CCI":0,"MA5&MA10":0,"MA5&MA15":0,"MA5&MA30":0,"MA10&MA15":0,"MA10&MA30":0,"MA15&MA30":0},{"Date":1320019200000,"RSI":0,"MACD":0,"STOCH":0,"CCI":-1,"MA5&MA10":0,"MA5&MA15":-1,"MA5&MA30":0,"MA10&MA15":0,"MA10&MA30":0,"MA15&MA30":0},{"Date":1320105600000,"RSI":0,"MACD":0,"STOCH":0,"CCI":0,"MA5&MA10":0,"MA5&MA15":0,"MA5&MA30":0,"MA10&MA15":0,"MA10&MA30":0,"MA15&MA30":0},{"Date":1320192000000,"RSI":0,"MACD":-1,"STOCH":0,"CCI":0,"MA5&MA10":1,"MA5&MA15":0,"MA5&MA30":0,"MA10&MA15":-1,"MA10&MA30":0,"MA15&MA30":0},{"Date":1320278400000,"RSI":0,"MACD":0,"STOCH":0,"CCI":0,"MA5&MA10":-1,"MA5&MA15":0,"MA5&MA30":0,"MA10&MA15":0,"MA10&MA30":0,"MA15&MA30":0},{"Date":1320364800000,"RSI":0,"MACD":0,"STOCH":0,"CCI":1,"MA5&MA10":0,"MA5&MA15":0,"MA5&MA30":0,"MA10&MA15":0,"MA10&MA30":0,"MA15&MA30":0},{"Date":1320624000000,"RSI":0,"MACD":0,"STOCH":0,"CCI":0,"MA5&MA10":0,"MA5&MA15":0,"MA5&MA30":0,"MA10&MA15":0,"MA10&MA30":0,"MA15&MA30":0},{"Date":1320710400000,"RSI":0,"MACD":0,"STOCH":0,"CCI":-1,"MA5&MA10":0,"MA5&MA15":0,"MA5&MA30":0,"MA10&MA15":0,"MA10&MA30":0,"MA15&MA30":0},{"Date":1320796800000,"RSI":0,"MACD":0,"STOCH":0,"CCI":0,"MA5&MA10":0,"MA5&MA15":0,"MA5&MA30":0,"MA10&MA15":0,"MA10&MA30":0,"MA15&MA30":0},{"Date":1320883200000,"RSI":0,"MACD":-1,"STOCH":0,"CCI":0,"MA5&MA10":0,"MA5&MA15":0,"MA5&MA30":-1,"MA10&MA15":0,"MA10&MA30":0,"MA15&MA30":0},{"Date":1320969600000,"RSI":0,"MACD":0,"STOCH":0,"CCI":0,"MA5&MA10":0,"MA5&MA15":0,"MA5&MA30":0,"MA10&MA15":0,"MA10&MA30":0,"MA15&MA30":0},{"Date":1321228800000,"RSI":0,"MACD":0,"STOCH":1,"CCI":0,"MA5&MA10":0,"MA5&MA15":0,"MA5&MA30":0,"MA10&MA15":0,"MA10&MA30":-1,"MA15&MA30":0},{"Date":1321315200000,"RSI":0,"MACD":0,"STOCH":0,"CCI":0,"MA5&MA10":0,"MA5&MA15":0,"MA5&MA30":0,"MA10&MA15":0,"MA10&MA30":0,"MA15&MA30":0},{"Date":1321401600000,"RSI":0,"MACD":0,"STOCH":0,"CCI":0,"MA5&MA10":0,"MA5&MA15":0,"MA5&MA30":0,"MA10&MA15":0,"MA10&MA30":0,"MA15&MA30":-1},{"Date":1321488000000,"RSI":0,"MACD":0,"STOCH":0,"CCI":0,"MA5&MA10":0,"MA5&MA15":0,"MA5&MA30":0,"MA10&MA15":0,"MA10&MA30":0,"MA15&MA30":0},{"Date":1321574400000,"RSI":0,"MACD":0,"STOCH":0,"CCI":0,"MA5&MA10":0,"MA5&MA15":0,"MA5&MA30":0,"MA10&MA15":0,"MA10&MA30":0,"MA15&MA30":0},{"Date":1321833600000,"RSI":0,"MACD":0,"STOCH":0,"CCI":0,"MA5&MA10":0,"MA5&MA15":0,"MA5&MA30":0,"MA10&MA15":0,"MA10&MA30":0,"MA15&MA30":0},{"Date":1321920000000,"RSI":0,"MACD":0,"STOCH":0,"CCI":0,"MA5&MA10":0,"MA5&MA15":0,"MA5&MA30":0,"MA10&MA15":0,"MA10&MA30":0,"MA15&MA30":0},{"Date":1322006400000,"RSI":0,"MACD":0,"STOCH":1,"CCI":0,"MA5&MA10":0,"MA5&MA15":0,"MA5&MA30":0,"MA10&MA15":0,"MA10&MA30":0,"MA15&MA30":0},{"Date":1322092800000,"RSI":0,"MACD":0,"STOCH":0,"CCI":0,"MA5&MA10":0,"MA5&MA15":0,"MA5&MA30":0,"MA10&MA15":0,"MA10&MA30":0,"MA15&MA30":0},{"Date":1322179200000,"RSI":0,"MACD":0,"STOCH":0,"CCI":0,"MA5&MA10":0,"MA5&MA15":0,"MA5&MA30":0,"MA10&MA15":0,"MA10&MA30":0,"MA15&MA30":0},{"Date":1322438400000,"RSI":0,"MACD":0,"STOCH":0,"CCI":0,"MA5&MA10":0,"MA5&MA15":0,"MA5&MA30":0,"MA10&MA15":0,"MA10&MA30":0,"MA15&MA30":0},{"Date":1322524800000,"RSI":0,"MACD":0,"STOCH":0,"CCI":0,"MA5&MA10":0,"MA5&MA15":0,"MA5&MA30":0,"MA10&MA15":0,"MA10&MA30":0,"MA15&MA30":0},{"Date":1322611200000,"RSI":0,"MACD":0,"STOCH":0,"CCI":0,"MA5&MA10":0,"MA5&MA15":0,"MA5&MA30":0,"MA10&MA15":0,"MA10&MA30":0,"MA15&MA30":0},{"Date":1322697600000,"RSI":0,"MACD":0,"STOCH":0,"CCI":0,"MA5&MA10":1,"MA5&MA15":0,"MA5&MA30":0,"MA10&MA15":0,"MA10&MA30":0,"MA15&MA30":0},{"Date":1322784000000,"RSI":0,"MACD":0,"STOCH":0,"CCI":0,"MA5&MA10":0,"MA5&MA15":0,"MA5&MA30":0,"MA10&MA15":0,"MA10&MA30":0,"MA15&MA30":0},{"Date":1323043200000,"RSI":0,"MACD":1,"STOCH":0,"CCI":0,"MA5&MA10":0,"MA5&MA15":0,"MA5&MA30":0,"MA10&MA15":0,"MA10&MA30":0,"MA15&MA30":0},{"Date":1323129600000,"RSI":0,"MACD":0,"STOCH":0,"CCI":0,"MA5&MA10":0,"MA5&MA15":0,"MA5&MA30":0,"MA10&MA15":0,"MA10&MA30":0,"MA15&MA30":0},{"Date":1323216000000,"RSI":0,"MACD":0,"STOCH":0,"CCI":0,"MA5&MA10":0,"MA5&MA15":0,"MA5&MA30":0,"MA10&MA15":0,"MA10&MA30":0,"MA15&MA30":0},{"Date":1323302400000,"RSI":0,"MACD":0,"STOCH":0,"CCI":0,"MA5&MA10":-1,"MA5&MA15":0,"MA5&MA30":0,"MA10&MA15":1,"MA10&MA30":0,"MA15&MA30":0},{"Date":1323388800000,"RSI":0,"MACD":0,"STOCH":0,"CCI":0,"MA5&MA10":0,"MA5&MA15":0,"MA5&MA30":0,"MA10&MA15":0,"MA10&MA30":0,"MA15&MA30":0},{"Date":1323648000000,"RSI":0,"MACD":0,"STOCH":0,"CCI":1,"MA5&MA10":0,"MA5&MA15":0,"MA5&MA30":0,"MA10&MA15":0,"MA10&MA30":0,"MA15&MA30":0},{"Date":1323734400000,"RSI":0,"MACD":0,"STOCH":0,"CCI":-1,"MA5&MA10":0,"MA5&MA15":0,"MA5&MA30":0,"MA10&MA15":0,"MA10&MA30":0,"MA15&MA30":0},{"Date":1323820800000,"RSI":0,"MACD":0,"STOCH":0,"CCI":0,"MA5&MA10":0,"MA5&MA15":0,"MA5&MA30":0,"MA10&MA15":0,"MA10&MA30":0,"MA15&MA30":0},{"Date":1323907200000,"RSI":0,"MACD":0,"STOCH":0,"CCI":0,"MA5&MA10":0,"MA5&MA15":0,"MA5&MA30":0,"MA10&MA15":-1,"MA10&MA30":0,"MA15&MA30":0},{"Date":1323993600000,"RSI":0,"MACD":0,"STOCH":0,"CCI":0,"MA5&MA10":0,"MA5&MA15":0,"MA5&MA30":0,"MA10&MA15":0,"MA10&MA30":0,"MA15&MA30":0},{"Date":1324252800000,"RSI":0,"MACD":-1,"STOCH":0,"CCI":0,"MA5&MA10":0,"MA5&MA15":0,"MA5&MA30":0,"MA10&MA15":0,"MA10&MA30":0,"MA15&MA30":0},{"Date":1324339200000,"RSI":0,"MACD":0,"STOCH":0,"CCI":0,"MA5&MA10":0,"MA5&MA15":0,"MA5&MA30":0,"MA10&MA15":0,"MA10&MA30":0,"MA15&MA30":0},{"Date":1324425600000,"RSI":0,"MACD":1,"STOCH":1,"CCI":1,"MA5&MA10":0,"MA5&MA15":0,"MA5&MA30":0,"MA10&MA15":0,"MA10&MA30":0,"MA15&MA30":0},{"Date":1324512000000,"RSI":0,"MACD":0,"STOCH":0,"CCI":-1,"MA5&MA10":0,"MA5&MA15":0,"MA5&MA30":0,"MA10&MA15":0,"MA10&MA30":0,"MA15&MA30":0},{"Date":1324598400000,"RSI":0,"MACD":0,"STOCH":0,"CCI":1,"MA5&MA10":0,"MA5&MA15":0,"MA5&MA30":0,"MA10&MA15":0,"MA10&MA30":0,"MA15&MA30":0},{"Date":1324857600000,"RSI":0,"MACD":0,"STOCH":0,"CCI":0,"MA5&MA10":1,"MA5&MA15":1,"MA5&MA30":0,"MA10&MA15":0,"MA10&MA30":0,"MA15&MA30":0},{"Date":1324944000000,"RSI":0,"MACD":0,"STOCH":0,"CCI":0,"MA5&MA10":0,"MA5&MA15":0,"MA5&MA30":1,"MA10&MA15":0,"MA10&MA30":0,"MA15&MA30":0},{"Date":1325030400000,"RSI":0,"MACD":0,"STOCH":-1,"CCI":0,"MA5&MA10":0,"MA5&MA15":0,"MA5&MA30":0,"MA10&MA15":0,"MA10&MA30":0,"MA15&MA30":0},{"Date":1325116800000,"RSI":0,"MACD":0,"STOCH":0,"CCI":0,"MA5&MA10":0,"MA5&MA15":0,"MA5&MA30":0,"MA10&MA15":1,"MA10&MA30":0,"MA15&MA30":0},{"Date":1325203200000,"RSI":0,"MACD":1,"STOCH":0,"CCI":0,"MA5&MA10":0,"MA5&MA15":0,"MA5&MA30":0,"MA10&MA15":0,"MA10&MA30":1,"MA15&MA30":0},{"Date":1325462400000,"RSI":0,"MACD":0,"STOCH":0,"CCI":0,"MA5&MA10":0,"MA5&MA15":0,"MA5&MA30":0,"MA10&MA15":0,"MA10&MA30":0,"MA15&MA30":1},{"Date":1325548800000,"RSI":0,"MACD":0,"STOCH":0,"CCI":0,"MA5&MA10":0,"MA5&MA15":0,"MA5&MA30":0,"MA10&MA15":0,"MA10&MA30":0,"MA15&MA30":0},{"Date":1325635200000,"RSI":0,"MACD":0,"STOCH":0,"CCI":0,"MA5&MA10":0,"MA5&MA15":0,"MA5&MA30":0,"MA10&MA15":0,"MA10&MA30":0,"MA15&MA30":0},{"Date":1325721600000,"RSI":0,"MACD":0,"STOCH":0,"CCI":0,"MA5&MA10":0,"MA5&MA15":0,"MA5&MA30":0,"MA10&MA15":0,"MA10&MA30":0,"MA15&MA30":0},{"Date":1325808000000,"RSI":0,"MACD":0,"STOCH":0,"CCI":0,"MA5&MA10":0,"MA5&MA15":0,"MA5&MA30":0,"MA10&MA15":0,"MA10&MA30":0,"MA15&MA30":0},{"Date":1326067200000,"RSI":0,"MACD":0,"STOCH":0,"CCI":0,"MA5&MA10":0,"MA5&MA15":0,"MA5&MA30":0,"MA10&MA15":0,"MA10&MA30":0,"MA15&MA30":0},{"Date":1326153600000,"RSI":0,"MACD":0,"STOCH":0,"CCI":0,"MA5&MA10":0,"MA5&MA15":0,"MA5&MA30":0,"MA10&MA15":0,"MA10&MA30":0,"MA15&MA30":0},{"Date":1326240000000,"RSI":0,"MACD":0,"STOCH":0,"CCI":0,"MA5&MA10":0,"MA5&MA15":0,"MA5&MA30":0,"MA10&MA15":0,"MA10&MA30":0,"MA15&MA30":0},{"Date":1326326400000,"RSI":0,"MACD":0,"STOCH":0,"CCI":0,"MA5&MA10":0,"MA5&MA15":0,"MA5&MA30":0,"MA10&MA15":0,"MA10&MA30":0,"MA15&MA30":0},{"Date":1326412800000,"RSI":0,"MACD":0,"STOCH":0,"CCI":0,"MA5&MA10":0,"MA5&MA15":0,"MA5&MA30":0,"MA10&MA15":0,"MA10&MA30":0,"MA15&MA30":0},{"Date":1326672000000,"RSI":0,"MACD":0,"STOCH":0,"CCI":0,"MA5&MA10":0,"MA5&MA15":0,"MA5&MA30":0,"MA10&MA15":0,"MA10&MA30":0,"MA15&MA30":0},{"Date":1326758400000,"RSI":0,"MACD":0,"STOCH":0,"CCI":0,"MA5&MA10":0,"MA5&MA15":0,"MA5&MA30":0,"MA10&MA15":0,"MA10&MA30":0,"MA15&MA30":0},{"Date":1326844800000,"RSI":0,"MACD":0,"STOCH":0,"CCI":-1,"MA5&MA10":-1,"MA5&MA15":0,"MA5&MA30":0,"MA10&MA15":0,"MA10&MA30":0,"MA15&MA30":0},{"Date":1327881600000,"RSI":0,"MACD":-1,"STOCH":0,"CCI":1,"MA5&MA10":0,"MA5&MA15":0,"MA5&MA30":0,"MA10&MA15":0,"MA10&MA30":0,"MA15&MA30":0},{"Date":1327968000000,"RSI":0,"MACD":0,"STOCH":0,"CCI":0,"MA5&MA10":0,"MA5&MA15":-1,"MA5&MA30":0,"MA10&MA15":0,"MA10&MA30":0,"MA15&MA30":0},{"Date":1328054400000,"RSI":0,"MACD":1,"STOCH":0,"CCI":0,"MA5&MA10":0,"MA5&MA15":1,"MA5&MA30":0,"MA10&MA15":0,"MA10&MA30":0,"MA15&MA30":0},{"Date":1328140800000,"RSI":0,"MACD":0,"STOCH":0,"CCI":0,"MA5&MA10":1,"MA5&MA15":0,"MA5&MA30":0,"MA10&MA15":0,"MA10&MA30":0,"MA15&MA30":0},{"Date":1328227200000,"RSI":0,"MACD":0,"STOCH":0,"CCI":0,"MA5&MA10":0,"MA5&MA15":0,"MA5&MA30":0,"MA10&MA15":0,"MA10&MA30":0,"MA15&MA30":0},{"Date":1328486400000,"RSI":0,"MACD":0,"STOCH":0,"CCI":0,"MA5&MA10":0,"MA5&MA15":0,"MA5&MA30":0,"MA10&MA15":0,"MA10&MA30":0,"MA15&MA30":0},{"Date":1328572800000,"RSI":0,"MACD":0,"STOCH":0,"CCI":0,"MA5&MA10":0,"MA5&MA15":0,"MA5&MA30":0,"MA10&MA15":0,"MA10&MA30":0,"MA15&MA30":0},{"Date":1328659200000,"RSI":0,"MACD":0,"STOCH":-1,"CCI":0,"MA5&MA10":0,"MA5&MA15":0,"MA5&MA30":0,"MA10&MA15":0,"MA10&MA30":0,"MA15&MA30":0},{"Date":1328745600000,"RSI":0,"MACD":0,"STOCH":0,"CCI":0,"MA5&MA10":0,"MA5&MA15":0,"MA5&MA30":0,"MA10&MA15":0,"MA10&MA30":0,"MA15&MA30":0},{"Date":1328832000000,"RSI":0,"MACD":0,"STOCH":0,"CCI":0,"MA5&MA10":0,"MA5&MA15":0,"MA5&MA30":0,"MA10&MA15":0,"MA10&MA30":0,"MA15&MA30":0},{"Date":1329091200000,"RSI":0,"MACD":0,"STOCH":0,"CCI":0,"MA5&MA10":0,"MA5&MA15":0,"MA5&MA30":0,"MA10&MA15":0,"MA10&MA30":0,"MA15&MA30":0},{"Date":1329177600000,"RSI":-1,"MACD":0,"STOCH":0,"CCI":0,"MA5&MA10":0,"MA5&MA15":0,"MA5&MA30":0,"MA10&MA15":0,"MA10&MA30":0,"MA15&MA30":0},{"Date":1329264000000,"RSI":0,"MACD":0,"STOCH":0,"CCI":0,"MA5&MA10":0,"MA5&MA15":0,"MA5&MA30":0,"MA10&MA15":0,"MA10&MA30":0,"MA15&MA30":0},{"Date":1329350400000,"RSI":-1,"MACD":0,"STOCH":0,"CCI":0,"MA5&MA10":0,"MA5&MA15":0,"MA5&MA30":0,"MA10&MA15":0,"MA10&MA30":0,"MA15&MA30":0},{"Date":1329436800000,"RSI":0,"MACD":-1,"STOCH":0,"CCI":0,"MA5&MA10":0,"MA5&MA15":0,"MA5&MA30":0,"MA10&MA15":0,"MA10&MA30":0,"MA15&MA30":0},{"Date":1329696000000,"RSI":0,"MACD":0,"STOCH":0,"CCI":0,"MA5&MA10":-1,"MA5&MA15":0,"MA5&MA30":0,"MA10&MA15":0,"MA10&MA30":0,"MA15&MA30":0},{"Date":1329782400000,"RSI":0,"MACD":0,"STOCH":0,"CCI":0,"MA5&MA10":0,"MA5&MA15":0,"MA5&MA30":0,"MA10&MA15":0,"MA10&MA30":0,"MA15&MA30":0},{"Date":1329868800000,"RSI":0,"MACD":0,"STOCH":0,"CCI":0,"MA5&MA10":1,"MA5&MA15":0,"MA5&MA30":0,"MA10&MA15":0,"MA10&MA30":0,"MA15&MA30":0},{"Date":1329955200000,"RSI":0,"MACD":0,"STOCH":0,"CCI":0,"MA5&MA10":0,"MA5&MA15":0,"MA5&MA30":0,"MA10&MA15":0,"MA10&MA30":0,"MA15&MA30":0},{"Date":1330041600000,"RSI":0,"MACD":0,"STOCH":-1,"CCI":0,"MA5&MA10":0,"MA5&MA15":0,"MA5&MA30":0,"MA10&MA15":0,"MA10&MA30":0,"MA15&MA30":0},{"Date":1330473600000,"RSI":0,"MACD":1,"STOCH":0,"CCI":0,"MA5&MA10":0,"MA5&MA15":0,"MA5&MA30":0,"MA10&MA15":0,"MA10&MA30":0,"MA15&MA30":0},{"Date":1330560000000,"RSI":0,"MACD":0,"STOCH":0,"CCI":0,"MA5&MA10":0,"MA5&MA15":0,"MA5&MA30":0,"MA10&MA15":0,"MA10&MA30":0,"MA15&MA30":0},{"Date":1330646400000,"RSI":0,"MACD":0,"STOCH":-1,"CCI":0,"MA5&MA10":0,"MA5&MA15":0,"MA5&MA30":0,"MA10&MA15":0,"MA10&MA30":0,"MA15&MA30":0},{"Date":1330905600000,"RSI":-1,"MACD":0,"STOCH":0,"CCI":0,"MA5&MA10":0,"MA5&MA15":0,"MA5&MA30":0,"MA10&MA15":0,"MA10&MA30":0,"MA15&MA30":0},{"Date":1330992000000,"RSI":0,"MACD":-1,"STOCH":0,"CCI":0,"MA5&MA10":0,"MA5&MA15":0,"MA5&MA30":0,"MA10&MA15":0,"MA10&MA30":0,"MA15&MA30":0},{"Date":1331078400000,"RSI":0,"MACD":0,"STOCH":0,"CCI":-1,"MA5&MA10":0,"MA5&MA15":0,"MA5&MA30":0,"MA10&MA15":0,"MA10&MA30":0,"MA15&MA30":0},{"Date":1331164800000,"RSI":0,"MACD":0,"STOCH":0,"CCI":1,"MA5&MA10":0,"MA5&MA15":0,"MA5&MA30":0,"MA10&MA15":0,"MA10&MA30":0,"MA15&MA30":0},{"Date":1331251200000,"RSI":0,"MACD":0,"STOCH":0,"CCI":0,"MA5&MA10":-1,"MA5&MA15":0,"MA5&MA30":0,"MA10&MA15":0,"MA10&MA30":0,"MA15&MA30":0},{"Date":1331510400000,"RSI":0,"MACD":0,"STOCH":0,"CCI":0,"MA5&MA10":0,"MA5&MA15":0,"MA5&MA30":0,"MA10&MA15":0,"MA10&MA30":0,"MA15&MA30":0},{"Date":1331596800000,"RSI":0,"MACD":0,"STOCH":0,"CCI":0,"MA5&MA10":0,"MA5&MA15":0,"MA5&MA30":0,"MA10&MA15":0,"MA10&MA30":0,"MA15&MA30":0},{"Date":1331683200000,"RSI":0,"MACD":0,"STOCH":0,"CCI":0,"MA5&MA10":1,"MA5&MA15":0,"MA5&MA30":0,"MA10&MA15":0,"MA10&MA30":0,"MA15&MA30":0},{"Date":1331769600000,"RSI":0,"MACD":0,"STOCH":0,"CCI":0,"MA5&MA10":0,"MA5&MA15":0,"MA5&MA30":0,"MA10&MA15":0,"MA10&MA30":0,"MA15&MA30":0},{"Date":1331856000000,"RSI":0,"MACD":0,"STOCH":0,"CCI":0,"MA5&MA10":0,"MA5&MA15":0,"MA5&MA30":0,"MA10&MA15":-1,"MA10&MA30":0,"MA15&MA30":0},{"Date":1332115200000,"RSI":0,"MACD":0,"STOCH":0,"CCI":-1,"MA5&MA10":0,"MA5&MA15":0,"MA5&MA30":0,"MA10&MA15":0,"MA10&MA30":0,"MA15&MA30":0},{"Date":1332201600000,"RSI":0,"MACD":0,"STOCH":0,"CCI":0,"MA5&MA10":-1,"MA5&MA15":-1,"MA5&MA30":0,"MA10&MA15":0,"MA10&MA30":0,"MA15&MA30":0},{"Date":1332288000000,"RSI":0,"MACD":0,"STOCH":1,"CCI":0,"MA5&MA10":0,"MA5&MA15":0,"MA5&MA30":0,"MA10&MA15":1,"MA10&MA30":0,"MA15&MA30":0},{"Date":1332374400000,"RSI":0,"MACD":0,"STOCH":0,"CCI":1,"MA5&MA10":0,"MA5&MA15":0,"MA5&MA30":0,"MA10&MA15":0,"MA10&MA30":0,"MA15&MA30":0},{"Date":1332460800000,"RSI":0,"MACD":0,"STOCH":0,"CCI":-1,"MA5&MA10":0,"MA5&MA15":0,"MA5&MA30":0,"MA10&MA15":0,"MA10&MA30":0,"MA15&MA30":0},{"Date":1332720000000,"RSI":0,"MACD":0,"STOCH":0,"CCI":0,"MA5&MA10":0,"MA5&MA15":0,"MA5&MA30":0,"MA10&MA15":0,"MA10&MA30":0,"MA15&MA30":0},{"Date":1332806400000,"RSI":0,"MACD":0,"STOCH":0,"CCI":0,"MA5&MA10":0,"MA5&MA15":0,"MA5&MA30":0,"MA10&MA15":-1,"MA10&MA30":0,"MA15&MA30":0},{"Date":1332892800000,"RSI":0,"MACD":0,"STOCH":0,"CCI":0,"MA5&MA10":0,"MA5&MA15":0,"MA5&MA30":0,"MA10&MA15":0,"MA10&MA30":0,"MA15&MA30":0},{"Date":1332979200000,"RSI":0,"MACD":0,"STOCH":0,"CCI":0,"MA5&MA10":0,"MA5&MA15":0,"MA5&MA30":-1,"MA10&MA15":0,"MA10&MA30":0,"MA15&MA30":0},{"Date":1333065600000,"RSI":0,"MACD":0,"STOCH":0,"CCI":0,"MA5&MA10":0,"MA5&MA15":0,"MA5&MA30":0,"MA10&MA15":0,"MA10&MA30":0,"MA15&MA30":0},{"Date":1333324800000,"RSI":0,"MACD":0,"STOCH":0,"CCI":0,"MA5&MA10":0,"MA5&MA15":0,"MA5&MA30":0,"MA10&MA15":0,"MA10&MA30":-1,"MA15&MA30":0},{"Date":1333411200000,"RSI":0,"MACD":0,"STOCH":0,"CCI":0,"MA5&MA10":0,"MA5&MA15":0,"MA5&MA30":0,"MA10&MA15":0,"MA10&MA30":0,"MA15&MA30":-1},{"Date":1333584000000,"RSI":0,"MACD":0,"STOCH":0,"CCI":0,"MA5&MA10":0,"MA5&MA15":0,"MA5&MA30":0,"MA10&MA15":0,"MA10&MA30":0,"MA15&MA30":0},{"Date":1333670400000,"RSI":0,"MACD":0,"STOCH":0,"CCI":0,"MA5&MA10":0,"MA5&MA15":0,"MA5&MA30":0,"MA10&MA15":0,"MA10&MA30":0,"MA15&MA30":0},{"Date":1333929600000,"RSI":0,"MACD":0,"STOCH":0,"CCI":0,"MA5&MA10":0,"MA5&MA15":0,"MA5&MA30":0,"MA10&MA15":0,"MA10&MA30":0,"MA15&MA30":0},{"Date":1334016000000,"RSI":0,"MACD":0,"STOCH":0,"CCI":0,"MA5&MA10":0,"MA5&MA15":0,"MA5&MA30":0,"MA10&MA15":0,"MA10&MA30":0,"MA15&MA30":0},{"Date":1334102400000,"RSI":0,"MACD":-1,"STOCH":0,"CCI":0,"MA5&MA10":0,"MA5&MA15":0,"MA5&MA30":0,"MA10&MA15":0,"MA10&MA30":0,"MA15&MA30":0},{"Date":1334188800000,"RSI":0,"MACD":0,"STOCH":0,"CCI":0,"MA5&MA10":0,"MA5&MA15":0,"MA5&MA30":0,"MA10&MA15":0,"MA10&MA30":0,"MA15&MA30":0},{"Date":1334275200000,"RSI":0,"MACD":0,"STOCH":0,"CCI":0,"MA5&MA10":0,"MA5&MA15":0,"MA5&MA30":0,"MA10&MA15":0,"MA10&MA30":0,"MA15&MA30":0},{"Date":1334534400000,"RSI":0,"MACD":0,"STOCH":0,"CCI":0,"MA5&MA10":0,"MA5&MA15":0,"MA5&MA30":0,"MA10&MA15":0,"MA10&MA30":0,"MA15&MA30":0},{"Date":1334620800000,"RSI":0,"MACD":0,"STOCH":0,"CCI":0,"MA5&MA10":0,"MA5&MA15":0,"MA5&MA30":0,"MA10&MA15":0,"MA10&MA30":0,"MA15&MA30":0},{"Date":1334707200000,"RSI":0,"MACD":0,"STOCH":0,"CCI":0,"MA5&MA10":0,"MA5&MA15":0,"MA5&MA30":0,"MA10&MA15":0,"MA10&MA30":0,"MA15&MA30":0},{"Date":1334793600000,"RSI":1,"MACD":0,"STOCH":1,"CCI":0,"MA5&MA10":0,"MA5&MA15":0,"MA5&MA30":0,"MA10&MA15":0,"MA10&MA30":0,"MA15&MA30":0},{"Date":1334880000000,"RSI":0,"MACD":0,"STOCH":0,"CCI":0,"MA5&MA10":0,"MA5&MA15":0,"MA5&MA30":0,"MA10&MA15":0,"MA10&MA30":0,"MA15&MA30":0},{"Date":1335139200000,"RSI":0,"MACD":0,"STOCH":0,"CCI":0,"MA5&MA10":0,"MA5&MA15":0,"MA5&MA30":0,"MA10&MA15":0,"MA10&MA30":0,"MA15&MA30":0},{"Date":1335225600000,"RSI":1,"MACD":0,"STOCH":1,"CCI":0,"MA5&MA10":0,"MA5&MA15":0,"MA5&MA30":0,"MA10&MA15":0,"MA10&MA30":0,"MA15&MA30":0},{"Date":1335312000000,"RSI":0,"MACD":0,"STOCH":0,"CCI":0,"MA5&MA10":0,"MA5&MA15":0,"MA5&MA30":0,"MA10&MA15":0,"MA10&MA30":0,"MA15&MA30":0},{"Date":1335398400000,"RSI":0,"MACD":0,"STOCH":0,"CCI":0,"MA5&MA10":0,"MA5&MA15":0,"MA5&MA30":0,"MA10&MA15":0,"MA10&MA30":0,"MA15&MA30":0},{"Date":1335484800000,"RSI":0,"MACD":0,"STOCH":0,"CCI":0,"MA5&MA10":1,"MA5&MA15":0,"MA5&MA30":0,"MA10&MA15":0,"MA10&MA30":0,"MA15&MA30":0},{"Date":1335744000000,"RSI":0,"MACD":0,"STOCH":0,"CCI":0,"MA5&MA10":0,"MA5&MA15":0,"MA5&MA30":0,"MA10&MA15":0,"MA10&MA30":0,"MA15&MA30":0},{"Date":1335916800000,"RSI":0,"MACD":1,"STOCH":0,"CCI":1,"MA5&MA10":0,"MA5&MA15":0,"MA5&MA30":0,"MA10&MA15":0,"MA10&MA30":0,"MA15&MA30":0},{"Date":1336003200000,"RSI":0,"MACD":0,"STOCH":0,"CCI":0,"MA5&MA10":0,"MA5&MA15":0,"MA5&MA30":0,"MA10&MA15":0,"MA10&MA30":0,"MA15&MA30":0},{"Date":1336089600000,"RSI":0,"MACD":0,"STOCH":0,"CCI":0,"MA5&MA10":0,"MA5&MA15":1,"MA5&MA30":0,"MA10&MA15":0,"MA10&MA30":0,"MA15&MA30":0},{"Date":1336348800000,"RSI":0,"MACD":0,"STOCH":0,"CCI":0,"MA5&MA10":0,"MA5&MA15":0,"MA5&MA30":0,"MA10&MA15":1,"MA10&MA30":0,"MA15&MA30":0},{"Date":1336435200000,"RSI":0,"MACD":0,"STOCH":0,"CCI":0,"MA5&MA10":0,"MA5&MA15":0,"MA5&MA30":0,"MA10&MA15":0,"MA10&MA30":0,"MA15&MA30":0},{"Date":1336521600000,"RSI":0,"MACD":0,"STOCH":0,"CCI":0,"MA5&MA10":0,"MA5&MA15":0,"MA5&MA30":0,"MA10&MA15":0,"MA10&MA30":0,"MA15&MA30":0},{"Date":1336608000000,"RSI":0,"MACD":0,"STOCH":0,"CCI":0,"MA5&MA10":0,"MA5&MA15":0,"MA5&MA30":0,"MA10&MA15":0,"MA10&MA30":0,"MA15&MA30":0},{"Date":1336694400000,"RSI":0,"MACD":0,"STOCH":0,"CCI":-1,"MA5&MA10":0,"MA5&MA15":0,"MA5&MA30":0,"MA10&MA15":0,"MA10&MA30":0,"MA15&MA30":0},{"Date":1336953600000,"RSI":0,"MACD":0,"STOCH":0,"CCI":0,"MA5&MA10":-1,"MA5&MA15":0,"MA5&MA30":0,"MA10&MA15":0,"MA10&MA30":0,"MA15&MA30":0},{"Date":1337040000000,"RSI":0,"MACD":-1,"STOCH":0,"CCI":0,"MA5&MA10":0,"MA5&MA15":-1,"MA5&MA30":0,"MA10&MA15":0,"MA10&MA30":0,"MA15&MA30":0},{"Date":1337126400000,"RSI":0,"MACD":0,"STOCH":0,"CCI":0,"MA5&MA10":0,"MA5&MA15":0,"MA5&MA30":0,"MA10&MA15":-1,"MA10&MA30":0,"MA15&MA30":0},{"Date":1337212800000,"RSI":0,"MACD":0,"STOCH":1,"CCI":0,"MA5&MA10":0,"MA5&MA15":0,"MA5&MA30":0,"MA10&MA15":0,"MA10&MA30":0,"MA15&MA30":0},{"Date":1337299200000,"RSI":0,"MACD":0,"STOCH":0,"CCI":0,"MA5&MA10":0,"MA5&MA15":0,"MA5&MA30":0,"MA10&MA15":0,"MA10&MA30":0,"MA15&MA30":0},{"Date":1337558400000,"RSI":0,"MACD":0,"STOCH":0,"CCI":0,"MA5&MA10":0,"MA5&MA15":0,"MA5&MA30":0,"MA10&MA15":0,"MA10&MA30":0,"MA15&MA30":0},{"Date":1337644800000,"RSI":0,"MACD":0,"STOCH":0,"CCI":0,"MA5&MA10":0,"MA5&MA15":0,"MA5&MA30":0,"MA10&MA15":0,"MA10&MA30":0,"MA15&MA30":0},{"Date":1337731200000,"RSI":0,"MACD":0,"STOCH":0,"CCI":0,"MA5&MA10":0,"MA5&MA15":0,"MA5&MA30":0,"MA10&MA15":0,"MA10&MA30":0,"MA15&MA30":0},{"Date":1337817600000,"RSI":0,"MACD":0,"STOCH":1,"CCI":0,"MA5&MA10":0,"MA5&MA15":0,"MA5&MA30":0,"MA10&MA15":0,"MA10&MA30":0,"MA15&MA30":0},{"Date":1337904000000,"RSI":0,"MACD":0,"STOCH":0,"CCI":0,"MA5&MA10":0,"MA5&MA15":0,"MA5&MA30":0,"MA10&MA15":0,"MA10&MA30":0,"MA15&MA30":0},{"Date":1338163200000,"RSI":0,"MACD":0,"STOCH":1,"CCI":0,"MA5&MA10":0,"MA5&MA15":0,"MA5&MA30":0,"MA10&MA15":0,"MA10&MA30":0,"MA15&MA30":0},{"Date":1338249600000,"RSI":1,"MACD":0,"STOCH":0,"CCI":0,"MA5&MA10":0,"MA5&MA15":0,"MA5&MA30":0,"MA10&MA15":0,"MA10&MA30":0,"MA15&MA30":0},{"Date":1338336000000,"RSI":0,"MACD":0,"STOCH":0,"CCI":0,"MA5&MA10":0,"MA5&MA15":0,"MA5&MA30":0,"MA10&MA15":0,"MA10&MA30":0,"MA15&MA30":0},{"Date":1338422400000,"RSI":0,"MACD":0,"STOCH":0,"CCI":0,"MA5&MA10":0,"MA5&MA15":0,"MA5&MA30":0,"MA10&MA15":0,"MA10&MA30":0,"MA15&MA30":0},{"Date":1338508800000,"RSI":0,"MACD":0,"STOCH":0,"CCI":0,"MA5&MA10":0,"MA5&MA15":0,"MA5&MA30":0,"MA10&MA15":0,"MA10&MA30":0,"MA15&MA30":0},{"Date":1338768000000,"RSI":0,"MACD":0,"STOCH":0,"CCI":0,"MA5&MA10":0,"MA5&MA15":0,"MA5&MA30":0,"MA10&MA15":0,"MA10&MA30":0,"MA15&MA30":0},{"Date":1338854400000,"RSI":0,"MACD":0,"STOCH":0,"CCI":0,"MA5&MA10":0,"MA5&MA15":0,"MA5&MA30":0,"MA10&MA15":0,"MA10&MA30":0,"MA15&MA30":0},{"Date":1338940800000,"RSI":1,"MACD":0,"STOCH":1,"CCI":0,"MA5&MA10":0,"MA5&MA15":0,"MA5&MA30":0,"MA10&MA15":0,"MA10&MA30":0,"MA15&MA30":0},{"Date":1339027200000,"RSI":0,"MACD":0,"STOCH":0,"CCI":0,"MA5&MA10":0,"MA5&MA15":0,"MA5&MA30":0,"MA10&MA15":0,"MA10&MA30":0,"MA15&MA30":0},{"Date":1339113600000,"RSI":0,"MACD":1,"STOCH":0,"CCI":0,"MA5&MA10":0,"MA5&MA15":0,"MA5&MA30":0,"MA10&MA15":0,"MA10&MA30":0,"MA15&MA30":0},{"Date":1339372800000,"RSI":0,"MACD":0,"STOCH":0,"CCI":0,"MA5&MA10":0,"MA5&MA15":0,"MA5&MA30":0,"MA10&MA15":0,"MA10&MA30":0,"MA15&MA30":0},{"Date":1339459200000,"RSI":0,"MACD":0,"STOCH":0,"CCI":0,"MA5&MA10":1,"MA5&MA15":0,"MA5&MA30":0,"MA10&MA15":0,"MA10&MA30":0,"MA15&MA30":0},{"Date":1339545600000,"RSI":0,"MACD":0,"STOCH":0,"CCI":1,"MA5&MA10":0,"MA5&MA15":0,"MA5&MA30":0,"MA10&MA15":0,"MA10&MA30":0,"MA15&MA30":0},{"Date":1339632000000,"RSI":0,"MACD":0,"STOCH":0,"CCI":0,"MA5&MA10":0,"MA5&MA15":1,"MA5&MA30":0,"MA10&MA15":0,"MA10&MA30":0,"MA15&MA30":0},{"Date":1339718400000,"RSI":0,"MACD":0,"STOCH":0,"CCI":0,"MA5&MA10":0,"MA5&MA15":0,"MA5&MA30":0,"MA10&MA15":0,"MA10&MA30":0,"MA15&MA30":0},{"Date":1339977600000,"RSI":0,"MACD":0,"STOCH":-1,"CCI":0,"MA5&MA10":0,"MA5&MA15":0,"MA5&MA30":0,"MA10&MA15":1,"MA10&MA30":0,"MA15&MA30":0},{"Date":1340064000000,"RSI":0,"MACD":0,"STOCH":0,"CCI":0,"MA5&MA10":0,"MA5&MA15":0,"MA5&MA30":0,"MA10&MA15":0,"MA10&MA30":0,"MA15&MA30":0},{"Date":1340150400000,"RSI":0,"MACD":0,"STOCH":0,"CCI":0,"MA5&MA10":0,"MA5&MA15":0,"MA5&MA30":1,"MA10&MA15":0,"MA10&MA30":0,"MA15&MA30":0},{"Date":1340236800000,"RSI":0,"MACD":0,"STOCH":0,"CCI":0,"MA5&MA10":0,"MA5&MA15":0,"MA5&MA30":0,"MA10&MA15":0,"MA10&MA30":0,"MA15&MA30":0},{"Date":1340323200000,"RSI":0,"MACD":0,"STOCH":0,"CCI":0,"MA5&MA10":0,"MA5&MA15":0,"MA5&MA30":0,"MA10&MA15":0,"MA10&MA30":1,"MA15&MA30":0},{"Date":1340582400000,"RSI":0,"MACD":0,"STOCH":0,"CCI":0,"MA5&MA10":0,"MA5&MA15":0,"MA5&MA30":0,"MA10&MA15":0,"MA10&MA30":0,"MA15&MA30":0},{"Date":1340668800000,"RSI":0,"MACD":0,"STOCH":0,"CCI":0,"MA5&MA10":0,"MA5&MA15":0,"MA5&MA30":0,"MA10&MA15":0,"MA10&MA30":0,"MA15&MA30":0},{"Date":1340755200000,"RSI":0,"MACD":0,"STOCH":0,"CCI":0,"MA5&MA10":0,"MA5&MA15":0,"MA5&MA30":0,"MA10&MA15":0,"MA10&MA30":0,"MA15&MA30":1},{"Date":1340841600000,"RSI":0,"MACD":0,"STOCH":0,"CCI":0,"MA5&MA10":-1,"MA5&MA15":0,"MA5&MA30":0,"MA10&MA15":0,"MA10&MA30":0,"MA15&MA30":0},{"Date":1340928000000,"RSI":0,"MACD":0,"STOCH":0,"CCI":0,"MA5&MA10":0,"MA5&MA15":0,"MA5&MA30":0,"MA10&MA15":0,"MA10&MA30":0,"MA15&MA30":0},{"Date":1341187200000,"RSI":0,"MACD":1,"STOCH":0,"CCI":0,"MA5&MA10":1,"MA5&MA15":0,"MA5&MA30":0,"MA10&MA15":0,"MA10&MA30":0,"MA15&MA30":0},{"Date":1341273600000,"RSI":0,"MACD":0,"STOCH":0,"CCI":0,"MA5&MA10":0,"MA5&MA15":0,"MA5&MA30":0,"MA10&MA15":0,"MA10&MA30":0,"MA15&MA30":0},{"Date":1341360000000,"RSI":0,"MACD":0,"STOCH":0,"CCI":0,"MA5&MA10":0,"MA5&MA15":0,"MA5&MA30":0,"MA10&MA15":0,"MA10&MA30":0,"MA15&MA30":0},{"Date":1341446400000,"RSI":0,"MACD":0,"STOCH":0,"CCI":0,"MA5&MA10":0,"MA5&MA15":0,"MA5&MA30":0,"MA10&MA15":0,"MA10&MA30":0,"MA15&MA30":0},{"Date":1341532800000,"RSI":0,"MACD":0,"STOCH":-1,"CCI":0,"MA5&MA10":0,"MA5&MA15":0,"MA5&MA30":0,"MA10&MA15":0,"MA10&MA30":0,"MA15&MA30":0},{"Date":1341792000000,"RSI":0,"MACD":0,"STOCH":0,"CCI":0,"MA5&MA10":0,"MA5&MA15":0,"MA5&MA30":0,"MA10&MA15":0,"MA10&MA30":0,"MA15&MA30":0},{"Date":1341878400000,"RSI":0,"MACD":0,"STOCH":0,"CCI":0,"MA5&MA10":0,"MA5&MA15":0,"MA5&MA30":0,"MA10&MA15":0,"MA10&MA30":0,"MA15&MA30":0},{"Date":1341964800000,"RSI":0,"MACD":0,"STOCH":0,"CCI":0,"MA5&MA10":0,"MA5&MA15":0,"MA5&MA30":0,"MA10&MA15":0,"MA10&MA30":0,"MA15&MA30":0},{"Date":1342051200000,"RSI":0,"MACD":0,"STOCH":0,"CCI":0,"MA5&MA10":0,"MA5&MA15":0,"MA5&MA30":0,"MA10&MA15":0,"MA10&MA30":0,"MA15&MA30":0},{"Date":1342137600000,"RSI":0,"MACD":0,"STOCH":0,"CCI":0,"MA5&MA10":0,"MA5&MA15":0,"MA5&MA30":0,"MA10&MA15":0,"MA10&MA30":0,"MA15&MA30":0},{"Date":1342396800000,"RSI":0,"MACD":0,"STOCH":0,"CCI":0,"MA5&MA10":0,"MA5&MA15":0,"MA5&MA30":0,"MA10&MA15":0,"MA10&MA30":0,"MA15&MA30":0},{"Date":1342483200000,"RSI":0,"MACD":0,"STOCH":0,"CCI":0,"MA5&MA10":0,"MA5&MA15":0,"MA5&MA30":0,"MA10&MA15":0,"MA10&MA30":0,"MA15&MA30":0},{"Date":1342569600000,"RSI":0,"MACD":0,"STOCH":0,"CCI":0,"MA5&MA10":0,"MA5&MA15":0,"MA5&MA30":0,"MA10&MA15":0,"MA10&MA30":0,"MA15&MA30":0},{"Date":1342656000000,"RSI":0,"MACD":0,"STOCH":0,"CCI":0,"MA5&MA10":1,"MA5&MA15":0,"MA5&MA30":0,"MA10&MA15":0,"MA10&MA30":0,"MA15&MA30":0},{"Date":1342742400000,"RSI":0,"MACD":0,"STOCH":0,"CCI":0,"MA5&MA10":0,"MA5&MA15":0,"MA5&MA30":0,"MA10&MA15":-1,"MA10&MA30":0,"MA15&MA30":0},{"Date":1343001600000,"RSI":0,"MACD":-1,"STOCH":0,"CCI":-1,"MA5&MA10":0,"MA5&MA15":0,"MA5&MA30":0,"MA10&MA15":0,"MA10&MA30":0,"MA15&MA30":0},{"Date":1343088000000,"RSI":0,"MACD":0,"STOCH":0,"CCI":0,"MA5&MA10":0,"MA5&MA15":-1,"MA5&MA30":0,"MA10&MA15":0,"MA10&MA30":0,"MA15&MA30":0},{"Date":1343174400000,"RSI":0,"MACD":0,"STOCH":0,"CCI":0,"MA5&MA10":-1,"MA5&MA15":0,"MA5&MA30":0,"MA10&MA15":0,"MA10&MA30":0,"MA15&MA30":0},{"Date":1343260800000,"RSI":0,"MACD":0,"STOCH":0,"CCI":0,"MA5&MA10":0,"MA5&MA15":0,"MA5&MA30":0,"MA10&MA15":0,"MA10&MA30":0,"MA15&MA30":0},{"Date":1343347200000,"RSI":0,"MACD":0,"STOCH":0,"CCI":0,"MA5&MA10":0,"MA5&MA15":0,"MA5&MA30":-1,"MA10&MA15":0,"MA10&MA30":0,"MA15&MA30":0},{"Date":1343606400000,"RSI":0,"MACD":0,"STOCH":0,"CCI":0,"MA5&MA10":0,"MA5&MA15":0,"MA5&MA30":0,"MA10&MA15":0,"MA10&MA30":0,"MA15&MA30":0},{"Date":1343692800000,"RSI":0,"MACD":0,"STOCH":0,"CCI":1,"MA5&MA10":0,"MA5&MA15":0,"MA5&MA30":0,"MA10&MA15":0,"MA10&MA30":0,"MA15&MA30":0},{"Date":1343779200000,"RSI":0,"MACD":1,"STOCH":0,"CCI":0,"MA5&MA10":1,"MA5&MA15":1,"MA5&MA30":1,"MA10&MA15":0,"MA10&MA30":0,"MA15&MA30":0},{"Date":1343865600000,"RSI":0,"MACD":0,"STOCH":0,"CCI":0,"MA5&MA10":0,"MA5&MA15":0,"MA5&MA30":0,"MA10&MA15":0,"MA10&MA30":0,"MA15&MA30":0},{"Date":1343952000000,"RSI":0,"MACD":0,"STOCH":-1,"CCI":0,"MA5&MA10":0,"MA5&MA15":0,"MA5&MA30":0,"MA10&MA15":0,"MA10&MA30":0,"MA15&MA30":0},{"Date":1344211200000,"RSI":0,"MACD":0,"STOCH":0,"CCI":0,"MA5&MA10":0,"MA5&MA15":0,"MA5&MA30":0,"MA10&MA15":1,"MA10&MA30":0,"MA15&MA30":0},{"Date":1344297600000,"RSI":0,"MACD":0,"STOCH":0,"CCI":0,"MA5&MA10":0,"MA5&MA15":0,"MA5&MA30":0,"MA10&MA15":0,"MA10&MA30":0,"MA15&MA30":0},{"Date":1344384000000,"RSI":0,"MACD":0,"STOCH":0,"CCI":0,"MA5&MA10":0,"MA5&MA15":0,"MA5&MA30":0,"MA10&MA15":0,"MA10&MA30":0,"MA15&MA30":0},{"Date":1344470400000,"RSI":0,"MACD":0,"STOCH":-1,"CCI":0,"MA5&MA10":0,"MA5&MA15":0,"MA5&MA30":0,"MA10&MA15":0,"MA10&MA30":0,"MA15&MA30":0},{"Date":1344556800000,"RSI":0,"MACD":0,"STOCH":0,"CCI":0,"MA5&MA10":0,"MA5&MA15":0,"MA5&MA30":0,"MA10&MA15":0,"MA10&MA30":0,"MA15&MA30":0},{"Date":1344816000000,"RSI":-1,"MACD":0,"STOCH":0,"CCI":0,"MA5&MA10":0,"MA5&MA15":0,"MA5&MA30":0,"MA10&MA15":0,"MA10&MA30":0,"MA15&MA30":0},{"Date":1344902400000,"RSI":0,"MACD":0,"STOCH":0,"CCI":0,"MA5&MA10":0,"MA5&MA15":0,"MA5&MA30":0,"MA10&MA15":0,"MA10&MA30":0,"MA15&MA30":0},{"Date":1344988800000,"RSI":0,"MACD":0,"STOCH":0,"CCI":0,"MA5&MA10":0,"MA5&MA15":0,"MA5&MA30":0,"MA10&MA15":0,"MA10&MA30":0,"MA15&MA30":0},{"Date":1345075200000,"RSI":0,"MACD":0,"STOCH":0,"CCI":0,"MA5&MA10":0,"MA5&MA15":0,"MA5&MA30":0,"MA10&MA15":0,"MA10&MA30":0,"MA15&MA30":0},{"Date":1345161600000,"RSI":0,"MACD":0,"STOCH":0,"CCI":0,"MA5&MA10":-1,"MA5&MA15":0,"MA5&MA30":0,"MA10&MA15":0,"MA10&MA30":0,"MA15&MA30":0},{"Date":1345420800000,"RSI":0,"MACD":-1,"STOCH":0,"CCI":-1,"MA5&MA10":0,"MA5&MA15":0,"MA5&MA30":0,"MA10&MA15":0,"MA10&MA30":0,"MA15&MA30":0},{"Date":1345507200000,"RSI":0,"MACD":0,"STOCH":0,"CCI":0,"MA5&MA10":0,"MA5&MA15":-1,"MA5&MA30":0,"MA10&MA15":0,"MA10&MA30":0,"MA15&MA30":0},{"Date":1345593600000,"RSI":0,"MACD":0,"STOCH":0,"CCI":0,"MA5&MA10":0,"MA5&MA15":0,"MA5&MA30":0,"MA10&MA15":0,"MA10&MA30":0,"MA15&MA30":0},{"Date":1345680000000,"RSI":0,"MACD":0,"STOCH":1,"CCI":0,"MA5&MA10":0,"MA5&MA15":0,"MA5&MA30":0,"MA10&MA15":-1,"MA10&MA30":0,"MA15&MA30":0},{"Date":1345766400000,"RSI":0,"MACD":0,"STOCH":0,"CCI":0,"MA5&MA10":0,"MA5&MA15":0,"MA5&MA30":-1,"MA10&MA15":0,"MA10&MA30":0,"MA15&MA30":0},{"Date":1346025600000,"RSI":0,"MACD":0,"STOCH":0,"CCI":0,"MA5&MA10":0,"MA5&MA15":0,"MA5&MA30":0,"MA10&MA15":0,"MA10&MA30":0,"MA15&MA30":0},{"Date":1346112000000,"RSI":0,"MACD":0,"STOCH":0,"CCI":0,"MA5&MA10":0,"MA5&MA15":0,"MA5&MA30":0,"MA10&MA15":0,"MA10&MA30":0,"MA15&MA30":0},{"Date":1346198400000,"RSI":0,"MACD":-1,"STOCH":0,"CCI":0,"MA5&MA10":0,"MA5&MA15":0,"MA5&MA30":0,"MA10&MA15":0,"MA10&MA30":-1,"MA15&MA30":0},{"Date":1346284800000,"RSI":0,"MACD":0,"STOCH":0,"CCI":0,"MA5&MA10":0,"MA5&MA15":0,"MA5&MA30":0,"MA10&MA15":0,"MA10&MA30":0,"MA15&MA30":0},{"Date":1346371200000,"RSI":0,"MACD":0,"STOCH":0,"CCI":0,"MA5&MA10":0,"MA5&MA15":0,"MA5&MA30":0,"MA10&MA15":0,"MA10&MA30":0,"MA15&MA30":0},{"Date":1346630400000,"RSI":0,"MACD":0,"STOCH":0,"CCI":0,"MA5&MA10":0,"MA5&MA15":0,"MA5&MA30":0,"MA10&MA15":0,"MA10&MA30":0,"MA15&MA30":-1},{"Date":1346716800000,"RSI":0,"MACD":0,"STOCH":0,"CCI":0,"MA5&MA10":0,"MA5&MA15":0,"MA5&MA30":0,"MA10&MA15":0,"MA10&MA30":0,"MA15&MA30":0},{"Date":1346803200000,"RSI":0,"MACD":0,"STOCH":0,"CCI":0,"MA5&MA10":0,"MA5&MA15":0,"MA5&MA30":0,"MA10&MA15":0,"MA10&MA30":0,"MA15&MA30":0},{"Date":1346889600000,"RSI":0,"MACD":0,"STOCH":0,"CCI":0,"MA5&MA10":0,"MA5&MA15":0,"MA5&MA30":0,"MA10&MA15":0,"MA10&MA30":0,"MA15&MA30":0},{"Date":1346976000000,"RSI":0,"MACD":0,"STOCH":0,"CCI":0,"MA5&MA10":0,"MA5&MA15":0,"MA5&MA30":0,"MA10&MA15":0,"MA10&MA30":0,"MA15&MA30":0},{"Date":1347235200000,"RSI":0,"MACD":0,"STOCH":0,"CCI":1,"MA5&MA10":0,"MA5&MA15":0,"MA5&MA30":0,"MA10&MA15":0,"MA10&MA30":0,"MA15&MA30":0},{"Date":1347321600000,"RSI":0,"MACD":0,"STOCH":0,"CCI":-1,"MA5&MA10":0,"MA5&MA15":0,"MA5&MA30":0,"MA10&MA15":0,"MA10&MA30":0,"MA15&MA30":0},{"Date":1347408000000,"RSI":0,"MACD":0,"STOCH":0,"CCI":0,"MA5&MA10":0,"MA5&MA15":0,"MA5&MA30":0,"MA10&MA15":0,"MA10&MA30":0,"MA15&MA30":0},{"Date":1347494400000,"RSI":0,"MACD":0,"STOCH":0,"CCI":0,"MA5&MA10":1,"MA5&MA15":0,"MA5&MA30":0,"MA10&MA15":0,"MA10&MA30":0,"MA15&MA30":0},{"Date":1347580800000,"RSI":0,"MACD":0,"STOCH":0,"CCI":0,"MA5&MA10":-1,"MA5&MA15":0,"MA5&MA30":0,"MA10&MA15":0,"MA10&MA30":0,"MA15&MA30":0},{"Date":1347840000000,"RSI":0,"MACD":1,"STOCH":0,"CCI":1,"MA5&MA10":1,"MA5&MA15":0,"MA5&MA30":0,"MA10&MA15":0,"MA10&MA30":0,"MA15&MA30":0},{"Date":1347926400000,"RSI":0,"MACD":0,"STOCH":0,"CCI":0,"MA5&MA10":0,"MA5&MA15":1,"MA5&MA30":0,"MA10&MA15":0,"MA10&MA30":0,"MA15&MA30":0},{"Date":1348012800000,"RSI":0,"MACD":0,"STOCH":0,"CCI":0,"MA5&MA10":0,"MA5&MA15":0,"MA5&MA30":0,"MA10&MA15":1,"MA10&MA30":0,"MA15&MA30":0},{"Date":1348099200000,"RSI":0,"MACD":0,"STOCH":0,"CCI":0,"MA5&MA10":0,"MA5&MA15":0,"MA5&MA30":1,"MA10&MA15":0,"MA10&MA30":0,"MA15&MA30":0},{"Date":1348185600000,"RSI":0,"MACD":1,"STOCH":0,"CCI":0,"MA5&MA10":0,"MA5&MA15":0,"MA5&MA30":0,"MA10&MA15":0,"MA10&MA30":0,"MA15&MA30":0},{"Date":1348444800000,"RSI":0,"MACD":0,"STOCH":0,"CCI":0,"MA5&MA10":0,"MA5&MA15":0,"MA5&MA30":0,"MA10&MA15":0,"MA10&MA30":0,"MA15&MA30":0},{"Date":1348531200000,"RSI":0,"MACD":0,"STOCH":0,"CCI":-1,"MA5&MA10":0,"MA5&MA15":0,"MA5&MA30":0,"MA10&MA15":0,"MA10&MA30":0,"MA15&MA30":0},{"Date":1348617600000,"RSI":0,"MACD":-1,"STOCH":0,"CCI":0,"MA5&MA10":-1,"MA5&MA15":0,"MA5&MA30":-1,"MA10&MA15":0,"MA10&MA30":0,"MA15&MA30":0},{"Date":1348704000000,"RSI":0,"MACD":0,"STOCH":0,"CCI":0,"MA5&MA10":0,"MA5&MA15":-1,"MA5&MA30":0,"MA10&MA15":0,"MA10&MA30":1,"MA15&MA30":0},{"Date":1348790400000,"RSI":0,"MACD":0,"STOCH":0,"CCI":0,"MA5&MA10":0,"MA5&MA15":0,"MA5&MA30":0,"MA10&MA15":0,"MA10&MA30":0,"MA15&MA30":0},{"Date":1349049600000,"RSI":0,"MACD":0,"STOCH":1,"CCI":0,"MA5&MA10":0,"MA5&MA15":0,"MA5&MA30":0,"MA10&MA15":0,"MA10&MA30":-1,"MA15&MA30":0},{"Date":1349136000000,"RSI":0,"MACD":0,"STOCH":0,"CCI":0,"MA5&MA10":0,"MA5&MA15":0,"MA5&MA30":0,"MA10&MA15":-1,"MA10&MA30":0,"MA15&MA30":0},{"Date":1349222400000,"RSI":0,"MACD":0,"STOCH":0,"CCI":0,"MA5&MA10":0,"MA5&MA15":0,"MA5&MA30":0,"MA10&MA15":0,"MA10&MA30":0,"MA15&MA30":0},{"Date":1349308800000,"RSI":0,"MACD":0,"STOCH":0,"CCI":0,"MA5&MA10":0,"MA5&MA15":0,"MA5&MA30":0,"MA10&MA15":0,"MA10&MA30":0,"MA15&MA30":0},{"Date":1349395200000,"RSI":0,"MACD":0,"STOCH":0,"CCI":0,"MA5&MA10":0,"MA5&MA15":0,"MA5&MA30":0,"MA10&MA15":0,"MA10&MA30":0,"MA15&MA30":0},{"Date":1349654400000,"RSI":0,"MACD":0,"STOCH":0,"CCI":0,"MA5&MA10":0,"MA5&MA15":0,"MA5&MA30":0,"MA10&MA15":0,"MA10&MA30":0,"MA15&MA30":0},{"Date":1349740800000,"RSI":0,"MACD":0,"STOCH":0,"CCI":0,"MA5&MA10":0,"MA5&MA15":0,"MA5&MA30":0,"MA10&MA15":0,"MA10&MA30":0,"MA15&MA30":0},{"Date":1349913600000,"RSI":0,"MACD":0,"STOCH":1,"CCI":0,"MA5&MA10":0,"MA5&MA15":0,"MA5&MA30":0,"MA10&MA15":0,"MA10&MA30":0,"MA15&MA30":0},{"Date":1350000000000,"RSI":0,"MACD":0,"STOCH":0,"CCI":0,"MA5&MA10":0,"MA5&MA15":0,"MA5&MA30":0,"MA10&MA15":0,"MA10&MA30":0,"MA15&MA30":0},{"Date":1350259200000,"RSI":0,"MACD":0,"STOCH":0,"CCI":0,"MA5&MA10":0,"MA5&MA15":0,"MA5&MA30":0,"MA10&MA15":0,"MA10&MA30":0,"MA15&MA30":0},{"Date":1350345600000,"RSI":0,"MACD":1,"STOCH":0,"CCI":1,"MA5&MA10":0,"MA5&MA15":0,"MA5&MA30":0,"MA10&MA15":0,"MA10&MA30":0,"MA15&MA30":0},{"Date":1350432000000,"RSI":0,"MACD":0,"STOCH":0,"CCI":0,"MA5&MA10":1,"MA5&MA15":0,"MA5&MA30":0,"MA10&MA15":0,"MA10&MA30":0,"MA15&MA30":0},{"Date":1350518400000,"RSI":0,"MACD":0,"STOCH":0,"CCI":0,"MA5&MA10":0,"MA5&MA15":1,"MA5&MA30":0,"MA10&MA15":0,"MA10&MA30":0,"MA15&MA30":0},{"Date":1350604800000,"RSI":0,"MACD":0,"STOCH":-1,"CCI":0,"MA5&MA10":0,"MA5&MA15":0,"MA5&MA30":0,"MA10&MA15":0,"MA10&MA30":0,"MA15&MA30":0},{"Date":1350864000000,"RSI":0,"MACD":0,"STOCH":0,"CCI":0,"MA5&MA10":0,"MA5&MA15":0,"MA5&MA30":0,"MA10&MA15":1,"MA10&MA30":0,"MA15&MA30":0},{"Date":1350950400000,"RSI":0,"MACD":0,"STOCH":0,"CCI":0,"MA5&MA10":0,"MA5&MA15":0,"MA5&MA30":0,"MA10&MA15":0,"MA10&MA30":0,"MA15&MA30":0},{"Date":1351036800000,"RSI":0,"MACD":0,"STOCH":0,"CCI":-1,"MA5&MA10":0,"MA5&MA15":0,"MA5&MA30":0,"MA10&MA15":0,"MA10&MA30":0,"MA15&MA30":0},{"Date":1351123200000,"RSI":0,"MACD":0,"STOCH":0,"CCI":0,"MA5&MA10":0,"MA5&MA15":0,"MA5&MA30":0,"MA10&MA15":0,"MA10&MA30":0,"MA15&MA30":0},{"Date":1351209600000,"RSI":0,"MACD":-1,"STOCH":0,"CCI":0,"MA5&MA10":-1,"MA5&MA15":-1,"MA5&MA30":0,"MA10&MA15":0,"MA10&MA30":0,"MA15&MA30":0},{"Date":1351468800000,"RSI":0,"MACD":0,"STOCH":1,"CCI":0,"MA5&MA10":0,"MA5&MA15":0,"MA5&MA30":0,"MA10&MA15":0,"MA10&MA30":0,"MA15&MA30":0},{"Date":1351555200000,"RSI":0,"MACD":0,"STOCH":0,"CCI":0,"MA5&MA10":0,"MA5&MA15":0,"MA5&MA30":0,"MA10&MA15":-1,"MA10&MA30":0,"MA15&MA30":0},{"Date":1351641600000,"RSI":0,"MACD":0,"STOCH":0,"CCI":0,"MA5&MA10":0,"MA5&MA15":0,"MA5&MA30":0,"MA10&MA15":0,"MA10&MA30":0,"MA15&MA30":0},{"Date":1351728000000,"RSI":0,"MACD":1,"STOCH":0,"CCI":1,"MA5&MA10":0,"MA5&MA15":0,"MA5&MA30":0,"MA10&MA15":0,"MA10&MA30":0,"MA15&MA30":0},{"Date":1351814400000,"RSI":0,"MACD":0,"STOCH":0,"CCI":0,"MA5&MA10":1,"MA5&MA15":0,"MA5&MA30":0,"MA10&MA15":0,"MA10&MA30":0,"MA15&MA30":0},{"Date":1352073600000,"RSI":0,"MACD":0,"STOCH":0,"CCI":0,"MA5&MA10":0,"MA5&MA15":1,"MA5&MA30":1,"MA10&MA15":0,"MA10&MA30":0,"MA15&MA30":0},{"Date":1352160000000,"RSI":0,"MACD":1,"STOCH":0,"CCI":0,"MA5&MA10":0,"MA5&MA15":0,"MA5&MA30":0,"MA10&MA15":0,"MA10&MA30":0,"MA15&MA30":1},{"Date":1352246400000,"RSI":0,"MACD":0,"STOCH":0,"CCI":0,"MA5&MA10":0,"MA5&MA15":0,"MA5&MA30":0,"MA10&MA15":0,"MA10&MA30":1,"MA15&MA30":0},{"Date":1352332800000,"RSI":0,"MACD":0,"STOCH":-1,"CCI":0,"MA5&MA10":0,"MA5&MA15":0,"MA5&MA30":0,"MA10&MA15":1,"MA10&MA30":0,"MA15&MA30":0},{"Date":1352419200000,"RSI":0,"MACD":0,"STOCH":0,"CCI":0,"MA5&MA10":0,"MA5&MA15":0,"MA5&MA30":0,"MA10&MA15":0,"MA10&MA30":0,"MA15&MA30":0},{"Date":1352678400000,"RSI":0,"MACD":0,"STOCH":0,"CCI":0,"MA5&MA10":0,"MA5&MA15":0,"MA5&MA30":0,"MA10&MA15":0,"MA10&MA30":0,"MA15&MA30":0},{"Date":1352764800000,"RSI":0,"MACD":0,"STOCH":0,"CCI":-1,"MA5&MA10":0,"MA5&MA15":0,"MA5&MA30":0,"MA10&MA15":0,"MA10&MA30":0,"MA15&MA30":0},{"Date":1352851200000,"RSI":0,"MACD":-1,"STOCH":0,"CCI":0,"MA5&MA10":-1,"MA5&MA15":0,"MA5&MA30":0,"MA10&MA15":0,"MA10&MA30":0,"MA15&MA30":0},{"Date":1352937600000,"RSI":0,"MACD":-1,"STOCH":0,"CCI":0,"MA5&MA10":0,"MA5&MA15":-1,"MA5&MA30":0,"MA10&MA15":0,"MA10&MA30":0,"MA15&MA30":0},{"Date":1353024000000,"RSI":0,"MACD":0,"STOCH":1,"CCI":0,"MA5&MA10":0,"MA5&MA15":0,"MA5&MA30":-1,"MA10&MA15":0,"MA10&MA30":0,"MA15&MA30":0},{"Date":1353283200000,"RSI":0,"MACD":0,"STOCH":0,"CCI":0,"MA5&MA10":0,"MA5&MA15":0,"MA5&MA30":0,"MA10&MA15":0,"MA10&MA30":0,"MA15&MA30":0},{"Date":1353369600000,"RSI":0,"MACD":0,"STOCH":0,"CCI":0,"MA5&MA10":0,"MA5&MA15":0,"MA5&MA30":0,"MA10&MA15":-1,"MA10&MA30":0,"MA15&MA30":0},{"Date":1353456000000,"RSI":0,"MACD":0,"STOCH":0,"CCI":0,"MA5&MA10":0,"MA5&MA15":0,"MA5&MA30":0,"MA10&MA15":0,"MA10&MA30":0,"MA15&MA30":0},{"Date":1353542400000,"RSI":0,"MACD":0,"STOCH":0,"CCI":0,"MA5&MA10":0,"MA5&MA15":0,"MA5&MA30":0,"MA10&MA15":0,"MA10&MA30":-1,"MA15&MA30":0},{"Date":1353628800000,"RSI":0,"MACD":0,"STOCH":0,"CCI":1,"MA5&MA10":1,"MA5&MA15":0,"MA5&MA30":0,"MA10&MA15":0,"MA10&MA30":0,"MA15&MA30":0},{"Date":1353888000000,"RSI":0,"MACD":1,"STOCH":0,"CCI":0,"MA5&MA10":0,"MA5&MA15":0,"MA5&MA30":1,"MA10&MA15":0,"MA10&MA30":0,"MA15&MA30":0},{"Date":1353974400000,"RSI":0,"MACD":0,"STOCH":0,"CCI":0,"MA5&MA10":0,"MA5&MA15":1,"MA5&MA30":0,"MA10&MA15":0,"MA10&MA30":1,"MA15&MA30":0},{"Date":1354060800000,"RSI":0,"MACD":0,"STOCH":0,"CCI":0,"MA5&MA10":0,"MA5&MA15":0,"MA5&MA30":0,"MA10&MA15":1,"MA10&MA30":0,"MA15&MA30":0},{"Date":1354147200000,"RSI":0,"MACD":0,"STOCH":-1,"CCI":0,"MA5&MA10":0,"MA5&MA15":0,"MA5&MA30":0,"MA10&MA15":0,"MA10&MA30":0,"MA15&MA30":0},{"Date":1354233600000,"RSI":0,"MACD":0,"STOCH":0,"CCI":0,"MA5&MA10":0,"MA5&MA15":0,"MA5&MA30":0,"MA10&MA15":0,"MA10&MA30":0,"MA15&MA30":0},{"Date":1354492800000,"RSI":0,"MACD":0,"STOCH":0,"CCI":0,"MA5&MA10":0,"MA5&MA15":0,"MA5&MA30":0,"MA10&MA15":0,"MA10&MA30":0,"MA15&MA30":0},{"Date":1354579200000,"RSI":0,"MACD":0,"STOCH":-1,"CCI":0,"MA5&MA10":0,"MA5&MA15":0,"MA5&MA30":0,"MA10&MA15":0,"MA10&MA30":0,"MA15&MA30":0},{"Date":1354665600000,"RSI":0,"MACD":0,"STOCH":0,"CCI":0,"MA5&MA10":0,"MA5&MA15":0,"MA5&MA30":0,"MA10&MA15":0,"MA10&MA30":0,"MA15&MA30":0},{"Date":1354752000000,"RSI":0,"MACD":0,"STOCH":0,"CCI":0,"MA5&MA10":0,"MA5&MA15":0,"MA5&MA30":0,"MA10&MA15":0,"MA10&MA30":0,"MA15&MA30":0},{"Date":1354838400000,"RSI":0,"MACD":0,"STOCH":0,"CCI":0,"MA5&MA10":0,"MA5&MA15":0,"MA5&MA30":0,"MA10&MA15":0,"MA10&MA30":0,"MA15&MA30":0},{"Date":1355097600000,"RSI":0,"MACD":0,"STOCH":0,"CCI":0,"MA5&MA10":0,"MA5&MA15":0,"MA5&MA30":0,"MA10&MA15":0,"MA10&MA30":0,"MA15&MA30":0},{"Date":1355184000000,"RSI":0,"MACD":0,"STOCH":0,"CCI":0,"MA5&MA10":0,"MA5&MA15":0,"MA5&MA30":0,"MA10&MA15":0,"MA10&MA30":0,"MA15&MA30":0},{"Date":1355270400000,"RSI":0,"MACD":0,"STOCH":0,"CCI":0,"MA5&MA10":0,"MA5&MA15":0,"MA5&MA30":0,"MA10&MA15":0,"MA10&MA30":0,"MA15&MA30":0},{"Date":1355356800000,"RSI":0,"MACD":0,"STOCH":0,"CCI":0,"MA5&MA10":0,"MA5&MA15":0,"MA5&MA30":0,"MA10&MA15":0,"MA10&MA30":0,"MA15&MA30":0},{"Date":1355443200000,"RSI":0,"MACD":0,"STOCH":0,"CCI":0,"MA5&MA10":0,"MA5&MA15":0,"MA5&MA30":0,"MA10&MA15":0,"MA10&MA30":0,"MA15&MA30":0},{"Date":1355702400000,"RSI":0,"MACD":0,"STOCH":0,"CCI":0,"MA5&MA10":0,"MA5&MA15":0,"MA5&MA30":0,"MA10&MA15":0,"MA10&MA30":0,"MA15&MA30":0},{"Date":1355788800000,"RSI":0,"MACD":-1,"STOCH":0,"CCI":-1,"MA5&MA10":0,"MA5&MA15":0,"MA5&MA30":0,"MA10&MA15":0,"MA10&MA30":0,"MA15&MA30":0},{"Date":1355875200000,"RSI":0,"MACD":0,"STOCH":0,"CCI":1,"MA5&MA10":0,"MA5&MA15":0,"MA5&MA30":0,"MA10&MA15":0,"MA10&MA30":0,"MA15&MA30":0},{"Date":1355961600000,"RSI":0,"MACD":0,"STOCH":0,"CCI":0,"MA5&MA10":-1,"MA5&MA15":0,"MA5&MA30":0,"MA10&MA15":0,"MA10&MA30":0,"MA15&MA30":0},{"Date":1356048000000,"RSI":0,"MACD":0,"STOCH":0,"CCI":-1,"MA5&MA10":0,"MA5&MA15":-1,"MA5&MA30":0,"MA10&MA15":0,"MA10&MA30":0,"MA15&MA30":0},{"Date":1356307200000,"RSI":0,"MACD":0,"STOCH":0,"CCI":0,"MA5&MA10":0,"MA5&MA15":0,"MA5&MA30":0,"MA10&MA15":0,"MA10&MA30":0,"MA15&MA30":0},{"Date":1356393600000,"RSI":0,"MACD":0,"STOCH":0,"CCI":0,"MA5&MA10":0,"MA5&MA15":0,"MA5&MA30":0,"MA10&MA15":-1,"MA10&MA30":0,"MA15&MA30":0},{"Date":1356480000000,"RSI":0,"MACD":0,"STOCH":0,"CCI":1,"MA5&MA10":0,"MA5&MA15":0,"MA5&MA30":0,"MA10&MA15":0,"MA10&MA30":0,"MA15&MA30":0},{"Date":1356566400000,"RSI":0,"MACD":0,"STOCH":0,"CCI":0,"MA5&MA10":0,"MA5&MA15":0,"MA5&MA30":0,"MA10&MA15":0,"MA10&MA30":0,"MA15&MA30":0},{"Date":1356652800000,"RSI":0,"MACD":0,"STOCH":0,"CCI":-1,"MA5&MA10":1,"MA5&MA15":1,"MA5&MA30":0,"MA10&MA15":0,"MA10&MA30":0,"MA15&MA30":0}]