[{"Date":1285545600000,"Trading_Strategy":"CCI^STOCH","Transaction_Type":1,"Stock_price":18.2181510925,"Transaction_amount":18000.0,"Return_money":null,"Rate_of_Return":null},{"Date":1285718400000,"Trading_Strategy":"CCI^STOCH","Transaction_Type":-1,"Stock_price":18.5950775146,"Transaction_amount":18000.0,"Return_money":372,"Rate_of_Return":0.0206666667},{"Date":1287014400000,"Trading_Strategy":"CCI^STOCH","Transaction_Type":1,"Stock_price":18.8463630676,"Transaction_amount":18000.0,"Return_money":null,"Rate_of_Return":null},{"Date":1287619200000,"Trading_Strategy":"CCI^STOCH","Transaction_Type":-1,"Stock_price":19.516456604,"Transaction_amount":18000.0,"Return_money":640,"Rate_of_Return":0.0355555556},{"Date":1290124800000,"Trading_Strategy":"CCI^STOCH","Transaction_Type":1,"Stock_price":20.8147602081,"Transaction_amount":18000.0,"Return_money":null,"Rate_of_Return":null},{"Date":1290384000000,"Trading_Strategy":"CCI^STOCH","Transaction_Type":-1,"Stock_price":21.9036617279,"Transaction_amount":18000.0,"Return_money":941,"Rate_of_Return":0.0522777778},{"Date":1291939200000,"Trading_Strategy":"CCI^STOCH","Transaction_Type":1,"Stock_price":21.861782074,"Transaction_amount":18000.0,"Return_money":null,"Rate_of_Return":null},{"Date":1292198400000,"Trading_Strategy":"CCI^STOCH","Transaction_Type":-1,"Stock_price":22.1130657196,"Transaction_amount":18000.0,"Return_money":206,"Rate_of_Return":0.0114444444},{"Date":1296000000000,"Trading_Strategy":"CCI^STOCH","Transaction_Type":1,"Stock_price":25.128484726,"Transaction_amount":18000.0,"Return_money":null,"Rate_of_Return":null},{"Date":1296086400000,"Trading_Strategy":"CCI^STOCH","Transaction_Type":-1,"Stock_price":25.5472927094,"Transaction_amount":18000.0,"Return_money":299,"Rate_of_Return":0.0166111111},{"Date":1300838400000,"Trading_Strategy":"CCI^STOCH","Transaction_Type":1,"Stock_price":20.5634765625,"Transaction_amount":18000.0,"Return_money":null,"Rate_of_Return":null},{"Date":1300924800000,"Trading_Strategy":"CCI^STOCH","Transaction_Type":-1,"Stock_price":20.8566417694,"Transaction_amount":18000.0,"Return_money":256,"Rate_of_Return":0.0142222222},{"Date":1306800000000,"Trading_Strategy":"CCI^STOCH","Transaction_Type":1,"Stock_price":22.4062328339,"Transaction_amount":18000.0,"Return_money":null,"Rate_of_Return":null},{"Date":1306886400000,"Trading_Strategy":"CCI^STOCH","Transaction_Type":-1,"Stock_price":22.0711860657,"Transaction_amount":18000.0,"Return_money":-269,"Rate_of_Return":-0.0149444444},{"Date":1309478400000,"Trading_Strategy":"CCI^STOCH","Transaction_Type":1,"Stock_price":19.4326953888,"Transaction_amount":18000.0,"Return_money":null,"Rate_of_Return":null},{"Date":1309737600000,"Trading_Strategy":"CCI^STOCH","Transaction_Type":-1,"Stock_price":19.1814098358,"Transaction_amount":18000.0,"Return_money":-232,"Rate_of_Return":-0.0128888889},{"Date":1310342400000,"Trading_Strategy":"CCI^STOCH","Transaction_Type":1,"Stock_price":19.1814098358,"Transaction_amount":18000.0,"Return_money":null,"Rate_of_Return":null},{"Date":1310428800000,"Trading_Strategy":"CCI^STOCH","Transaction_Type":-1,"Stock_price":18.6788406372,"Transaction_amount":18000.0,"Return_money":-471,"Rate_of_Return":-0.0261666667},{"Date":1313539200000,"Trading_Strategy":"CCI^STOCH","Transaction_Type":1,"Stock_price":15.5796604156,"Transaction_amount":18000.0,"Return_money":null,"Rate_of_Return":null},{"Date":1313625600000,"Trading_Strategy":"CCI^STOCH","Transaction_Type":-1,"Stock_price":15.2027330399,"Transaction_amount":18000.0,"Return_money":-435,"Rate_of_Return":-0.0241666667},{"Date":1314057600000,"Trading_Strategy":"CCI^STOCH","Transaction_Type":1,"Stock_price":15.7471828461,"Transaction_amount":18000.0,"Return_money":null,"Rate_of_Return":null},{"Date":1314144000000,"Trading_Strategy":"CCI^STOCH","Transaction_Type":-1,"Stock_price":15.4121370316,"Transaction_amount":18000.0,"Return_money":-382,"Rate_of_Return":-0.0212222222},{"Date":1317081600000,"Trading_Strategy":"CCI^STOCH","Transaction_Type":1,"Stock_price":14.4194307327,"Transaction_amount":18000.0,"Return_money":null,"Rate_of_Return":null},{"Date":1317600000000,"Trading_Strategy":"CCI^STOCH","Transaction_Type":-1,"Stock_price":13.8205413818,"Transaction_amount":18000.0,"Return_money":-747,"Rate_of_Return":-0.0415},{"Date":1317945600000,"Trading_Strategy":"CCI^STOCH","Transaction_Type":1,"Stock_price":14.0048151016,"Transaction_amount":18000.0,"Return_money":null,"Rate_of_Return":null},{"Date":1318291200000,"Trading_Strategy":"CCI^STOCH","Transaction_Type":-1,"Stock_price":14.557636261,"Transaction_amount":18000.0,"Return_money":710,"Rate_of_Return":0.0394444444},{"Date":1319673600000,"Trading_Strategy":"CCI^STOCH","Transaction_Type":1,"Stock_price":15.4790058136,"Transaction_amount":18000.0,"Return_money":null,"Rate_of_Return":null},{"Date":1320019200000,"Trading_Strategy":"CCI^STOCH","Transaction_Type":-1,"Stock_price":15.2947320938,"Transaction_amount":18000.0,"Return_money":-214,"Rate_of_Return":-0.0118888889},{"Date":1320364800000,"Trading_Strategy":"CCI^STOCH","Transaction_Type":1,"Stock_price":15.5711431503,"Transaction_amount":18000.0,"Return_money":null,"Rate_of_Return":null},{"Date":1320624000000,"Trading_Strategy":"CCI^STOCH","Transaction_Type":-1,"Stock_price":15.2947320938,"Transaction_amount":18000.0,"Return_money":-319,"Rate_of_Return":-0.0177222222},{"Date":1323648000000,"Trading_Strategy":"CCI^STOCH","Transaction_Type":1,"Stock_price":13.5441303253,"Transaction_amount":18000.0,"Return_money":null,"Rate_of_Return":null},{"Date":1323820800000,"Trading_Strategy":"CCI^STOCH","Transaction_Type":-1,"Stock_price":13.4059238434,"Transaction_amount":18000.0,"Return_money":-183,"Rate_of_Return":-0.0101666667},{"Date":1324425600000,"Trading_Strategy":"CCI^STOCH","Transaction_Type":1,"Stock_price":13.5441303253,"Transaction_amount":18000.0,"Return_money":null,"Rate_of_Return":null},{"Date":1324512000000,"Trading_Strategy":"CCI^STOCH","Transaction_Type":-1,"Stock_price":13.2216510773,"Transaction_amount":18000.0,"Return_money":-428,"Rate_of_Return":-0.0237777778},{"Date":1324598400000,"Trading_Strategy":"CCI^STOCH","Transaction_Type":1,"Stock_price":13.6362667084,"Transaction_amount":18000.0,"Return_money":null,"Rate_of_Return":null},{"Date":1324857600000,"Trading_Strategy":"CCI^STOCH","Transaction_Type":-1,"Stock_price":13.4980611801,"Transaction_amount":18000.0,"Return_money":-182,"Rate_of_Return":-0.0101111111},{"Date":1327881600000,"Trading_Strategy":"CCI^STOCH","Transaction_Type":1,"Stock_price":14.9722518921,"Transaction_amount":18000.0,"Return_money":null,"Rate_of_Return":null},{"Date":1327968000000,"Trading_Strategy":"CCI^STOCH","Transaction_Type":-1,"Stock_price":15.2486629486,"Transaction_amount":18000.0,"Return_money":332,"Rate_of_Return":0.0184444444},{"Date":1331164800000,"Trading_Strategy":"CCI^STOCH","Transaction_Type":1,"Stock_price":19.2105522156,"Transaction_amount":18000.0,"Return_money":null,"Rate_of_Return":null},{"Date":1331251200000,"Trading_Strategy":"CCI^STOCH","Transaction_Type":-1,"Stock_price":18.8880710602,"Transaction_amount":18000.0,"Return_money":-302,"Rate_of_Return":-0.0167777778},{"Date":1332374400000,"Trading_Strategy":"CCI^STOCH","Transaction_Type":1,"Stock_price":18.7498664856,"Transaction_amount":18000.0,"Return_money":null,"Rate_of_Return":null},{"Date":1332720000000,"Trading_Strategy":"CCI^STOCH","Transaction_Type":-1,"Stock_price":18.381319046,"Transaction_amount":18000.0,"Return_money":-353,"Rate_of_Return":-0.0196111111},{"Date":1335916800000,"Trading_Strategy":"CCI^STOCH","Transaction_Type":1,"Stock_price":16.3543071747,"Transaction_amount":18000.0,"Return_money":null,"Rate_of_Return":null},{"Date":1336003200000,"Trading_Strategy":"CCI^STOCH","Transaction_Type":-1,"Stock_price":16.1700325012,"Transaction_amount":18000.0,"Return_money":-202,"Rate_of_Return":-0.0112222222},{"Date":1339545600000,"Trading_Strategy":"CCI^STOCH","Transaction_Type":1,"Stock_price":13.6362667084,"Transaction_amount":18000.0,"Return_money":null,"Rate_of_Return":null},{"Date":1339632000000,"Trading_Strategy":"CCI^STOCH","Transaction_Type":-1,"Stock_price":13.8205413818,"Transaction_amount":18000.0,"Return_money":243,"Rate_of_Return":0.0135},{"Date":1343692800000,"Trading_Strategy":"CCI^STOCH","Transaction_Type":1,"Stock_price":15.2025947571,"Transaction_amount":18000.0,"Return_money":null,"Rate_of_Return":null},{"Date":1343779200000,"Trading_Strategy":"CCI^STOCH","Transaction_Type":-1,"Stock_price":15.6632785797,"Transaction_amount":18000.0,"Return_money":545,"Rate_of_Return":0.0302777778},{"Date":1347235200000,"Trading_Strategy":"CCI^STOCH","Transaction_Type":1,"Stock_price":15.2025947571,"Transaction_amount":18000.0,"Return_money":null,"Rate_of_Return":null},{"Date":1347321600000,"Trading_Strategy":"CCI^STOCH","Transaction_Type":-1,"Stock_price":14.8340473175,"Transaction_amount":18000.0,"Return_money":-436,"Rate_of_Return":-0.0242222222},{"Date":1347840000000,"Trading_Strategy":"CCI^STOCH","Transaction_Type":1,"Stock_price":15.4790058136,"Transaction_amount":18000.0,"Return_money":null,"Rate_of_Return":null},{"Date":1348012800000,"Trading_Strategy":"CCI^STOCH","Transaction_Type":-1,"Stock_price":15.7093477249,"Transaction_amount":18000.0,"Return_money":267,"Rate_of_Return":0.0148333333},{"Date":1350345600000,"Trading_Strategy":"CCI^STOCH","Transaction_Type":1,"Stock_price":14.4654989243,"Transaction_amount":18000.0,"Return_money":null,"Rate_of_Return":null},{"Date":1350604800000,"Trading_Strategy":"CCI^STOCH","Transaction_Type":-1,"Stock_price":14.649772644,"Transaction_amount":18000.0,"Return_money":229,"Rate_of_Return":0.0127222222},{"Date":1351728000000,"Trading_Strategy":"CCI^STOCH","Transaction_Type":1,"Stock_price":14.649772644,"Transaction_amount":18000.0,"Return_money":null,"Rate_of_Return":null},{"Date":1351814400000,"Trading_Strategy":"CCI^STOCH","Transaction_Type":-1,"Stock_price":14.8340473175,"Transaction_amount":18000.0,"Return_money":226,"Rate_of_Return":0.0125555556},{"Date":1353628800000,"Trading_Strategy":"CCI^STOCH","Transaction_Type":1,"Stock_price":14.7419099808,"Transaction_amount":18000.0,"Return_money":null,"Rate_of_Return":null},{"Date":1353888000000,"Trading_Strategy":"CCI^STOCH","Transaction_Type":-1,"Stock_price":15.5250740051,"Transaction_amount":18000.0,"Return_money":956,"Rate_of_Return":0.0531111111},{"Date":1355875200000,"Trading_Strategy":"CCI^STOCH","Transaction_Type":1,"Stock_price":16.3082370758,"Transaction_amount":18000.0,"Return_money":null,"Rate_of_Return":null},{"Date":1355961600000,"Trading_Strategy":"CCI^STOCH","Transaction_Type":-1,"Stock_price":15.9396896362,"Transaction_amount":18000.0,"Return_money":-406,"Rate_of_Return":-0.0225555556},{"Date":1356480000000,"Trading_Strategy":"CCI^STOCH","Transaction_Type":1,"Stock_price":16.2621707916,"Transaction_amount":18000.0,"Return_money":null,"Rate_of_Return":null},{"Date":1356566400000,"Trading_Strategy":"CCI^STOCH","Transaction_Type":-1,"Stock_price":16.0778961182,"Transaction_amount":18000.0,"Return_money":-203,"Rate_of_Return":-0.0112777778},{"Date":1284681600000,"Trading_Strategy":"MA5&MA10^STOCH","Transaction_Type":1,"Stock_price":18.9720058441,"Transaction_amount":18000.0,"Return_money":null,"Rate_of_Return":null},{"Date":1284940800000,"Trading_Strategy":"MA5&MA10^STOCH","Transaction_Type":-1,"Stock_price":18.8463630676,"Transaction_amount":18000.0,"Return_money":-119,"Rate_of_Return":-0.0066111111},{"Date":1286150400000,"Trading_Strategy":"MA5&MA10^STOCH","Transaction_Type":1,"Stock_price":18.5531978607,"Transaction_amount":18000.0,"Return_money":null,"Rate_of_Return":null},{"Date":1286236800000,"Trading_Strategy":"MA5&MA10^STOCH","Transaction_Type":-1,"Stock_price":19.265171051,"Transaction_amount":18000.0,"Return_money":690,"Rate_of_Return":0.0383333333},{"Date":1287619200000,"Trading_Strategy":"MA5&MA10^STOCH","Transaction_Type":1,"Stock_price":19.516456604,"Transaction_amount":18000.0,"Return_money":null,"Rate_of_Return":null},{"Date":1287964800000,"Trading_Strategy":"MA5&MA10^STOCH","Transaction_Type":-1,"Stock_price":20.7728805542,"Transaction_amount":18000.0,"Return_money":1158,"Rate_of_Return":0.0643333333},{"Date":1290384000000,"Trading_Strategy":"MA5&MA10^STOCH","Transaction_Type":1,"Stock_price":21.9036617279,"Transaction_amount":18000.0,"Return_money":null,"Rate_of_Return":null},{"Date":1290470400000,"Trading_Strategy":"MA5&MA10^STOCH","Transaction_Type":-1,"Stock_price":22.2805900574,"Transaction_amount":18000.0,"Return_money":309,"Rate_of_Return":0.0171666667},{"Date":1291766400000,"Trading_Strategy":"MA5&MA10^STOCH","Transaction_Type":1,"Stock_price":21.3592128754,"Transaction_amount":18000.0,"Return_money":null,"Rate_of_Return":null},{"Date":1291852800000,"Trading_Strategy":"MA5&MA10^STOCH","Transaction_Type":-1,"Stock_price":21.6523761749,"Transaction_amount":18000.0,"Return_money":247,"Rate_of_Return":0.0137222222},{"Date":1294876800000,"Trading_Strategy":"MA5&MA10^STOCH","Transaction_Type":1,"Stock_price":26.1336231232,"Transaction_amount":18000.0,"Return_money":null,"Rate_of_Return":null},{"Date":1294963200000,"Trading_Strategy":"MA5&MA10^STOCH","Transaction_Type":-1,"Stock_price":25.0447235107,"Transaction_amount":18000.0,"Return_money":-749,"Rate_of_Return":-0.0416111111},{"Date":1296086400000,"Trading_Strategy":"MA5&MA10^STOCH","Transaction_Type":1,"Stock_price":25.5472927094,"Transaction_amount":18000.0,"Return_money":null,"Rate_of_Return":null},{"Date":1297123200000,"Trading_Strategy":"MA5&MA10^STOCH","Transaction_Type":-1,"Stock_price":25.0447235107,"Transaction_amount":18000.0,"Return_money":-354,"Rate_of_Return":-0.0196666667},{"Date":1299196800000,"Trading_Strategy":"MA5&MA10^STOCH","Transaction_Type":1,"Stock_price":22.4481124878,"Transaction_amount":18000.0,"Return_money":null,"Rate_of_Return":null},{"Date":1299456000000,"Trading_Strategy":"MA5&MA10^STOCH","Transaction_Type":-1,"Stock_price":21.3592128754,"Transaction_amount":18000.0,"Return_money":-873,"Rate_of_Return":-0.0485},{"Date":1300838400000,"Trading_Strategy":"MA5&MA10^STOCH","Transaction_Type":1,"Stock_price":20.5634765625,"Transaction_amount":18000.0,"Return_money":null,"Rate_of_Return":null},{"Date":1300924800000,"Trading_Strategy":"MA5&MA10^STOCH","Transaction_Type":-1,"Stock_price":20.8566417694,"Transaction_amount":18000.0,"Return_money":256,"Rate_of_Return":0.0142222222},{"Date":1302134400000,"Trading_Strategy":"MA5&MA10^STOCH","Transaction_Type":1,"Stock_price":21.6523761749,"Transaction_amount":18000.0,"Return_money":null,"Rate_of_Return":null},{"Date":1302480000000,"Trading_Strategy":"MA5&MA10^STOCH","Transaction_Type":-1,"Stock_price":21.0241641998,"Transaction_amount":18000.0,"Return_money":-522,"Rate_of_Return":-0.029},{"Date":1303430400000,"Trading_Strategy":"MA5&MA10^STOCH","Transaction_Type":1,"Stock_price":22.0711860657,"Transaction_amount":18000.0,"Return_money":null,"Rate_of_Return":null},{"Date":1303689600000,"Trading_Strategy":"MA5&MA10^STOCH","Transaction_Type":-1,"Stock_price":23.5788955688,"Transaction_amount":18000.0,"Return_money":1229,"Rate_of_Return":0.0682777778},{"Date":1304899200000,"Trading_Strategy":"MA5&MA10^STOCH","Transaction_Type":1,"Stock_price":23.6626567841,"Transaction_amount":18000.0,"Return_money":null,"Rate_of_Return":null},{"Date":1304985600000,"Trading_Strategy":"MA5&MA10^STOCH","Transaction_Type":-1,"Stock_price":23.3694915771,"Transaction_amount":18000.0,"Return_money":-223,"Rate_of_Return":-0.0123888889},{"Date":1306886400000,"Trading_Strategy":"MA5&MA10^STOCH","Transaction_Type":1,"Stock_price":22.0711860657,"Transaction_amount":18000.0,"Return_money":null,"Rate_of_Return":null},{"Date":1306972800000,"Trading_Strategy":"MA5&MA10^STOCH","Transaction_Type":-1,"Stock_price":21.4429721832,"Transaction_amount":18000.0,"Return_money":-512,"Rate_of_Return":-0.0284444444},{"Date":1309392000000,"Trading_Strategy":"MA5&MA10^STOCH","Transaction_Type":1,"Stock_price":19.3489322662,"Transaction_amount":18000.0,"Return_money":null,"Rate_of_Return":null},{"Date":1309824000000,"Trading_Strategy":"MA5&MA10^STOCH","Transaction_Type":-1,"Stock_price":18.8463630676,"Transaction_amount":18000.0,"Return_money":-467,"Rate_of_Return":-0.0259444444},{"Date":1313539200000,"Trading_Strategy":"MA5&MA10^STOCH","Transaction_Type":1,"Stock_price":15.5796604156,"Transaction_amount":18000.0,"Return_money":null,"Rate_of_Return":null},{"Date":1313625600000,"Trading_Strategy":"MA5&MA10^STOCH","Transaction_Type":-1,"Stock_price":15.2027330399,"Transaction_amount":18000.0,"Return_money":-435,"Rate_of_Return":-0.0241666667},{"Date":1317340800000,"Trading_Strategy":"MA5&MA10^STOCH","Transaction_Type":1,"Stock_price":14.3733615875,"Transaction_amount":18000.0,"Return_money":null,"Rate_of_Return":null},{"Date":1317600000000,"Trading_Strategy":"MA5&MA10^STOCH","Transaction_Type":-1,"Stock_price":13.8205413818,"Transaction_amount":18000.0,"Return_money":-692,"Rate_of_Return":-0.0384444444},{"Date":1318464000000,"Trading_Strategy":"MA5&MA10^STOCH","Transaction_Type":1,"Stock_price":15.3868694305,"Transaction_amount":18000.0,"Return_money":null,"Rate_of_Return":null},{"Date":1318809600000,"Trading_Strategy":"MA5&MA10^STOCH","Transaction_Type":-1,"Stock_price":15.7093477249,"Transaction_amount":18000.0,"Return_money":377,"Rate_of_Return":0.0209444444},{"Date":1320192000000,"Trading_Strategy":"MA5&MA10^STOCH","Transaction_Type":1,"Stock_price":15.2486629486,"Transaction_amount":18000.0,"Return_money":null,"Rate_of_Return":null},{"Date":1320278400000,"Trading_Strategy":"MA5&MA10^STOCH","Transaction_Type":-1,"Stock_price":15.0183210373,"Transaction_amount":18000.0,"Return_money":-271,"Rate_of_Return":-0.0150555556},{"Date":1322697600000,"Trading_Strategy":"MA5&MA10^STOCH","Transaction_Type":1,"Stock_price":13.9126777649,"Transaction_amount":18000.0,"Return_money":null,"Rate_of_Return":null},{"Date":1322784000000,"Trading_Strategy":"MA5&MA10^STOCH","Transaction_Type":-1,"Stock_price":13.6362667084,"Transaction_amount":18000.0,"Return_money":-357,"Rate_of_Return":-0.0198333333},{"Date":1324857600000,"Trading_Strategy":"MA5&MA10^STOCH","Transaction_Type":1,"Stock_price":13.4980611801,"Transaction_amount":18000.0,"Return_money":null,"Rate_of_Return":null},{"Date":1324944000000,"Trading_Strategy":"MA5&MA10^STOCH","Transaction_Type":-1,"Stock_price":13.8205413818,"Transaction_amount":18000.0,"Return_money":430,"Rate_of_Return":0.0238888889},{"Date":1328140800000,"Trading_Strategy":"MA5&MA10^STOCH","Transaction_Type":1,"Stock_price":16.5846481323,"Transaction_amount":18000.0,"Return_money":null,"Rate_of_Return":null},{"Date":1328227200000,"Trading_Strategy":"MA5&MA10^STOCH","Transaction_Type":-1,"Stock_price":17.0453338623,"Transaction_amount":18000.0,"Return_money":500,"Rate_of_Return":0.0277777778},{"Date":1329868800000,"Trading_Strategy":"MA5&MA10^STOCH","Transaction_Type":1,"Stock_price":18.058839798,"Transaction_amount":18000.0,"Return_money":null,"Rate_of_Return":null},{"Date":1330041600000,"Trading_Strategy":"MA5&MA10^STOCH","Transaction_Type":-1,"Stock_price":17.9667034149,"Transaction_amount":18000.0,"Return_money":-91,"Rate_of_Return":-0.0050555556},{"Date":1331683200000,"Trading_Strategy":"MA5&MA10^STOCH","Transaction_Type":1,"Stock_price":19.2566204071,"Transaction_amount":18000.0,"Return_money":null,"Rate_of_Return":null},{"Date":1331769600000,"Trading_Strategy":"MA5&MA10^STOCH","Transaction_Type":-1,"Stock_price":18.9802093506,"Transaction_amount":18000.0,"Return_money":-258,"Rate_of_Return":-0.0143333333},{"Date":1335484800000,"Trading_Strategy":"MA5&MA10^STOCH","Transaction_Type":1,"Stock_price":15.8475532532,"Transaction_amount":18000.0,"Return_money":null,"Rate_of_Return":null},{"Date":1335916800000,"Trading_Strategy":"MA5&MA10^STOCH","Transaction_Type":-1,"Stock_price":16.3543071747,"Transaction_amount":18000.0,"Return_money":575,"Rate_of_Return":0.0319444444},{"Date":1339459200000,"Trading_Strategy":"MA5&MA10^STOCH","Transaction_Type":1,"Stock_price":13.5901975632,"Transaction_amount":18000.0,"Return_money":null,"Rate_of_Return":null},{"Date":1339632000000,"Trading_Strategy":"MA5&MA10^STOCH","Transaction_Type":-1,"Stock_price":13.8205413818,"Transaction_amount":18000.0,"Return_money":305,"Rate_of_Return":0.0169444444},{"Date":1341187200000,"Trading_Strategy":"MA5&MA10^STOCH","Transaction_Type":1,"Stock_price":14.8801145554,"Transaction_amount":18000.0,"Return_money":null,"Rate_of_Return":null},{"Date":1341446400000,"Trading_Strategy":"MA5&MA10^STOCH","Transaction_Type":-1,"Stock_price":15.2025947571,"Transaction_amount":18000.0,"Return_money":390,"Rate_of_Return":0.0216666667},{"Date":1342656000000,"Trading_Strategy":"MA5&MA10^STOCH","Transaction_Type":1,"Stock_price":15.110458374,"Transaction_amount":18000.0,"Return_money":null,"Rate_of_Return":null},{"Date":1343001600000,"Trading_Strategy":"MA5&MA10^STOCH","Transaction_Type":-1,"Stock_price":14.787979126,"Transaction_amount":18000.0,"Return_money":-384,"Rate_of_Return":-0.0213333333},{"Date":1343779200000,"Trading_Strategy":"MA5&MA10^STOCH","Transaction_Type":1,"Stock_price":15.6632785797,"Transaction_amount":18000.0,"Return_money":null,"Rate_of_Return":null},{"Date":1343952000000,"Trading_Strategy":"MA5&MA10^STOCH","Transaction_Type":-1,"Stock_price":15.4329366684,"Transaction_amount":18000.0,"Return_money":-264,"Rate_of_Return":-0.0146666667},{"Date":1347494400000,"Trading_Strategy":"MA5&MA10^STOCH","Transaction_Type":1,"Stock_price":14.6037054062,"Transaction_amount":18000.0,"Return_money":null,"Rate_of_Return":null},{"Date":1347840000000,"Trading_Strategy":"MA5&MA10^STOCH","Transaction_Type":-1,"Stock_price":15.4790058136,"Transaction_amount":18000.0,"Return_money":1078,"Rate_of_Return":0.0598888889},{"Date":1350432000000,"Trading_Strategy":"MA5&MA10^STOCH","Transaction_Type":1,"Stock_price":14.4194307327,"Transaction_amount":18000.0,"Return_money":null,"Rate_of_Return":null},{"Date":1350518400000,"Trading_Strategy":"MA5&MA10^STOCH","Transaction_Type":-1,"Stock_price":14.6037054062,"Transaction_amount":18000.0,"Return_money":230,"Rate_of_Return":0.0127777778},{"Date":1351814400000,"Trading_Strategy":"MA5&MA10^STOCH","Transaction_Type":1,"Stock_price":14.8340473175,"Transaction_amount":18000.0,"Return_money":null,"Rate_of_Return":null},{"Date":1352073600000,"Trading_Strategy":"MA5&MA10^STOCH","Transaction_Type":-1,"Stock_price":15.2025947571,"Transaction_amount":18000.0,"Return_money":447,"Rate_of_Return":0.0248333333},{"Date":1353628800000,"Trading_Strategy":"MA5&MA10^STOCH","Transaction_Type":1,"Stock_price":14.7419099808,"Transaction_amount":18000.0,"Return_money":null,"Rate_of_Return":null},{"Date":1353888000000,"Trading_Strategy":"MA5&MA10^STOCH","Transaction_Type":-1,"Stock_price":15.5250740051,"Transaction_amount":18000.0,"Return_money":956,"Rate_of_Return":0.0531111111},{"Date":1284681600000,"Trading_Strategy":"MA5&MA10^MA5&MA15","Transaction_Type":1,"Stock_price":18.9720058441,"Transaction_amount":18000.0,"Return_money":null,"Rate_of_Return":null},{"Date":1285027200000,"Trading_Strategy":"MA5&MA10^MA5&MA15","Transaction_Type":-1,"Stock_price":18.5531978607,"Transaction_amount":18000.0,"Return_money":-397,"Rate_of_Return":-0.0220555556},{"Date":1286150400000,"Trading_Strategy":"MA5&MA10^MA5&MA15","Transaction_Type":1,"Stock_price":18.5531978607,"Transaction_amount":18000.0,"Return_money":null,"Rate_of_Return":null},{"Date":1286236800000,"Trading_Strategy":"MA5&MA10^MA5&MA15","Transaction_Type":-1,"Stock_price":19.265171051,"Transaction_amount":18000.0,"Return_money":690,"Rate_of_Return":0.0383333333},{"Date":1287619200000,"Trading_Strategy":"MA5&MA10^MA5&MA15","Transaction_Type":1,"Stock_price":19.516456604,"Transaction_amount":18000.0,"Return_money":null,"Rate_of_Return":null},{"Date":1287964800000,"Trading_Strategy":"MA5&MA10^MA5&MA15","Transaction_Type":-1,"Stock_price":20.7728805542,"Transaction_amount":18000.0,"Return_money":1158,"Rate_of_Return":0.0643333333},{"Date":1290384000000,"Trading_Strategy":"MA5&MA10^MA5&MA15","Transaction_Type":1,"Stock_price":21.9036617279,"Transaction_amount":18000.0,"Return_money":null,"Rate_of_Return":null},{"Date":1290470400000,"Trading_Strategy":"MA5&MA10^MA5&MA15","Transaction_Type":-1,"Stock_price":22.2805900574,"Transaction_amount":18000.0,"Return_money":309,"Rate_of_Return":0.0171666667},{"Date":1291766400000,"Trading_Strategy":"MA5&MA10^MA5&MA15","Transaction_Type":1,"Stock_price":21.3592128754,"Transaction_amount":18000.0,"Return_money":null,"Rate_of_Return":null},{"Date":1291852800000,"Trading_Strategy":"MA5&MA10^MA5&MA15","Transaction_Type":-1,"Stock_price":21.6523761749,"Transaction_amount":18000.0,"Return_money":247,"Rate_of_Return":0.0137222222},{"Date":1294876800000,"Trading_Strategy":"MA5&MA10^MA5&MA15","Transaction_Type":1,"Stock_price":26.1336231232,"Transaction_amount":18000.0,"Return_money":null,"Rate_of_Return":null},{"Date":1294963200000,"Trading_Strategy":"MA5&MA10^MA5&MA15","Transaction_Type":-1,"Stock_price":25.0447235107,"Transaction_amount":18000.0,"Return_money":-749,"Rate_of_Return":-0.0416111111},{"Date":1296086400000,"Trading_Strategy":"MA5&MA10^MA5&MA15","Transaction_Type":1,"Stock_price":25.5472927094,"Transaction_amount":18000.0,"Return_money":null,"Rate_of_Return":null},{"Date":1297123200000,"Trading_Strategy":"MA5&MA10^MA5&MA15","Transaction_Type":-1,"Stock_price":25.0447235107,"Transaction_amount":18000.0,"Return_money":-354,"Rate_of_Return":-0.0196666667},{"Date":1299196800000,"Trading_Strategy":"MA5&MA10^MA5&MA15","Transaction_Type":1,"Stock_price":22.4481124878,"Transaction_amount":18000.0,"Return_money":null,"Rate_of_Return":null},{"Date":1299456000000,"Trading_Strategy":"MA5&MA10^MA5&MA15","Transaction_Type":-1,"Stock_price":21.3592128754,"Transaction_amount":18000.0,"Return_money":-873,"Rate_of_Return":-0.0485},{"Date":1300838400000,"Trading_Strategy":"MA5&MA10^MA5&MA15","Transaction_Type":1,"Stock_price":20.5634765625,"Transaction_amount":18000.0,"Return_money":null,"Rate_of_Return":null},{"Date":1300924800000,"Trading_Strategy":"MA5&MA10^MA5&MA15","Transaction_Type":-1,"Stock_price":20.8566417694,"Transaction_amount":18000.0,"Return_money":256,"Rate_of_Return":0.0142222222},{"Date":1302134400000,"Trading_Strategy":"MA5&MA10^MA5&MA15","Transaction_Type":1,"Stock_price":21.6523761749,"Transaction_amount":18000.0,"Return_money":null,"Rate_of_Return":null},{"Date":1302480000000,"Trading_Strategy":"MA5&MA10^MA5&MA15","Transaction_Type":-1,"Stock_price":21.0241641998,"Transaction_amount":18000.0,"Return_money":-522,"Rate_of_Return":-0.029},{"Date":1303430400000,"Trading_Strategy":"MA5&MA10^MA5&MA15","Transaction_Type":1,"Stock_price":22.0711860657,"Transaction_amount":18000.0,"Return_money":null,"Rate_of_Return":null},{"Date":1303689600000,"Trading_Strategy":"MA5&MA10^MA5&MA15","Transaction_Type":-1,"Stock_price":23.5788955688,"Transaction_amount":18000.0,"Return_money":1229,"Rate_of_Return":0.0682777778},{"Date":1304899200000,"Trading_Strategy":"MA5&MA10^MA5&MA15","Transaction_Type":1,"Stock_price":23.6626567841,"Transaction_amount":18000.0,"Return_money":null,"Rate_of_Return":null},{"Date":1304985600000,"Trading_Strategy":"MA5&MA10^MA5&MA15","Transaction_Type":-1,"Stock_price":23.3694915771,"Transaction_amount":18000.0,"Return_money":-223,"Rate_of_Return":-0.0123888889},{"Date":1306886400000,"Trading_Strategy":"MA5&MA10^MA5&MA15","Transaction_Type":1,"Stock_price":22.0711860657,"Transaction_amount":18000.0,"Return_money":null,"Rate_of_Return":null},{"Date":1306972800000,"Trading_Strategy":"MA5&MA10^MA5&MA15","Transaction_Type":-1,"Stock_price":21.4429721832,"Transaction_amount":18000.0,"Return_money":-512,"Rate_of_Return":-0.0284444444},{"Date":1309392000000,"Trading_Strategy":"MA5&MA10^MA5&MA15","Transaction_Type":1,"Stock_price":19.3489322662,"Transaction_amount":18000.0,"Return_money":null,"Rate_of_Return":null},{"Date":1309824000000,"Trading_Strategy":"MA5&MA10^MA5&MA15","Transaction_Type":-1,"Stock_price":18.8463630676,"Transaction_amount":18000.0,"Return_money":-467,"Rate_of_Return":-0.0259444444},{"Date":1313539200000,"Trading_Strategy":"MA5&MA10^MA5&MA15","Transaction_Type":1,"Stock_price":15.5796604156,"Transaction_amount":18000.0,"Return_money":null,"Rate_of_Return":null},{"Date":1313625600000,"Trading_Strategy":"MA5&MA10^MA5&MA15","Transaction_Type":-1,"Stock_price":15.2027330399,"Transaction_amount":18000.0,"Return_money":-435,"Rate_of_Return":-0.0241666667},{"Date":1317340800000,"Trading_Strategy":"MA5&MA10^MA5&MA15","Transaction_Type":1,"Stock_price":14.3733615875,"Transaction_amount":18000.0,"Return_money":null,"Rate_of_Return":null},{"Date":1317600000000,"Trading_Strategy":"MA5&MA10^MA5&MA15","Transaction_Type":-1,"Stock_price":13.8205413818,"Transaction_amount":18000.0,"Return_money":-692,"Rate_of_Return":-0.0384444444},{"Date":1318464000000,"Trading_Strategy":"MA5&MA10^MA5&MA15","Transaction_Type":1,"Stock_price":15.3868694305,"Transaction_amount":18000.0,"Return_money":null,"Rate_of_Return":null},{"Date":1318809600000,"Trading_Strategy":"MA5&MA10^MA5&MA15","Transaction_Type":-1,"Stock_price":15.7093477249,"Transaction_amount":18000.0,"Return_money":377,"Rate_of_Return":0.0209444444},{"Date":1320192000000,"Trading_Strategy":"MA5&MA10^MA5&MA15","Transaction_Type":1,"Stock_price":15.2486629486,"Transaction_amount":18000.0,"Return_money":null,"Rate_of_Return":null},{"Date":1320278400000,"Trading_Strategy":"MA5&MA10^MA5&MA15","Transaction_Type":-1,"Stock_price":15.0183210373,"Transaction_amount":18000.0,"Return_money":-271,"Rate_of_Return":-0.0150555556},{"Date":1322697600000,"Trading_Strategy":"MA5&MA10^MA5&MA15","Transaction_Type":1,"Stock_price":13.9126777649,"Transaction_amount":18000.0,"Return_money":null,"Rate_of_Return":null},{"Date":1322784000000,"Trading_Strategy":"MA5&MA10^MA5&MA15","Transaction_Type":-1,"Stock_price":13.6362667084,"Transaction_amount":18000.0,"Return_money":-357,"Rate_of_Return":-0.0198333333},{"Date":1324857600000,"Trading_Strategy":"MA5&MA10^MA5&MA15","Transaction_Type":1,"Stock_price":13.4980611801,"Transaction_amount":18000.0,"Return_money":null,"Rate_of_Return":null},{"Date":1324944000000,"Trading_Strategy":"MA5&MA10^MA5&MA15","Transaction_Type":-1,"Stock_price":13.8205413818,"Transaction_amount":18000.0,"Return_money":430,"Rate_of_Return":0.0238888889},{"Date":1328140800000,"Trading_Strategy":"MA5&MA10^MA5&MA15","Transaction_Type":1,"Stock_price":16.5846481323,"Transaction_amount":18000.0,"Return_money":null,"Rate_of_Return":null},{"Date":1328227200000,"Trading_Strategy":"MA5&MA10^MA5&MA15","Transaction_Type":-1,"Stock_price":17.0453338623,"Transaction_amount":18000.0,"Return_money":500,"Rate_of_Return":0.0277777778},{"Date":1329868800000,"Trading_Strategy":"MA5&MA10^MA5&MA15","Transaction_Type":1,"Stock_price":18.058839798,"Transaction_amount":18000.0,"Return_money":null,"Rate_of_Return":null},{"Date":1330473600000,"Trading_Strategy":"MA5&MA10^MA5&MA15","Transaction_Type":-1,"Stock_price":18.9802093506,"Transaction_amount":18000.0,"Return_money":918,"Rate_of_Return":0.051},{"Date":1331683200000,"Trading_Strategy":"MA5&MA10^MA5&MA15","Transaction_Type":1,"Stock_price":19.2566204071,"Transaction_amount":18000.0,"Return_money":null,"Rate_of_Return":null},{"Date":1331769600000,"Trading_Strategy":"MA5&MA10^MA5&MA15","Transaction_Type":-1,"Stock_price":18.9802093506,"Transaction_amount":18000.0,"Return_money":-258,"Rate_of_Return":-0.0143333333},{"Date":1335484800000,"Trading_Strategy":"MA5&MA10^MA5&MA15","Transaction_Type":1,"Stock_price":15.8475532532,"Transaction_amount":18000.0,"Return_money":null,"Rate_of_Return":null},{"Date":1335916800000,"Trading_Strategy":"MA5&MA10^MA5&MA15","Transaction_Type":-1,"Stock_price":16.3543071747,"Transaction_amount":18000.0,"Return_money":575,"Rate_of_Return":0.0319444444},{"Date":1339459200000,"Trading_Strategy":"MA5&MA10^MA5&MA15","Transaction_Type":1,"Stock_price":13.5901975632,"Transaction_amount":18000.0,"Return_money":null,"Rate_of_Return":null},{"Date":1339632000000,"Trading_Strategy":"MA5&MA10^MA5&MA15","Transaction_Type":-1,"Stock_price":13.8205413818,"Transaction_amount":18000.0,"Return_money":305,"Rate_of_Return":0.0169444444},{"Date":1341187200000,"Trading_Strategy":"MA5&MA10^MA5&MA15","Transaction_Type":1,"Stock_price":14.8801145554,"Transaction_amount":18000.0,"Return_money":null,"Rate_of_Return":null},{"Date":1341446400000,"Trading_Strategy":"MA5&MA10^MA5&MA15","Transaction_Type":-1,"Stock_price":15.2025947571,"Transaction_amount":18000.0,"Return_money":390,"Rate_of_Return":0.0216666667},{"Date":1342656000000,"Trading_Strategy":"MA5&MA10^MA5&MA15","Transaction_Type":1,"Stock_price":15.110458374,"Transaction_amount":18000.0,"Return_money":null,"Rate_of_Return":null},{"Date":1343001600000,"Trading_Strategy":"MA5&MA10^MA5&MA15","Transaction_Type":-1,"Stock_price":14.787979126,"Transaction_amount":18000.0,"Return_money":-384,"Rate_of_Return":-0.0213333333},{"Date":1343779200000,"Trading_Strategy":"MA5&MA10^MA5&MA15","Transaction_Type":1,"Stock_price":15.6632785797,"Transaction_amount":18000.0,"Return_money":null,"Rate_of_Return":null},{"Date":1343952000000,"Trading_Strategy":"MA5&MA10^MA5&MA15","Transaction_Type":-1,"Stock_price":15.4329366684,"Transaction_amount":18000.0,"Return_money":-264,"Rate_of_Return":-0.0146666667},{"Date":1347494400000,"Trading_Strategy":"MA5&MA10^MA5&MA15","Transaction_Type":1,"Stock_price":14.6037054062,"Transaction_amount":18000.0,"Return_money":null,"Rate_of_Return":null},{"Date":1347840000000,"Trading_Strategy":"MA5&MA10^MA5&MA15","Transaction_Type":-1,"Stock_price":15.4790058136,"Transaction_amount":18000.0,"Return_money":1078,"Rate_of_Return":0.0598888889},{"Date":1350432000000,"Trading_Strategy":"MA5&MA10^MA5&MA15","Transaction_Type":1,"Stock_price":14.4194307327,"Transaction_amount":18000.0,"Return_money":null,"Rate_of_Return":null},{"Date":1350518400000,"Trading_Strategy":"MA5&MA10^MA5&MA15","Transaction_Type":-1,"Stock_price":14.6037054062,"Transaction_amount":18000.0,"Return_money":230,"Rate_of_Return":0.0127777778},{"Date":1351814400000,"Trading_Strategy":"MA5&MA10^MA5&MA15","Transaction_Type":1,"Stock_price":14.8340473175,"Transaction_amount":18000.0,"Return_money":null,"Rate_of_Return":null},{"Date":1352073600000,"Trading_Strategy":"MA5&MA10^MA5&MA15","Transaction_Type":-1,"Stock_price":15.2025947571,"Transaction_amount":18000.0,"Return_money":447,"Rate_of_Return":0.0248333333},{"Date":1353628800000,"Trading_Strategy":"MA5&MA10^MA5&MA15","Transaction_Type":1,"Stock_price":14.7419099808,"Transaction_amount":18000.0,"Return_money":null,"Rate_of_Return":null},{"Date":1353888000000,"Trading_Strategy":"MA5&MA10^MA5&MA15","Transaction_Type":-1,"Stock_price":15.5250740051,"Transaction_amount":18000.0,"Return_money":956,"Rate_of_Return":0.0531111111},{"Date":1287619200000,"Trading_Strategy":"MA5&MA15^STOCH","Transaction_Type":1,"Stock_price":19.516456604,"Transaction_amount":1000.0,"Return_money":null,"Rate_of_Return":null},{"Date":1287964800000,"Trading_Strategy":"MA5&MA15^STOCH","Transaction_Type":-1,"Stock_price":20.7728805542,"Transaction_amount":1000.0,"Return_money":64,"Rate_of_Return":0.064},{"Date":1290470400000,"Trading_Strategy":"MA5&MA15^STOCH","Transaction_Type":1,"Stock_price":22.2805900574,"Transaction_amount":1000.0,"Return_money":null,"Rate_of_Return":null},{"Date":1290643200000,"Trading_Strategy":"MA5&MA15^STOCH","Transaction_Type":-1,"Stock_price":22.0293045044,"Transaction_amount":1000.0,"Return_money":-11,"Rate_of_Return":-0.011},{"Date":1292198400000,"Trading_Strategy":"MA5&MA15^STOCH","Transaction_Type":1,"Stock_price":22.1130657196,"Transaction_amount":1000.0,"Return_money":null,"Rate_of_Return":null},{"Date":1292457600000,"Trading_Strategy":"MA5&MA15^STOCH","Transaction_Type":-1,"Stock_price":22.6156368256,"Transaction_amount":1000.0,"Return_money":22,"Rate_of_Return":0.022},{"Date":1296172800000,"Trading_Strategy":"MA5&MA15^STOCH","Transaction_Type":1,"Stock_price":25.5472927094,"Transaction_amount":1000.0,"Return_money":null,"Rate_of_Return":null},{"Date":1297123200000,"Trading_Strategy":"MA5&MA15^STOCH","Transaction_Type":-1,"Stock_price":25.0447235107,"Transaction_amount":1000.0,"Return_money":-19,"Rate_of_Return":-0.019},{"Date":1301011200000,"Trading_Strategy":"MA5&MA15^STOCH","Transaction_Type":1,"Stock_price":20.689119339,"Transaction_amount":1000.0,"Return_money":null,"Rate_of_Return":null},{"Date":1301270400000,"Trading_Strategy":"MA5&MA15^STOCH","Transaction_Type":-1,"Stock_price":20.4797153473,"Transaction_amount":1000.0,"Return_money":-10,"Rate_of_Return":-0.01},{"Date":1306972800000,"Trading_Strategy":"MA5&MA15^STOCH","Transaction_Type":1,"Stock_price":21.4429721832,"Transaction_amount":1000.0,"Return_money":null,"Rate_of_Return":null},{"Date":1307059200000,"Trading_Strategy":"MA5&MA15^STOCH","Transaction_Type":-1,"Stock_price":21.1916885376,"Transaction_amount":1000.0,"Return_money":-11,"Rate_of_Return":-0.011},{"Date":1309737600000,"Trading_Strategy":"MA5&MA15^STOCH","Transaction_Type":1,"Stock_price":19.1814098358,"Transaction_amount":1000.0,"Return_money":null,"Rate_of_Return":null},{"Date":1309824000000,"Trading_Strategy":"MA5&MA15^STOCH","Transaction_Type":-1,"Stock_price":18.8463630676,"Transaction_amount":1000.0,"Return_money":-17,"Rate_of_Return":-0.017},{"Date":1314057600000,"Trading_Strategy":"MA5&MA15^STOCH","Transaction_Type":1,"Stock_price":15.7471828461,"Transaction_amount":1000.0,"Return_money":null,"Rate_of_Return":null},{"Date":1314144000000,"Trading_Strategy":"MA5&MA15^STOCH","Transaction_Type":-1,"Stock_price":15.4121370316,"Transaction_amount":1000.0,"Return_money":-21,"Rate_of_Return":-0.021},{"Date":1317340800000,"Trading_Strategy":"MA5&MA15^STOCH","Transaction_Type":1,"Stock_price":14.3733615875,"Transaction_amount":1000.0,"Return_money":null,"Rate_of_Return":null},{"Date":1317600000000,"Trading_Strategy":"MA5&MA15^STOCH","Transaction_Type":-1,"Stock_price":13.8205413818,"Transaction_amount":1000.0,"Return_money":-38,"Rate_of_Return":-0.038},{"Date":1318377600000,"Trading_Strategy":"MA5&MA15^STOCH","Transaction_Type":1,"Stock_price":14.4194307327,"Transaction_amount":1000.0,"Return_money":null,"Rate_of_Return":null},{"Date":1318464000000,"Trading_Strategy":"MA5&MA15^STOCH","Transaction_Type":-1,"Stock_price":15.3868694305,"Transaction_amount":1000.0,"Return_money":67,"Rate_of_Return":0.067},{"Date":1324857600000,"Trading_Strategy":"MA5&MA15^STOCH","Transaction_Type":1,"Stock_price":13.4980611801,"Transaction_amount":1000.0,"Return_money":null,"Rate_of_Return":null},{"Date":1324944000000,"Trading_Strategy":"MA5&MA15^STOCH","Transaction_Type":-1,"Stock_price":13.8205413818,"Transaction_amount":1000.0,"Return_money":23,"Rate_of_Return":0.023},{"Date":1328054400000,"Trading_Strategy":"MA5&MA15^STOCH","Transaction_Type":1,"Stock_price":16.0318279266,"Transaction_amount":1000.0,"Return_money":null,"Rate_of_Return":null},{"Date":1328140800000,"Trading_Strategy":"MA5&MA15^STOCH","Transaction_Type":-1,"Stock_price":16.5846481323,"Transaction_amount":1000.0,"Return_money":34,"Rate_of_Return":0.034},{"Date":1336089600000,"Trading_Strategy":"MA5&MA15^STOCH","Transaction_Type":1,"Stock_price":17.0914020538,"Transaction_amount":1000.0,"Return_money":null,"Rate_of_Return":null},{"Date":1336348800000,"Trading_Strategy":"MA5&MA15^STOCH","Transaction_Type":-1,"Stock_price":16.6767864227,"Transaction_amount":1000.0,"Return_money":-24,"Rate_of_Return":-0.024},{"Date":1339632000000,"Trading_Strategy":"MA5&MA15^STOCH","Transaction_Type":1,"Stock_price":13.8205413818,"Transaction_amount":1000.0,"Return_money":null,"Rate_of_Return":null},{"Date":1339977600000,"Trading_Strategy":"MA5&MA15^STOCH","Transaction_Type":-1,"Stock_price":14.3733615875,"Transaction_amount":1000.0,"Return_money":39,"Rate_of_Return":0.039},{"Date":1343779200000,"Trading_Strategy":"MA5&MA15^STOCH","Transaction_Type":1,"Stock_price":15.6632785797,"Transaction_amount":1000.0,"Return_money":null,"Rate_of_Return":null},{"Date":1343952000000,"Trading_Strategy":"MA5&MA15^STOCH","Transaction_Type":-1,"Stock_price":15.4329366684,"Transaction_amount":1000.0,"Return_money":-14,"Rate_of_Return":-0.014},{"Date":1347926400000,"Trading_Strategy":"MA5&MA15^STOCH","Transaction_Type":1,"Stock_price":15.3408002853,"Transaction_amount":1000.0,"Return_money":null,"Rate_of_Return":null},{"Date":1348012800000,"Trading_Strategy":"MA5&MA15^STOCH","Transaction_Type":-1,"Stock_price":15.7093477249,"Transaction_amount":1000.0,"Return_money":24,"Rate_of_Return":0.024},{"Date":1350518400000,"Trading_Strategy":"MA5&MA15^STOCH","Transaction_Type":1,"Stock_price":14.6037054062,"Transaction_amount":1000.0,"Return_money":null,"Rate_of_Return":null},{"Date":1350604800000,"Trading_Strategy":"MA5&MA15^STOCH","Transaction_Type":-1,"Stock_price":14.649772644,"Transaction_amount":1000.0,"Return_money":3,"Rate_of_Return":0.003},{"Date":1352073600000,"Trading_Strategy":"MA5&MA15^STOCH","Transaction_Type":1,"Stock_price":15.2025947571,"Transaction_amount":1000.0,"Return_money":null,"Rate_of_Return":null},{"Date":1352160000000,"Trading_Strategy":"MA5&MA15^STOCH","Transaction_Type":-1,"Stock_price":15.0183210373,"Transaction_amount":1000.0,"Return_money":-12,"Rate_of_Return":-0.012},{"Date":1353974400000,"Trading_Strategy":"MA5&MA15^STOCH","Transaction_Type":1,"Stock_price":15.2947320938,"Transaction_amount":1000.0,"Return_money":null,"Rate_of_Return":null},{"Date":1354147200000,"Trading_Strategy":"MA5&MA15^STOCH","Transaction_Type":-1,"Stock_price":15.4329366684,"Transaction_amount":1000.0,"Return_money":9,"Rate_of_Return":0.009},{"Date":1287619200000,"Trading_Strategy":"MA5&MA15^MA5&MA15","Transaction_Type":1,"Stock_price":19.516456604,"Transaction_amount":1000.0,"Return_money":null,"Rate_of_Return":null},{"Date":1287964800000,"Trading_Strategy":"MA5&MA15^MA5&MA15","Transaction_Type":-1,"Stock_price":20.7728805542,"Transaction_amount":1000.0,"Return_money":64,"Rate_of_Return":0.064},{"Date":1290470400000,"Trading_Strategy":"MA5&MA15^MA5&MA15","Transaction_Type":1,"Stock_price":22.2805900574,"Transaction_amount":1000.0,"Return_money":null,"Rate_of_Return":null},{"Date":1290643200000,"Trading_Strategy":"MA5&MA15^MA5&MA15","Transaction_Type":-1,"Stock_price":22.0293045044,"Transaction_amount":1000.0,"Return_money":-11,"Rate_of_Return":-0.011},{"Date":1292198400000,"Trading_Strategy":"MA5&MA15^MA5&MA15","Transaction_Type":1,"Stock_price":22.1130657196,"Transaction_amount":1000.0,"Return_money":null,"Rate_of_Return":null},{"Date":1292457600000,"Trading_Strategy":"MA5&MA15^MA5&MA15","Transaction_Type":-1,"Stock_price":22.6156368256,"Transaction_amount":1000.0,"Return_money":22,"Rate_of_Return":0.022},{"Date":1296172800000,"Trading_Strategy":"MA5&MA15^MA5&MA15","Transaction_Type":1,"Stock_price":25.5472927094,"Transaction_amount":1000.0,"Return_money":null,"Rate_of_Return":null},{"Date":1297123200000,"Trading_Strategy":"MA5&MA15^MA5&MA15","Transaction_Type":-1,"Stock_price":25.0447235107,"Transaction_amount":1000.0,"Return_money":-19,"Rate_of_Return":-0.019},{"Date":1301011200000,"Trading_Strategy":"MA5&MA15^MA5&MA15","Transaction_Type":1,"Stock_price":20.689119339,"Transaction_amount":1000.0,"Return_money":null,"Rate_of_Return":null},{"Date":1301270400000,"Trading_Strategy":"MA5&MA15^MA5&MA15","Transaction_Type":-1,"Stock_price":20.4797153473,"Transaction_amount":1000.0,"Return_money":-10,"Rate_of_Return":-0.01},{"Date":1306972800000,"Trading_Strategy":"MA5&MA15^MA5&MA15","Transaction_Type":1,"Stock_price":21.4429721832,"Transaction_amount":1000.0,"Return_money":null,"Rate_of_Return":null},{"Date":1307059200000,"Trading_Strategy":"MA5&MA15^MA5&MA15","Transaction_Type":-1,"Stock_price":21.1916885376,"Transaction_amount":1000.0,"Return_money":-11,"Rate_of_Return":-0.011},{"Date":1309737600000,"Trading_Strategy":"MA5&MA15^MA5&MA15","Transaction_Type":1,"Stock_price":19.1814098358,"Transaction_amount":1000.0,"Return_money":null,"Rate_of_Return":null},{"Date":1309824000000,"Trading_Strategy":"MA5&MA15^MA5&MA15","Transaction_Type":-1,"Stock_price":18.8463630676,"Transaction_amount":1000.0,"Return_money":-17,"Rate_of_Return":-0.017},{"Date":1314057600000,"Trading_Strategy":"MA5&MA15^MA5&MA15","Transaction_Type":1,"Stock_price":15.7471828461,"Transaction_amount":1000.0,"Return_money":null,"Rate_of_Return":null},{"Date":1314144000000,"Trading_Strategy":"MA5&MA15^MA5&MA15","Transaction_Type":-1,"Stock_price":15.4121370316,"Transaction_amount":1000.0,"Return_money":-21,"Rate_of_Return":-0.021},{"Date":1317340800000,"Trading_Strategy":"MA5&MA15^MA5&MA15","Transaction_Type":1,"Stock_price":14.3733615875,"Transaction_amount":1000.0,"Return_money":null,"Rate_of_Return":null},{"Date":1317600000000,"Trading_Strategy":"MA5&MA15^MA5&MA15","Transaction_Type":-1,"Stock_price":13.8205413818,"Transaction_amount":1000.0,"Return_money":-38,"Rate_of_Return":-0.038},{"Date":1318377600000,"Trading_Strategy":"MA5&MA15^MA5&MA15","Transaction_Type":1,"Stock_price":14.4194307327,"Transaction_amount":1000.0,"Return_money":null,"Rate_of_Return":null},{"Date":1318464000000,"Trading_Strategy":"MA5&MA15^MA5&MA15","Transaction_Type":-1,"Stock_price":15.3868694305,"Transaction_amount":1000.0,"Return_money":67,"Rate_of_Return":0.067},{"Date":1324857600000,"Trading_Strategy":"MA5&MA15^MA5&MA15","Transaction_Type":1,"Stock_price":13.4980611801,"Transaction_amount":1000.0,"Return_money":null,"Rate_of_Return":null},{"Date":1324944000000,"Trading_Strategy":"MA5&MA15^MA5&MA15","Transaction_Type":-1,"Stock_price":13.8205413818,"Transaction_amount":1000.0,"Return_money":23,"Rate_of_Return":0.023},{"Date":1328054400000,"Trading_Strategy":"MA5&MA15^MA5&MA15","Transaction_Type":1,"Stock_price":16.0318279266,"Transaction_amount":1000.0,"Return_money":null,"Rate_of_Return":null},{"Date":1328140800000,"Trading_Strategy":"MA5&MA15^MA5&MA15","Transaction_Type":-1,"Stock_price":16.5846481323,"Transaction_amount":1000.0,"Return_money":34,"Rate_of_Return":0.034},{"Date":1336089600000,"Trading_Strategy":"MA5&MA15^MA5&MA15","Transaction_Type":1,"Stock_price":17.0914020538,"Transaction_amount":1000.0,"Return_money":null,"Rate_of_Return":null},{"Date":1336348800000,"Trading_Strategy":"MA5&MA15^MA5&MA15","Transaction_Type":-1,"Stock_price":16.6767864227,"Transaction_amount":1000.0,"Return_money":-24,"Rate_of_Return":-0.024},{"Date":1339632000000,"Trading_Strategy":"MA5&MA15^MA5&MA15","Transaction_Type":1,"Stock_price":13.8205413818,"Transaction_amount":1000.0,"Return_money":null,"Rate_of_Return":null},{"Date":1339977600000,"Trading_Strategy":"MA5&MA15^MA5&MA15","Transaction_Type":-1,"Stock_price":14.3733615875,"Transaction_amount":1000.0,"Return_money":39,"Rate_of_Return":0.039},{"Date":1343779200000,"Trading_Strategy":"MA5&MA15^MA5&MA15","Transaction_Type":1,"Stock_price":15.6632785797,"Transaction_amount":1000.0,"Return_money":null,"Rate_of_Return":null},{"Date":1343952000000,"Trading_Strategy":"MA5&MA15^MA5&MA15","Transaction_Type":-1,"Stock_price":15.4329366684,"Transaction_amount":1000.0,"Return_money":-14,"Rate_of_Return":-0.014},{"Date":1347926400000,"Trading_Strategy":"MA5&MA15^MA5&MA15","Transaction_Type":1,"Stock_price":15.3408002853,"Transaction_amount":1000.0,"Return_money":null,"Rate_of_Return":null},{"Date":1348012800000,"Trading_Strategy":"MA5&MA15^MA5&MA15","Transaction_Type":-1,"Stock_price":15.7093477249,"Transaction_amount":1000.0,"Return_money":24,"Rate_of_Return":0.024},{"Date":1350518400000,"Trading_Strategy":"MA5&MA15^MA5&MA15","Transaction_Type":1,"Stock_price":14.6037054062,"Transaction_amount":1000.0,"Return_money":null,"Rate_of_Return":null},{"Date":1351036800000,"Trading_Strategy":"MA5&MA15^MA5&MA15","Transaction_Type":-1,"Stock_price":14.3272943497,"Transaction_amount":1000.0,"Return_money":-18,"Rate_of_Return":-0.018},{"Date":1352073600000,"Trading_Strategy":"MA5&MA15^MA5&MA15","Transaction_Type":1,"Stock_price":15.2025947571,"Transaction_amount":1000.0,"Return_money":null,"Rate_of_Return":null},{"Date":1352160000000,"Trading_Strategy":"MA5&MA15^MA5&MA15","Transaction_Type":-1,"Stock_price":15.0183210373,"Transaction_amount":1000.0,"Return_money":-12,"Rate_of_Return":-0.012},{"Date":1353974400000,"Trading_Strategy":"MA5&MA15^MA5&MA15","Transaction_Type":1,"Stock_price":15.2947320938,"Transaction_amount":1000.0,"Return_money":null,"Rate_of_Return":null},{"Date":1354233600000,"Trading_Strategy":"MA5&MA15^MA5&MA15","Transaction_Type":-1,"Stock_price":15.7554159164,"Transaction_amount":1000.0,"Return_money":30,"Rate_of_Return":0.03},{"Date":1287619200000,"Trading_Strategy":"MA5&MA15^MA10&MA15","Transaction_Type":1,"Stock_price":19.516456604,"Transaction_amount":1000.0,"Return_money":null,"Rate_of_Return":null},{"Date":1287964800000,"Trading_Strategy":"MA5&MA15^MA10&MA15","Transaction_Type":-1,"Stock_price":20.7728805542,"Transaction_amount":1000.0,"Return_money":64,"Rate_of_Return":0.064},{"Date":1290470400000,"Trading_Strategy":"MA5&MA15^MA10&MA15","Transaction_Type":1,"Stock_price":22.2805900574,"Transaction_amount":1000.0,"Return_money":null,"Rate_of_Return":null},{"Date":1290643200000,"Trading_Strategy":"MA5&MA15^MA10&MA15","Transaction_Type":-1,"Stock_price":22.0293045044,"Transaction_amount":1000.0,"Return_money":-11,"Rate_of_Return":-0.011},{"Date":1292198400000,"Trading_Strategy":"MA5&MA15^MA10&MA15","Transaction_Type":1,"Stock_price":22.1130657196,"Transaction_amount":1000.0,"Return_money":null,"Rate_of_Return":null},{"Date":1292457600000,"Trading_Strategy":"MA5&MA15^MA10&MA15","Transaction_Type":-1,"Stock_price":22.6156368256,"Transaction_amount":1000.0,"Return_money":22,"Rate_of_Return":0.022},{"Date":1296172800000,"Trading_Strategy":"MA5&MA15^MA10&MA15","Transaction_Type":1,"Stock_price":25.5472927094,"Transaction_amount":1000.0,"Return_money":null,"Rate_of_Return":null},{"Date":1297123200000,"Trading_Strategy":"MA5&MA15^MA10&MA15","Transaction_Type":-1,"Stock_price":25.0447235107,"Transaction_amount":1000.0,"Return_money":-19,"Rate_of_Return":-0.019},{"Date":1301011200000,"Trading_Strategy":"MA5&MA15^MA10&MA15","Transaction_Type":1,"Stock_price":20.689119339,"Transaction_amount":1000.0,"Return_money":null,"Rate_of_Return":null},{"Date":1301270400000,"Trading_Strategy":"MA5&MA15^MA10&MA15","Transaction_Type":-1,"Stock_price":20.4797153473,"Transaction_amount":1000.0,"Return_money":-10,"Rate_of_Return":-0.01},{"Date":1306972800000,"Trading_Strategy":"MA5&MA15^MA10&MA15","Transaction_Type":1,"Stock_price":21.4429721832,"Transaction_amount":1000.0,"Return_money":null,"Rate_of_Return":null},{"Date":1307059200000,"Trading_Strategy":"MA5&MA15^MA10&MA15","Transaction_Type":-1,"Stock_price":21.1916885376,"Transaction_amount":1000.0,"Return_money":-11,"Rate_of_Return":-0.011},{"Date":1309737600000,"Trading_Strategy":"MA5&MA15^MA10&MA15","Transaction_Type":1,"Stock_price":19.1814098358,"Transaction_amount":1000.0,"Return_money":null,"Rate_of_Return":null},{"Date":1309824000000,"Trading_Strategy":"MA5&MA15^MA10&MA15","Transaction_Type":-1,"Stock_price":18.8463630676,"Transaction_amount":1000.0,"Return_money":-17,"Rate_of_Return":-0.017},{"Date":1314057600000,"Trading_Strategy":"MA5&MA15^MA10&MA15","Transaction_Type":1,"Stock_price":15.7471828461,"Transaction_amount":1000.0,"Return_money":null,"Rate_of_Return":null},{"Date":1314144000000,"Trading_Strategy":"MA5&MA15^MA10&MA15","Transaction_Type":-1,"Stock_price":15.4121370316,"Transaction_amount":1000.0,"Return_money":-21,"Rate_of_Return":-0.021},{"Date":1317340800000,"Trading_Strategy":"MA5&MA15^MA10&MA15","Transaction_Type":1,"Stock_price":14.3733615875,"Transaction_amount":1000.0,"Return_money":null,"Rate_of_Return":null},{"Date":1317600000000,"Trading_Strategy":"MA5&MA15^MA10&MA15","Transaction_Type":-1,"Stock_price":13.8205413818,"Transaction_amount":1000.0,"Return_money":-38,"Rate_of_Return":-0.038},{"Date":1318377600000,"Trading_Strategy":"MA5&MA15^MA10&MA15","Transaction_Type":1,"Stock_price":14.4194307327,"Transaction_amount":1000.0,"Return_money":null,"Rate_of_Return":null},{"Date":1318464000000,"Trading_Strategy":"MA5&MA15^MA10&MA15","Transaction_Type":-1,"Stock_price":15.3868694305,"Transaction_amount":1000.0,"Return_money":67,"Rate_of_Return":0.067},{"Date":1324857600000,"Trading_Strategy":"MA5&MA15^MA10&MA15","Transaction_Type":1,"Stock_price":13.4980611801,"Transaction_amount":1000.0,"Return_money":null,"Rate_of_Return":null},{"Date":1324944000000,"Trading_Strategy":"MA5&MA15^MA10&MA15","Transaction_Type":-1,"Stock_price":13.8205413818,"Transaction_amount":1000.0,"Return_money":23,"Rate_of_Return":0.023},{"Date":1328054400000,"Trading_Strategy":"MA5&MA15^MA10&MA15","Transaction_Type":1,"Stock_price":16.0318279266,"Transaction_amount":1000.0,"Return_money":null,"Rate_of_Return":null},{"Date":1328140800000,"Trading_Strategy":"MA5&MA15^MA10&MA15","Transaction_Type":-1,"Stock_price":16.5846481323,"Transaction_amount":1000.0,"Return_money":34,"Rate_of_Return":0.034},{"Date":1336089600000,"Trading_Strategy":"MA5&MA15^MA10&MA15","Transaction_Type":1,"Stock_price":17.0914020538,"Transaction_amount":1000.0,"Return_money":null,"Rate_of_Return":null},{"Date":1336348800000,"Trading_Strategy":"MA5&MA15^MA10&MA15","Transaction_Type":-1,"Stock_price":16.6767864227,"Transaction_amount":1000.0,"Return_money":-24,"Rate_of_Return":-0.024},{"Date":1339632000000,"Trading_Strategy":"MA5&MA15^MA10&MA15","Transaction_Type":1,"Stock_price":13.8205413818,"Transaction_amount":1000.0,"Return_money":null,"Rate_of_Return":null},{"Date":1339977600000,"Trading_Strategy":"MA5&MA15^MA10&MA15","Transaction_Type":-1,"Stock_price":14.3733615875,"Transaction_amount":1000.0,"Return_money":39,"Rate_of_Return":0.039},{"Date":1343779200000,"Trading_Strategy":"MA5&MA15^MA10&MA15","Transaction_Type":1,"Stock_price":15.6632785797,"Transaction_amount":1000.0,"Return_money":null,"Rate_of_Return":null},{"Date":1343952000000,"Trading_Strategy":"MA5&MA15^MA10&MA15","Transaction_Type":-1,"Stock_price":15.4329366684,"Transaction_amount":1000.0,"Return_money":-14,"Rate_of_Return":-0.014},{"Date":1347926400000,"Trading_Strategy":"MA5&MA15^MA10&MA15","Transaction_Type":1,"Stock_price":15.3408002853,"Transaction_amount":1000.0,"Return_money":null,"Rate_of_Return":null},{"Date":1348012800000,"Trading_Strategy":"MA5&MA15^MA10&MA15","Transaction_Type":-1,"Stock_price":15.7093477249,"Transaction_amount":1000.0,"Return_money":24,"Rate_of_Return":0.024},{"Date":1350518400000,"Trading_Strategy":"MA5&MA15^MA10&MA15","Transaction_Type":1,"Stock_price":14.6037054062,"Transaction_amount":1000.0,"Return_money":null,"Rate_of_Return":null},{"Date":1351036800000,"Trading_Strategy":"MA5&MA15^MA10&MA15","Transaction_Type":-1,"Stock_price":14.3272943497,"Transaction_amount":1000.0,"Return_money":-18,"Rate_of_Return":-0.018},{"Date":1352073600000,"Trading_Strategy":"MA5&MA15^MA10&MA15","Transaction_Type":1,"Stock_price":15.2025947571,"Transaction_amount":1000.0,"Return_money":null,"Rate_of_Return":null},{"Date":1352160000000,"Trading_Strategy":"MA5&MA15^MA10&MA15","Transaction_Type":-1,"Stock_price":15.0183210373,"Transaction_amount":1000.0,"Return_money":-12,"Rate_of_Return":-0.012},{"Date":1353974400000,"Trading_Strategy":"MA5&MA15^MA10&MA15","Transaction_Type":1,"Stock_price":15.2947320938,"Transaction_amount":1000.0,"Return_money":null,"Rate_of_Return":null},{"Date":1354233600000,"Trading_Strategy":"MA5&MA15^MA10&MA15","Transaction_Type":-1,"Stock_price":15.7554159164,"Transaction_amount":1000.0,"Return_money":30,"Rate_of_Return":0.03},{"Date":1287619200000,"Trading_Strategy":"MA5&MA15^MA10&MA30","Transaction_Type":1,"Stock_price":19.516456604,"Transaction_amount":1000.0,"Return_money":null,"Rate_of_Return":null},{"Date":1287964800000,"Trading_Strategy":"MA5&MA15^MA10&MA30","Transaction_Type":-1,"Stock_price":20.7728805542,"Transaction_amount":1000.0,"Return_money":64,"Rate_of_Return":0.064},{"Date":1290470400000,"Trading_Strategy":"MA5&MA15^MA10&MA30","Transaction_Type":1,"Stock_price":22.2805900574,"Transaction_amount":1000.0,"Return_money":null,"Rate_of_Return":null},{"Date":1290643200000,"Trading_Strategy":"MA5&MA15^MA10&MA30","Transaction_Type":-1,"Stock_price":22.0293045044,"Transaction_amount":1000.0,"Return_money":-11,"Rate_of_Return":-0.011},{"Date":1292198400000,"Trading_Strategy":"MA5&MA15^MA10&MA30","Transaction_Type":1,"Stock_price":22.1130657196,"Transaction_amount":1000.0,"Return_money":null,"Rate_of_Return":null},{"Date":1292457600000,"Trading_Strategy":"MA5&MA15^MA10&MA30","Transaction_Type":-1,"Stock_price":22.6156368256,"Transaction_amount":1000.0,"Return_money":22,"Rate_of_Return":0.022},{"Date":1296172800000,"Trading_Strategy":"MA5&MA15^MA10&MA30","Transaction_Type":1,"Stock_price":25.5472927094,"Transaction_amount":1000.0,"Return_money":null,"Rate_of_Return":null},{"Date":1297123200000,"Trading_Strategy":"MA5&MA15^MA10&MA30","Transaction_Type":-1,"Stock_price":25.0447235107,"Transaction_amount":1000.0,"Return_money":-19,"Rate_of_Return":-0.019},{"Date":1301011200000,"Trading_Strategy":"MA5&MA15^MA10&MA30","Transaction_Type":1,"Stock_price":20.689119339,"Transaction_amount":1000.0,"Return_money":null,"Rate_of_Return":null},{"Date":1301270400000,"Trading_Strategy":"MA5&MA15^MA10&MA30","Transaction_Type":-1,"Stock_price":20.4797153473,"Transaction_amount":1000.0,"Return_money":-10,"Rate_of_Return":-0.01},{"Date":1306972800000,"Trading_Strategy":"MA5&MA15^MA10&MA30","Transaction_Type":1,"Stock_price":21.4429721832,"Transaction_amount":1000.0,"Return_money":null,"Rate_of_Return":null},{"Date":1307059200000,"Trading_Strategy":"MA5&MA15^MA10&MA30","Transaction_Type":-1,"Stock_price":21.1916885376,"Transaction_amount":1000.0,"Return_money":-11,"Rate_of_Return":-0.011},{"Date":1309737600000,"Trading_Strategy":"MA5&MA15^MA10&MA30","Transaction_Type":1,"Stock_price":19.1814098358,"Transaction_amount":1000.0,"Return_money":null,"Rate_of_Return":null},{"Date":1309824000000,"Trading_Strategy":"MA5&MA15^MA10&MA30","Transaction_Type":-1,"Stock_price":18.8463630676,"Transaction_amount":1000.0,"Return_money":-17,"Rate_of_Return":-0.017},{"Date":1314057600000,"Trading_Strategy":"MA5&MA15^MA10&MA30","Transaction_Type":1,"Stock_price":15.7471828461,"Transaction_amount":1000.0,"Return_money":null,"Rate_of_Return":null},{"Date":1314144000000,"Trading_Strategy":"MA5&MA15^MA10&MA30","Transaction_Type":-1,"Stock_price":15.4121370316,"Transaction_amount":1000.0,"Return_money":-21,"Rate_of_Return":-0.021},{"Date":1317340800000,"Trading_Strategy":"MA5&MA15^MA10&MA30","Transaction_Type":1,"Stock_price":14.3733615875,"Transaction_amount":1000.0,"Return_money":null,"Rate_of_Return":null},{"Date":1317600000000,"Trading_Strategy":"MA5&MA15^MA10&MA30","Transaction_Type":-1,"Stock_price":13.8205413818,"Transaction_amount":1000.0,"Return_money":-38,"Rate_of_Return":-0.038},{"Date":1318377600000,"Trading_Strategy":"MA5&MA15^MA10&MA30","Transaction_Type":1,"Stock_price":14.4194307327,"Transaction_amount":1000.0,"Return_money":null,"Rate_of_Return":null},{"Date":1318464000000,"Trading_Strategy":"MA5&MA15^MA10&MA30","Transaction_Type":-1,"Stock_price":15.3868694305,"Transaction_amount":1000.0,"Return_money":67,"Rate_of_Return":0.067},{"Date":1324857600000,"Trading_Strategy":"MA5&MA15^MA10&MA30","Transaction_Type":1,"Stock_price":13.4980611801,"Transaction_amount":1000.0,"Return_money":null,"Rate_of_Return":null},{"Date":1324944000000,"Trading_Strategy":"MA5&MA15^MA10&MA30","Transaction_Type":-1,"Stock_price":13.8205413818,"Transaction_amount":1000.0,"Return_money":23,"Rate_of_Return":0.023},{"Date":1328054400000,"Trading_Strategy":"MA5&MA15^MA10&MA30","Transaction_Type":1,"Stock_price":16.0318279266,"Transaction_amount":1000.0,"Return_money":null,"Rate_of_Return":null},{"Date":1328140800000,"Trading_Strategy":"MA5&MA15^MA10&MA30","Transaction_Type":-1,"Stock_price":16.5846481323,"Transaction_amount":1000.0,"Return_money":34,"Rate_of_Return":0.034},{"Date":1336089600000,"Trading_Strategy":"MA5&MA15^MA10&MA30","Transaction_Type":1,"Stock_price":17.0914020538,"Transaction_amount":1000.0,"Return_money":null,"Rate_of_Return":null},{"Date":1336348800000,"Trading_Strategy":"MA5&MA15^MA10&MA30","Transaction_Type":-1,"Stock_price":16.6767864227,"Transaction_amount":1000.0,"Return_money":-24,"Rate_of_Return":-0.024},{"Date":1339632000000,"Trading_Strategy":"MA5&MA15^MA10&MA30","Transaction_Type":1,"Stock_price":13.8205413818,"Transaction_amount":1000.0,"Return_money":null,"Rate_of_Return":null},{"Date":1339977600000,"Trading_Strategy":"MA5&MA15^MA10&MA30","Transaction_Type":-1,"Stock_price":14.3733615875,"Transaction_amount":1000.0,"Return_money":39,"Rate_of_Return":0.039},{"Date":1343779200000,"Trading_Strategy":"MA5&MA15^MA10&MA30","Transaction_Type":1,"Stock_price":15.6632785797,"Transaction_amount":1000.0,"Return_money":null,"Rate_of_Return":null},{"Date":1343952000000,"Trading_Strategy":"MA5&MA15^MA10&MA30","Transaction_Type":-1,"Stock_price":15.4329366684,"Transaction_amount":1000.0,"Return_money":-14,"Rate_of_Return":-0.014},{"Date":1347926400000,"Trading_Strategy":"MA5&MA15^MA10&MA30","Transaction_Type":1,"Stock_price":15.3408002853,"Transaction_amount":1000.0,"Return_money":null,"Rate_of_Return":null},{"Date":1348012800000,"Trading_Strategy":"MA5&MA15^MA10&MA30","Transaction_Type":-1,"Stock_price":15.7093477249,"Transaction_amount":1000.0,"Return_money":24,"Rate_of_Return":0.024},{"Date":1350518400000,"Trading_Strategy":"MA5&MA15^MA10&MA30","Transaction_Type":1,"Stock_price":14.6037054062,"Transaction_amount":1000.0,"Return_money":null,"Rate_of_Return":null},{"Date":1351036800000,"Trading_Strategy":"MA5&MA15^MA10&MA30","Transaction_Type":-1,"Stock_price":14.3272943497,"Transaction_amount":1000.0,"Return_money":-18,"Rate_of_Return":-0.018},{"Date":1352073600000,"Trading_Strategy":"MA5&MA15^MA10&MA30","Transaction_Type":1,"Stock_price":15.2025947571,"Transaction_amount":1000.0,"Return_money":null,"Rate_of_Return":null},{"Date":1352160000000,"Trading_Strategy":"MA5&MA15^MA10&MA30","Transaction_Type":-1,"Stock_price":15.0183210373,"Transaction_amount":1000.0,"Return_money":-12,"Rate_of_Return":-0.012},{"Date":1353974400000,"Trading_Strategy":"MA5&MA15^MA10&MA30","Transaction_Type":1,"Stock_price":15.2947320938,"Transaction_amount":1000.0,"Return_money":null,"Rate_of_Return":null},{"Date":1354233600000,"Trading_Strategy":"MA5&MA15^MA10&MA30","Transaction_Type":-1,"Stock_price":15.7554159164,"Transaction_amount":1000.0,"Return_money":30,"Rate_of_Return":0.03},{"Date":1285286400000,"Trading_Strategy":"MA10&MA15^MACD","Transaction_Type":1,"Stock_price":18.0506286621,"Transaction_amount":18000.0,"Return_money":null,"Rate_of_Return":null},{"Date":1285632000000,"Trading_Strategy":"MA10&MA15^MACD","Transaction_Type":-1,"Stock_price":18.343793869,"Transaction_amount":18000.0,"Return_money":292,"Rate_of_Return":0.0162222222},{"Date":1286409600000,"Trading_Strategy":"MA10&MA15^MACD","Transaction_Type":1,"Stock_price":19.265171051,"Transaction_amount":18000.0,"Return_money":null,"Rate_of_Return":null},{"Date":1286496000000,"Trading_Strategy":"MA10&MA15^MACD","Transaction_Type":-1,"Stock_price":18.8463630676,"Transaction_amount":18000.0,"Return_money":-391,"Rate_of_Return":-0.0217222222},{"Date":1287964800000,"Trading_Strategy":"MA10&MA15^MACD","Transaction_Type":1,"Stock_price":20.7728805542,"Transaction_amount":18000.0,"Return_money":null,"Rate_of_Return":null},{"Date":1288137600000,"Trading_Strategy":"MA10&MA15^MACD","Transaction_Type":-1,"Stock_price":21.3173313141,"Transaction_amount":18000.0,"Return_money":471,"Rate_of_Return":0.0261666667},{"Date":1290643200000,"Trading_Strategy":"MA10&MA15^MACD","Transaction_Type":1,"Stock_price":22.0293045044,"Transaction_amount":18000.0,"Return_money":null,"Rate_of_Return":null},{"Date":1290729600000,"Trading_Strategy":"MA10&MA15^MACD","Transaction_Type":-1,"Stock_price":21.2335681915,"Transaction_amount":18000.0,"Return_money":-650,"Rate_of_Return":-0.0361111111},{"Date":1292284800000,"Trading_Strategy":"MA10&MA15^MACD","Transaction_Type":1,"Stock_price":22.2387084961,"Transaction_amount":18000.0,"Return_money":null,"Rate_of_Return":null},{"Date":1292457600000,"Trading_Strategy":"MA10&MA15^MACD","Transaction_Type":-1,"Stock_price":22.6156368256,"Transaction_amount":18000.0,"Return_money":305,"Rate_of_Return":0.0169444444},{"Date":1297382400000,"Trading_Strategy":"MA10&MA15^MACD","Transaction_Type":1,"Stock_price":23.5370140076,"Transaction_amount":18000.0,"Return_money":null,"Rate_of_Return":null},{"Date":1297641600000,"Trading_Strategy":"MA10&MA15^MACD","Transaction_Type":-1,"Stock_price":24.7934379578,"Transaction_amount":18000.0,"Return_money":960,"Rate_of_Return":0.0533333333},{"Date":1301443200000,"Trading_Strategy":"MA10&MA15^MACD","Transaction_Type":1,"Stock_price":20.7728805542,"Transaction_amount":18000.0,"Return_money":null,"Rate_of_Return":null},{"Date":1301529600000,"Trading_Strategy":"MA10&MA15^MACD","Transaction_Type":-1,"Stock_price":20.4797153473,"Transaction_amount":18000.0,"Return_money":-254,"Rate_of_Return":-0.0141111111},{"Date":1307577600000,"Trading_Strategy":"MA10&MA15^MACD","Transaction_Type":1,"Stock_price":21.0241641998,"Transaction_amount":18000.0,"Return_money":null,"Rate_of_Return":null},{"Date":1307923200000,"Trading_Strategy":"MA10&MA15^MACD","Transaction_Type":-1,"Stock_price":20.2284297943,"Transaction_amount":18000.0,"Return_money":-681,"Rate_of_Return":-0.0378333333},{"Date":1309996800000,"Trading_Strategy":"MA10&MA15^MACD","Transaction_Type":1,"Stock_price":18.8044834137,"Transaction_amount":18000.0,"Return_money":null,"Rate_of_Return":null},{"Date":1310342400000,"Trading_Strategy":"MA10&MA15^MACD","Transaction_Type":-1,"Stock_price":19.1814098358,"Transaction_amount":18000.0,"Return_money":360,"Rate_of_Return":0.02},{"Date":1314144000000,"Trading_Strategy":"MA10&MA15^MACD","Transaction_Type":1,"Stock_price":15.4121370316,"Transaction_amount":18000.0,"Return_money":null,"Rate_of_Return":null},{"Date":1314316800000,"Trading_Strategy":"MA10&MA15^MACD","Transaction_Type":-1,"Stock_price":15.5796604156,"Transaction_amount":18000.0,"Return_money":195,"Rate_of_Return":0.0108333333},{"Date":1317945600000,"Trading_Strategy":"MA10&MA15^MACD","Transaction_Type":1,"Stock_price":14.0048151016,"Transaction_amount":18000.0,"Return_money":null,"Rate_of_Return":null},{"Date":1318291200000,"Trading_Strategy":"MA10&MA15^MACD","Transaction_Type":-1,"Stock_price":14.557636261,"Transaction_amount":18000.0,"Return_money":710,"Rate_of_Return":0.0394444444},{"Date":1323302400000,"Trading_Strategy":"MA10&MA15^MACD","Transaction_Type":1,"Stock_price":13.7284040451,"Transaction_amount":18000.0,"Return_money":null,"Rate_of_Return":null},{"Date":1323388800000,"Trading_Strategy":"MA10&MA15^MACD","Transaction_Type":-1,"Stock_price":13.4519929886,"Transaction_amount":18000.0,"Return_money":-362,"Rate_of_Return":-0.0201111111},{"Date":1325116800000,"Trading_Strategy":"MA10&MA15^MACD","Transaction_Type":1,"Stock_price":14.2812252045,"Transaction_amount":18000.0,"Return_money":null,"Rate_of_Return":null},{"Date":1325203200000,"Trading_Strategy":"MA10&MA15^MACD","Transaction_Type":-1,"Stock_price":14.096950531,"Transaction_amount":18000.0,"Return_money":-232,"Rate_of_Return":-0.0128888889},{"Date":1332288000000,"Trading_Strategy":"MA10&MA15^MACD","Transaction_Type":1,"Stock_price":18.9341411591,"Transaction_amount":18000.0,"Return_money":null,"Rate_of_Return":null},{"Date":1332720000000,"Trading_Strategy":"MA10&MA15^MACD","Transaction_Type":-1,"Stock_price":18.381319046,"Transaction_amount":18000.0,"Return_money":-525,"Rate_of_Return":-0.0291666667},{"Date":1336348800000,"Trading_Strategy":"MA10&MA15^MACD","Transaction_Type":1,"Stock_price":16.6767864227,"Transaction_amount":18000.0,"Return_money":null,"Rate_of_Return":null},{"Date":1336521600000,"Trading_Strategy":"MA10&MA15^MACD","Transaction_Type":-1,"Stock_price":16.8610591888,"Transaction_amount":18000.0,"Return_money":198,"Rate_of_Return":0.011},{"Date":1339977600000,"Trading_Strategy":"MA10&MA15^MACD","Transaction_Type":1,"Stock_price":14.3733615875,"Transaction_amount":18000.0,"Return_money":null,"Rate_of_Return":null},{"Date":1340582400000,"Trading_Strategy":"MA10&MA15^MACD","Transaction_Type":-1,"Stock_price":14.096950531,"Transaction_amount":18000.0,"Return_money":-346,"Rate_of_Return":-0.0192222222},{"Date":1344211200000,"Trading_Strategy":"MA10&MA15^MACD","Transaction_Type":1,"Stock_price":15.9396896362,"Transaction_amount":18000.0,"Return_money":null,"Rate_of_Return":null},{"Date":1344384000000,"Trading_Strategy":"MA10&MA15^MACD","Transaction_Type":-1,"Stock_price":16.1239643097,"Transaction_amount":18000.0,"Return_money":208,"Rate_of_Return":0.0115555556},{"Date":1348012800000,"Trading_Strategy":"MA10&MA15^MACD","Transaction_Type":1,"Stock_price":15.7093477249,"Transaction_amount":18000.0,"Return_money":null,"Rate_of_Return":null},{"Date":1348099200000,"Trading_Strategy":"MA10&MA15^MACD","Transaction_Type":-1,"Stock_price":15.4329366684,"Transaction_amount":18000.0,"Return_money":-316,"Rate_of_Return":-0.0175555556},{"Date":1350864000000,"Trading_Strategy":"MA10&MA15^MACD","Transaction_Type":1,"Stock_price":14.557636261,"Transaction_amount":18000.0,"Return_money":null,"Rate_of_Return":null},{"Date":1351036800000,"Trading_Strategy":"MA10&MA15^MACD","Transaction_Type":-1,"Stock_price":14.3272943497,"Transaction_amount":18000.0,"Return_money":-284,"Rate_of_Return":-0.0157777778},{"Date":1352332800000,"Trading_Strategy":"MA10&MA15^MACD","Transaction_Type":1,"Stock_price":15.0183210373,"Transaction_amount":18000.0,"Return_money":null,"Rate_of_Return":null},{"Date":1352678400000,"Trading_Strategy":"MA10&MA15^MACD","Transaction_Type":-1,"Stock_price":14.8340473175,"Transaction_amount":18000.0,"Return_money":-220,"Rate_of_Return":-0.0122222222},{"Date":1354060800000,"Trading_Strategy":"MA10&MA15^MACD","Transaction_Type":1,"Stock_price":15.1565256119,"Transaction_amount":18000.0,"Return_money":null,"Rate_of_Return":null},{"Date":1354147200000,"Trading_Strategy":"MA10&MA15^MACD","Transaction_Type":-1,"Stock_price":15.4329366684,"Transaction_amount":18000.0,"Return_money":328,"Rate_of_Return":0.0182222222},{"Date":1285286400000,"Trading_Strategy":"MA10&MA15^STOCH","Transaction_Type":1,"Stock_price":18.0506286621,"Transaction_amount":1000.0,"Return_money":null,"Rate_of_Return":null},{"Date":1285632000000,"Trading_Strategy":"MA10&MA15^STOCH","Transaction_Type":-1,"Stock_price":18.343793869,"Transaction_amount":1000.0,"Return_money":16,"Rate_of_Return":0.016},{"Date":1286409600000,"Trading_Strategy":"MA10&MA15^STOCH","Transaction_Type":1,"Stock_price":19.265171051,"Transaction_amount":1000.0,"Return_money":null,"Rate_of_Return":null},{"Date":1286496000000,"Trading_Strategy":"MA10&MA15^STOCH","Transaction_Type":-1,"Stock_price":18.8463630676,"Transaction_amount":1000.0,"Return_money":-21,"Rate_of_Return":-0.021},{"Date":1287964800000,"Trading_Strategy":"MA10&MA15^STOCH","Transaction_Type":1,"Stock_price":20.7728805542,"Transaction_amount":1000.0,"Return_money":null,"Rate_of_Return":null},{"Date":1288137600000,"Trading_Strategy":"MA10&MA15^STOCH","Transaction_Type":-1,"Stock_price":21.3173313141,"Transaction_amount":1000.0,"Return_money":26,"Rate_of_Return":0.026},{"Date":1290643200000,"Trading_Strategy":"MA10&MA15^STOCH","Transaction_Type":1,"Stock_price":22.0293045044,"Transaction_amount":1000.0,"Return_money":null,"Rate_of_Return":null},{"Date":1290729600000,"Trading_Strategy":"MA10&MA15^STOCH","Transaction_Type":-1,"Stock_price":21.2335681915,"Transaction_amount":1000.0,"Return_money":-36,"Rate_of_Return":-0.036},{"Date":1292284800000,"Trading_Strategy":"MA10&MA15^STOCH","Transaction_Type":1,"Stock_price":22.2387084961,"Transaction_amount":1000.0,"Return_money":null,"Rate_of_Return":null},{"Date":1292457600000,"Trading_Strategy":"MA10&MA15^STOCH","Transaction_Type":-1,"Stock_price":22.6156368256,"Transaction_amount":1000.0,"Return_money":16,"Rate_of_Return":0.016},{"Date":1297382400000,"Trading_Strategy":"MA10&MA15^STOCH","Transaction_Type":1,"Stock_price":23.5370140076,"Transaction_amount":1000.0,"Return_money":null,"Rate_of_Return":null},{"Date":1297641600000,"Trading_Strategy":"MA10&MA15^STOCH","Transaction_Type":-1,"Stock_price":24.7934379578,"Transaction_amount":1000.0,"Return_money":53,"Rate_of_Return":0.053},{"Date":1301443200000,"Trading_Strategy":"MA10&MA15^STOCH","Transaction_Type":1,"Stock_price":20.7728805542,"Transaction_amount":1000.0,"Return_money":null,"Rate_of_Return":null},{"Date":1301529600000,"Trading_Strategy":"MA10&MA15^STOCH","Transaction_Type":-1,"Stock_price":20.4797153473,"Transaction_amount":1000.0,"Return_money":-14,"Rate_of_Return":-0.014},{"Date":1307577600000,"Trading_Strategy":"MA10&MA15^STOCH","Transaction_Type":1,"Stock_price":21.0241641998,"Transaction_amount":1000.0,"Return_money":null,"Rate_of_Return":null},{"Date":1307923200000,"Trading_Strategy":"MA10&MA15^STOCH","Transaction_Type":-1,"Stock_price":20.2284297943,"Transaction_amount":1000.0,"Return_money":-37,"Rate_of_Return":-0.037},{"Date":1309996800000,"Trading_Strategy":"MA10&MA15^STOCH","Transaction_Type":1,"Stock_price":18.8044834137,"Transaction_amount":1000.0,"Return_money":null,"Rate_of_Return":null},{"Date":1310342400000,"Trading_Strategy":"MA10&MA15^STOCH","Transaction_Type":-1,"Stock_price":19.1814098358,"Transaction_amount":1000.0,"Return_money":20,"Rate_of_Return":0.02},{"Date":1314144000000,"Trading_Strategy":"MA10&MA15^STOCH","Transaction_Type":1,"Stock_price":15.4121370316,"Transaction_amount":1000.0,"Return_money":null,"Rate_of_Return":null},{"Date":1314316800000,"Trading_Strategy":"MA10&MA15^STOCH","Transaction_Type":-1,"Stock_price":15.5796604156,"Transaction_amount":1000.0,"Return_money":10,"Rate_of_Return":0.01},{"Date":1317945600000,"Trading_Strategy":"MA10&MA15^STOCH","Transaction_Type":1,"Stock_price":14.0048151016,"Transaction_amount":1000.0,"Return_money":null,"Rate_of_Return":null},{"Date":1318291200000,"Trading_Strategy":"MA10&MA15^STOCH","Transaction_Type":-1,"Stock_price":14.557636261,"Transaction_amount":1000.0,"Return_money":39,"Rate_of_Return":0.039},{"Date":1323302400000,"Trading_Strategy":"MA10&MA15^STOCH","Transaction_Type":1,"Stock_price":13.7284040451,"Transaction_amount":1000.0,"Return_money":null,"Rate_of_Return":null},{"Date":1323388800000,"Trading_Strategy":"MA10&MA15^STOCH","Transaction_Type":-1,"Stock_price":13.4519929886,"Transaction_amount":1000.0,"Return_money":-20,"Rate_of_Return":-0.02},{"Date":1325116800000,"Trading_Strategy":"MA10&MA15^STOCH","Transaction_Type":1,"Stock_price":14.2812252045,"Transaction_amount":1000.0,"Return_money":null,"Rate_of_Return":null},{"Date":1325203200000,"Trading_Strategy":"MA10&MA15^STOCH","Transaction_Type":-1,"Stock_price":14.096950531,"Transaction_amount":1000.0,"Return_money":-12,"Rate_of_Return":-0.012},{"Date":1332288000000,"Trading_Strategy":"MA10&MA15^STOCH","Transaction_Type":1,"Stock_price":18.9341411591,"Transaction_amount":1000.0,"Return_money":null,"Rate_of_Return":null},{"Date":1332720000000,"Trading_Strategy":"MA10&MA15^STOCH","Transaction_Type":-1,"Stock_price":18.381319046,"Transaction_amount":1000.0,"Return_money":-29,"Rate_of_Return":-0.029},{"Date":1336348800000,"Trading_Strategy":"MA10&MA15^STOCH","Transaction_Type":1,"Stock_price":16.6767864227,"Transaction_amount":1000.0,"Return_money":null,"Rate_of_Return":null},{"Date":1336521600000,"Trading_Strategy":"MA10&MA15^STOCH","Transaction_Type":-1,"Stock_price":16.8610591888,"Transaction_amount":1000.0,"Return_money":11,"Rate_of_Return":0.011},{"Date":1339977600000,"Trading_Strategy":"MA10&MA15^STOCH","Transaction_Type":1,"Stock_price":14.3733615875,"Transaction_amount":1000.0,"Return_money":null,"Rate_of_Return":null},{"Date":1340582400000,"Trading_Strategy":"MA10&MA15^STOCH","Transaction_Type":-1,"Stock_price":14.096950531,"Transaction_amount":1000.0,"Return_money":-19,"Rate_of_Return":-0.019},{"Date":1344211200000,"Trading_Strategy":"MA10&MA15^STOCH","Transaction_Type":1,"Stock_price":15.9396896362,"Transaction_amount":1000.0,"Return_money":null,"Rate_of_Return":null},{"Date":1344384000000,"Trading_Strategy":"MA10&MA15^STOCH","Transaction_Type":-1,"Stock_price":16.1239643097,"Transaction_amount":1000.0,"Return_money":11,"Rate_of_Return":0.011},{"Date":1348012800000,"Trading_Strategy":"MA10&MA15^STOCH","Transaction_Type":1,"Stock_price":15.7093477249,"Transaction_amount":1000.0,"Return_money":null,"Rate_of_Return":null},{"Date":1348099200000,"Trading_Strategy":"MA10&MA15^STOCH","Transaction_Type":-1,"Stock_price":15.4329366684,"Transaction_amount":1000.0,"Return_money":-17,"Rate_of_Return":-0.017},{"Date":1350864000000,"Trading_Strategy":"MA10&MA15^STOCH","Transaction_Type":1,"Stock_price":14.557636261,"Transaction_amount":1000.0,"Return_money":null,"Rate_of_Return":null},{"Date":1351036800000,"Trading_Strategy":"MA10&MA15^STOCH","Transaction_Type":-1,"Stock_price":14.3272943497,"Transaction_amount":1000.0,"Return_money":-15,"Rate_of_Return":-0.015},{"Date":1352332800000,"Trading_Strategy":"MA10&MA15^STOCH","Transaction_Type":1,"Stock_price":15.0183210373,"Transaction_amount":1000.0,"Return_money":null,"Rate_of_Return":null},{"Date":1352678400000,"Trading_Strategy":"MA10&MA15^STOCH","Transaction_Type":-1,"Stock_price":14.8340473175,"Transaction_amount":1000.0,"Return_money":-12,"Rate_of_Return":-0.012},{"Date":1354060800000,"Trading_Strategy":"MA10&MA15^STOCH","Transaction_Type":1,"Stock_price":15.1565256119,"Transaction_amount":1000.0,"Return_money":null,"Rate_of_Return":null},{"Date":1354147200000,"Trading_Strategy":"MA10&MA15^STOCH","Transaction_Type":-1,"Stock_price":15.4329366684,"Transaction_amount":1000.0,"Return_money":18,"Rate_of_Return":0.018},{"Date":1285286400000,"Trading_Strategy":"MA10&MA15^MA5&MA30","Transaction_Type":1,"Stock_price":18.0506286621,"Transaction_amount":1000.0,"Return_money":null,"Rate_of_Return":null},{"Date":1285632000000,"Trading_Strategy":"MA10&MA15^MA5&MA30","Transaction_Type":-1,"Stock_price":18.343793869,"Transaction_amount":1000.0,"Return_money":16,"Rate_of_Return":0.016},{"Date":1286409600000,"Trading_Strategy":"MA10&MA15^MA5&MA30","Transaction_Type":1,"Stock_price":19.265171051,"Transaction_amount":1000.0,"Return_money":null,"Rate_of_Return":null},{"Date":1286496000000,"Trading_Strategy":"MA10&MA15^MA5&MA30","Transaction_Type":-1,"Stock_price":18.8463630676,"Transaction_amount":1000.0,"Return_money":-21,"Rate_of_Return":-0.021},{"Date":1287964800000,"Trading_Strategy":"MA10&MA15^MA5&MA30","Transaction_Type":1,"Stock_price":20.7728805542,"Transaction_amount":1000.0,"Return_money":null,"Rate_of_Return":null},{"Date":1288137600000,"Trading_Strategy":"MA10&MA15^MA5&MA30","Transaction_Type":-1,"Stock_price":21.3173313141,"Transaction_amount":1000.0,"Return_money":26,"Rate_of_Return":0.026},{"Date":1290643200000,"Trading_Strategy":"MA10&MA15^MA5&MA30","Transaction_Type":1,"Stock_price":22.0293045044,"Transaction_amount":1000.0,"Return_money":null,"Rate_of_Return":null},{"Date":1290729600000,"Trading_Strategy":"MA10&MA15^MA5&MA30","Transaction_Type":-1,"Stock_price":21.2335681915,"Transaction_amount":1000.0,"Return_money":-36,"Rate_of_Return":-0.036},{"Date":1292284800000,"Trading_Strategy":"MA10&MA15^MA5&MA30","Transaction_Type":1,"Stock_price":22.2387084961,"Transaction_amount":1000.0,"Return_money":null,"Rate_of_Return":null},{"Date":1292457600000,"Trading_Strategy":"MA10&MA15^MA5&MA30","Transaction_Type":-1,"Stock_price":22.6156368256,"Transaction_amount":1000.0,"Return_money":16,"Rate_of_Return":0.016},{"Date":1297382400000,"Trading_Strategy":"MA10&MA15^MA5&MA30","Transaction_Type":1,"Stock_price":23.5370140076,"Transaction_amount":1000.0,"Return_money":null,"Rate_of_Return":null},{"Date":1297641600000,"Trading_Strategy":"MA10&MA15^MA5&MA30","Transaction_Type":-1,"Stock_price":24.7934379578,"Transaction_amount":1000.0,"Return_money":53,"Rate_of_Return":0.053},{"Date":1301443200000,"Trading_Strategy":"MA10&MA15^MA5&MA30","Transaction_Type":1,"Stock_price":20.7728805542,"Transaction_amount":1000.0,"Return_money":null,"Rate_of_Return":null},{"Date":1301529600000,"Trading_Strategy":"MA10&MA15^MA5&MA30","Transaction_Type":-1,"Stock_price":20.4797153473,"Transaction_amount":1000.0,"Return_money":-14,"Rate_of_Return":-0.014},{"Date":1307577600000,"Trading_Strategy":"MA10&MA15^MA5&MA30","Transaction_Type":1,"Stock_price":21.0241641998,"Transaction_amount":1000.0,"Return_money":null,"Rate_of_Return":null},{"Date":1307923200000,"Trading_Strategy":"MA10&MA15^MA5&MA30","Transaction_Type":-1,"Stock_price":20.2284297943,"Transaction_amount":1000.0,"Return_money":-37,"Rate_of_Return":-0.037},{"Date":1309996800000,"Trading_Strategy":"MA10&MA15^MA5&MA30","Transaction_Type":1,"Stock_price":18.8044834137,"Transaction_amount":1000.0,"Return_money":null,"Rate_of_Return":null},{"Date":1310342400000,"Trading_Strategy":"MA10&MA15^MA5&MA30","Transaction_Type":-1,"Stock_price":19.1814098358,"Transaction_amount":1000.0,"Return_money":20,"Rate_of_Return":0.02},{"Date":1314144000000,"Trading_Strategy":"MA10&MA15^MA5&MA30","Transaction_Type":1,"Stock_price":15.4121370316,"Transaction_amount":1000.0,"Return_money":null,"Rate_of_Return":null},{"Date":1314316800000,"Trading_Strategy":"MA10&MA15^MA5&MA30","Transaction_Type":-1,"Stock_price":15.5796604156,"Transaction_amount":1000.0,"Return_money":10,"Rate_of_Return":0.01},{"Date":1317945600000,"Trading_Strategy":"MA10&MA15^MA5&MA30","Transaction_Type":1,"Stock_price":14.0048151016,"Transaction_amount":1000.0,"Return_money":null,"Rate_of_Return":null},{"Date":1318291200000,"Trading_Strategy":"MA10&MA15^MA5&MA30","Transaction_Type":-1,"Stock_price":14.557636261,"Transaction_amount":1000.0,"Return_money":39,"Rate_of_Return":0.039},{"Date":1323302400000,"Trading_Strategy":"MA10&MA15^MA5&MA30","Transaction_Type":1,"Stock_price":13.7284040451,"Transaction_amount":1000.0,"Return_money":null,"Rate_of_Return":null},{"Date":1323388800000,"Trading_Strategy":"MA10&MA15^MA5&MA30","Transaction_Type":-1,"Stock_price":13.4519929886,"Transaction_amount":1000.0,"Return_money":-20,"Rate_of_Return":-0.02},{"Date":1325116800000,"Trading_Strategy":"MA10&MA15^MA5&MA30","Transaction_Type":1,"Stock_price":14.2812252045,"Transaction_amount":1000.0,"Return_money":null,"Rate_of_Return":null},{"Date":1325203200000,"Trading_Strategy":"MA10&MA15^MA5&MA30","Transaction_Type":-1,"Stock_price":14.096950531,"Transaction_amount":1000.0,"Return_money":-12,"Rate_of_Return":-0.012},{"Date":1332288000000,"Trading_Strategy":"MA10&MA15^MA5&MA30","Transaction_Type":1,"Stock_price":18.9341411591,"Transaction_amount":1000.0,"Return_money":null,"Rate_of_Return":null},{"Date":1332720000000,"Trading_Strategy":"MA10&MA15^MA5&MA30","Transaction_Type":-1,"Stock_price":18.381319046,"Transaction_amount":1000.0,"Return_money":-29,"Rate_of_Return":-0.029},{"Date":1336348800000,"Trading_Strategy":"MA10&MA15^MA5&MA30","Transaction_Type":1,"Stock_price":16.6767864227,"Transaction_amount":1000.0,"Return_money":null,"Rate_of_Return":null},{"Date":1336521600000,"Trading_Strategy":"MA10&MA15^MA5&MA30","Transaction_Type":-1,"Stock_price":16.8610591888,"Transaction_amount":1000.0,"Return_money":11,"Rate_of_Return":0.011},{"Date":1339977600000,"Trading_Strategy":"MA10&MA15^MA5&MA30","Transaction_Type":1,"Stock_price":14.3733615875,"Transaction_amount":1000.0,"Return_money":null,"Rate_of_Return":null},{"Date":1340582400000,"Trading_Strategy":"MA10&MA15^MA5&MA30","Transaction_Type":-1,"Stock_price":14.096950531,"Transaction_amount":1000.0,"Return_money":-19,"Rate_of_Return":-0.019},{"Date":1344211200000,"Trading_Strategy":"MA10&MA15^MA5&MA30","Transaction_Type":1,"Stock_price":15.9396896362,"Transaction_amount":1000.0,"Return_money":null,"Rate_of_Return":null},{"Date":1344384000000,"Trading_Strategy":"MA10&MA15^MA5&MA30","Transaction_Type":-1,"Stock_price":16.1239643097,"Transaction_amount":1000.0,"Return_money":11,"Rate_of_Return":0.011},{"Date":1348012800000,"Trading_Strategy":"MA10&MA15^MA5&MA30","Transaction_Type":1,"Stock_price":15.7093477249,"Transaction_amount":1000.0,"Return_money":null,"Rate_of_Return":null},{"Date":1348099200000,"Trading_Strategy":"MA10&MA15^MA5&MA30","Transaction_Type":-1,"Stock_price":15.4329366684,"Transaction_amount":1000.0,"Return_money":-17,"Rate_of_Return":-0.017},{"Date":1350864000000,"Trading_Strategy":"MA10&MA15^MA5&MA30","Transaction_Type":1,"Stock_price":14.557636261,"Transaction_amount":1000.0,"Return_money":null,"Rate_of_Return":null},{"Date":1351036800000,"Trading_Strategy":"MA10&MA15^MA5&MA30","Transaction_Type":-1,"Stock_price":14.3272943497,"Transaction_amount":1000.0,"Return_money":-15,"Rate_of_Return":-0.015},{"Date":1352332800000,"Trading_Strategy":"MA10&MA15^MA5&MA30","Transaction_Type":1,"Stock_price":15.0183210373,"Transaction_amount":1000.0,"Return_money":null,"Rate_of_Return":null},{"Date":1352678400000,"Trading_Strategy":"MA10&MA15^MA5&MA30","Transaction_Type":-1,"Stock_price":14.8340473175,"Transaction_amount":1000.0,"Return_money":-12,"Rate_of_Return":-0.012},{"Date":1354060800000,"Trading_Strategy":"MA10&MA15^MA5&MA30","Transaction_Type":1,"Stock_price":15.1565256119,"Transaction_amount":1000.0,"Return_money":null,"Rate_of_Return":null},{"Date":1354147200000,"Trading_Strategy":"MA10&MA15^MA5&MA30","Transaction_Type":-1,"Stock_price":15.4329366684,"Transaction_amount":1000.0,"Return_money":18,"Rate_of_Return":0.018},{"Date":1302652800000,"Trading_Strategy":"MA10&MA30^STOCH","Transaction_Type":1,"Stock_price":21.4848537445,"Transaction_amount":12500.0,"Return_money":null,"Rate_of_Return":null},{"Date":1302825600000,"Trading_Strategy":"MA10&MA30^STOCH","Transaction_Type":-1,"Stock_price":21.1079273224,"Transaction_amount":12500.0,"Return_money":-219,"Rate_of_Return":-0.01752},{"Date":1318550400000,"Trading_Strategy":"MA10&MA30^STOCH","Transaction_Type":1,"Stock_price":15.3868694305,"Transaction_amount":12500.0,"Return_money":null,"Rate_of_Return":null},{"Date":1318809600000,"Trading_Strategy":"MA10&MA30^STOCH","Transaction_Type":-1,"Stock_price":15.7093477249,"Transaction_amount":12500.0,"Return_money":261,"Rate_of_Return":0.02088},{"Date":1325203200000,"Trading_Strategy":"MA10&MA30^STOCH","Transaction_Type":1,"Stock_price":14.096950531,"Transaction_amount":12500.0,"Return_money":null,"Rate_of_Return":null},{"Date":1325548800000,"Trading_Strategy":"MA10&MA30^STOCH","Transaction_Type":-1,"Stock_price":14.4194307327,"Transaction_amount":12500.0,"Return_money":285,"Rate_of_Return":0.0228},{"Date":1340323200000,"Trading_Strategy":"MA10&MA30^STOCH","Transaction_Type":1,"Stock_price":14.2812252045,"Transaction_amount":12500.0,"Return_money":null,"Rate_of_Return":null},{"Date":1340582400000,"Trading_Strategy":"MA10&MA30^STOCH","Transaction_Type":-1,"Stock_price":14.096950531,"Transaction_amount":12500.0,"Return_money":-161,"Rate_of_Return":-0.01288},{"Date":1348704000000,"Trading_Strategy":"MA10&MA30^STOCH","Transaction_Type":1,"Stock_price":14.3733615875,"Transaction_amount":12500.0,"Return_money":null,"Rate_of_Return":null},{"Date":1349136000000,"Trading_Strategy":"MA10&MA30^STOCH","Transaction_Type":-1,"Stock_price":14.557636261,"Transaction_amount":12500.0,"Return_money":160,"Rate_of_Return":0.0128},{"Date":1352246400000,"Trading_Strategy":"MA10&MA30^STOCH","Transaction_Type":1,"Stock_price":15.0183210373,"Transaction_amount":12500.0,"Return_money":null,"Rate_of_Return":null},{"Date":1352332800000,"Trading_Strategy":"MA10&MA30^STOCH","Transaction_Type":-1,"Stock_price":15.0183210373,"Transaction_amount":12500.0,"Return_money":0,"Rate_of_Return":0.0},{"Date":1353974400000,"Trading_Strategy":"MA10&MA30^STOCH","Transaction_Type":1,"Stock_price":15.2947320938,"Transaction_amount":12500.0,"Return_money":null,"Rate_of_Return":null},{"Date":1354147200000,"Trading_Strategy":"MA10&MA30^STOCH","Transaction_Type":-1,"Stock_price":15.4329366684,"Transaction_amount":12500.0,"Return_money":112,"Rate_of_Return":0.00896},{"Date":1302652800000,"Trading_Strategy":"MA10&MA30^MA5&MA15","Transaction_Type":1,"Stock_price":21.4848537445,"Transaction_amount":18000.0,"Return_money":null,"Rate_of_Return":null},{"Date":1302825600000,"Trading_Strategy":"MA10&MA30^MA5&MA15","Transaction_Type":-1,"Stock_price":21.1079273224,"Transaction_amount":18000.0,"Return_money":-315,"Rate_of_Return":-0.0175},{"Date":1318550400000,"Trading_Strategy":"MA10&MA30^MA5&MA15","Transaction_Type":1,"Stock_price":15.3868694305,"Transaction_amount":18000.0,"Return_money":null,"Rate_of_Return":null},{"Date":1318809600000,"Trading_Strategy":"MA10&MA30^MA5&MA15","Transaction_Type":-1,"Stock_price":15.7093477249,"Transaction_amount":18000.0,"Return_money":377,"Rate_of_Return":0.0209444444},{"Date":1325203200000,"Trading_Strategy":"MA10&MA30^MA5&MA15","Transaction_Type":1,"Stock_price":14.096950531,"Transaction_amount":18000.0,"Return_money":null,"Rate_of_Return":null},{"Date":1325548800000,"Trading_Strategy":"MA10&MA30^MA5&MA15","Transaction_Type":-1,"Stock_price":14.4194307327,"Transaction_amount":18000.0,"Return_money":411,"Rate_of_Return":0.0228333333},{"Date":1340323200000,"Trading_Strategy":"MA10&MA30^MA5&MA15","Transaction_Type":1,"Stock_price":14.2812252045,"Transaction_amount":18000.0,"Return_money":null,"Rate_of_Return":null},{"Date":1340582400000,"Trading_Strategy":"MA10&MA30^MA5&MA15","Transaction_Type":-1,"Stock_price":14.096950531,"Transaction_amount":18000.0,"Return_money":-232,"Rate_of_Return":-0.0128888889},{"Date":1348704000000,"Trading_Strategy":"MA10&MA30^MA5&MA15","Transaction_Type":1,"Stock_price":14.3733615875,"Transaction_amount":18000.0,"Return_money":null,"Rate_of_Return":null},{"Date":1349136000000,"Trading_Strategy":"MA10&MA30^MA5&MA15","Transaction_Type":-1,"Stock_price":14.557636261,"Transaction_amount":18000.0,"Return_money":230,"Rate_of_Return":0.0127777778},{"Date":1352246400000,"Trading_Strategy":"MA10&MA30^MA5&MA15","Transaction_Type":1,"Stock_price":15.0183210373,"Transaction_amount":18000.0,"Return_money":null,"Rate_of_Return":null},{"Date":1352678400000,"Trading_Strategy":"MA10&MA30^MA5&MA15","Transaction_Type":-1,"Stock_price":14.8340473175,"Transaction_amount":18000.0,"Return_money":-220,"Rate_of_Return":-0.0122222222},{"Date":1353974400000,"Trading_Strategy":"MA10&MA30^MA5&MA15","Transaction_Type":1,"Stock_price":15.2947320938,"Transaction_amount":18000.0,"Return_money":null,"Rate_of_Return":null},{"Date":1354233600000,"Trading_Strategy":"MA10&MA30^MA5&MA15","Transaction_Type":-1,"Stock_price":15.7554159164,"Transaction_amount":18000.0,"Return_money":542,"Rate_of_Return":0.0301111111},{"Date":1291334400000,"Trading_Strategy":"MA15&MA30^STOCH","Transaction_Type":1,"Stock_price":21.3592128754,"Transaction_amount":12500.0,"Return_money":null,"Rate_of_Return":null},{"Date":1291593600000,"Trading_Strategy":"MA15&MA30^STOCH","Transaction_Type":-1,"Stock_price":21.610496521,"Transaction_amount":12500.0,"Return_money":147,"Rate_of_Return":0.01176},{"Date":1302739200000,"Trading_Strategy":"MA15&MA30^STOCH","Transaction_Type":1,"Stock_price":21.6942577362,"Transaction_amount":12500.0,"Return_money":null,"Rate_of_Return":null},{"Date":1302825600000,"Trading_Strategy":"MA15&MA30^STOCH","Transaction_Type":-1,"Stock_price":21.1079273224,"Transaction_amount":12500.0,"Return_money":-337,"Rate_of_Return":-0.02696},{"Date":1318809600000,"Trading_Strategy":"MA15&MA30^STOCH","Transaction_Type":1,"Stock_price":15.7093477249,"Transaction_amount":12500.0,"Return_money":null,"Rate_of_Return":null},{"Date":1319068800000,"Trading_Strategy":"MA15&MA30^STOCH","Transaction_Type":-1,"Stock_price":15.4790058136,"Transaction_amount":12500.0,"Return_money":-183,"Rate_of_Return":-0.01464},{"Date":1325462400000,"Trading_Strategy":"MA15&MA30^STOCH","Transaction_Type":1,"Stock_price":13.9587459564,"Transaction_amount":12500.0,"Return_money":null,"Rate_of_Return":null},{"Date":1325548800000,"Trading_Strategy":"MA15&MA30^STOCH","Transaction_Type":-1,"Stock_price":14.4194307327,"Transaction_amount":12500.0,"Return_money":412,"Rate_of_Return":0.03296},{"Date":1340755200000,"Trading_Strategy":"MA15&MA30^STOCH","Transaction_Type":1,"Stock_price":14.3733615875,"Transaction_amount":12500.0,"Return_money":null,"Rate_of_Return":null},{"Date":1340928000000,"Trading_Strategy":"MA15&MA30^STOCH","Transaction_Type":-1,"Stock_price":14.8340473175,"Transaction_amount":12500.0,"Return_money":400,"Rate_of_Return":0.032},{"Date":1352160000000,"Trading_Strategy":"MA15&MA30^STOCH","Transaction_Type":1,"Stock_price":15.0183210373,"Transaction_amount":12500.0,"Return_money":null,"Rate_of_Return":null},{"Date":1352332800000,"Trading_Strategy":"MA15&MA30^STOCH","Transaction_Type":-1,"Stock_price":15.0183210373,"Transaction_amount":12500.0,"Return_money":0,"Rate_of_Return":0.0},{"Date":1291334400000,"Trading_Strategy":"MA15&MA30^MA5&MA15","Transaction_Type":1,"Stock_price":21.3592128754,"Transaction_amount":500.0,"Return_money":null,"Rate_of_Return":null},{"Date":1291593600000,"Trading_Strategy":"MA15&MA30^MA5&MA15","Transaction_Type":-1,"Stock_price":21.610496521,"Transaction_amount":500.0,"Return_money":5,"Rate_of_Return":0.01},{"Date":1302739200000,"Trading_Strategy":"MA15&MA30^MA5&MA15","Transaction_Type":1,"Stock_price":21.6942577362,"Transaction_amount":500.0,"Return_money":null,"Rate_of_Return":null},{"Date":1302825600000,"Trading_Strategy":"MA15&MA30^MA5&MA15","Transaction_Type":-1,"Stock_price":21.1079273224,"Transaction_amount":500.0,"Return_money":-13,"Rate_of_Return":-0.026},{"Date":1318809600000,"Trading_Strategy":"MA15&MA30^MA5&MA15","Transaction_Type":1,"Stock_price":15.7093477249,"Transaction_amount":500.0,"Return_money":null,"Rate_of_Return":null},{"Date":1319068800000,"Trading_Strategy":"MA15&MA30^MA5&MA15","Transaction_Type":-1,"Stock_price":15.4790058136,"Transaction_amount":500.0,"Return_money":-7,"Rate_of_Return":-0.014},{"Date":1325462400000,"Trading_Strategy":"MA15&MA30^MA5&MA15","Transaction_Type":1,"Stock_price":13.9587459564,"Transaction_amount":500.0,"Return_money":null,"Rate_of_Return":null},{"Date":1325548800000,"Trading_Strategy":"MA15&MA30^MA5&MA15","Transaction_Type":-1,"Stock_price":14.4194307327,"Transaction_amount":500.0,"Return_money":16,"Rate_of_Return":0.032},{"Date":1340755200000,"Trading_Strategy":"MA15&MA30^MA5&MA15","Transaction_Type":1,"Stock_price":14.3733615875,"Transaction_amount":500.0,"Return_money":null,"Rate_of_Return":null},{"Date":1340928000000,"Trading_Strategy":"MA15&MA30^MA5&MA15","Transaction_Type":-1,"Stock_price":14.8340473175,"Transaction_amount":500.0,"Return_money":16,"Rate_of_Return":0.032},{"Date":1352160000000,"Trading_Strategy":"MA15&MA30^MA5&MA15","Transaction_Type":1,"Stock_price":15.0183210373,"Transaction_amount":500.0,"Return_money":null,"Rate_of_Return":null},{"Date":1352678400000,"Trading_Strategy":"MA15&MA30^MA5&MA15","Transaction_Type":-1,"Stock_price":14.8340473175,"Transaction_amount":500.0,"Return_money":-6,"Rate_of_Return":-0.012}]