[{"Date":1285545600000,"Trading_Strategy":"CCI^STOCH","Transaction_Type":1,"Stock_price":18.2181510925,"Transaction_amount":18000.0,"Return_money":null,"Rate_of_Return":null},{"Date":1288224000000,"Trading_Strategy":"CCI^STOCH","Transaction_Type":-1,"Stock_price":21.7361392975,"Transaction_amount":18000.0,"Return_money":3475,"Rate_of_Return":0.1930555556},{"Date":1290124800000,"Trading_Strategy":"CCI^STOCH","Transaction_Type":1,"Stock_price":20.8147602081,"Transaction_amount":18000.0,"Return_money":null,"Rate_of_Return":null},{"Date":1290643200000,"Trading_Strategy":"CCI^STOCH","Transaction_Type":-1,"Stock_price":22.0293045044,"Transaction_amount":18000.0,"Return_money":1050,"Rate_of_Return":0.0583333333},{"Date":1291939200000,"Trading_Strategy":"CCI^STOCH","Transaction_Type":1,"Stock_price":21.861782074,"Transaction_amount":18000.0,"Return_money":null,"Rate_of_Return":null},{"Date":1294963200000,"Trading_Strategy":"CCI^STOCH","Transaction_Type":-1,"Stock_price":25.0447235107,"Transaction_amount":18000.0,"Return_money":2620,"Rate_of_Return":0.1455555556},{"Date":1296000000000,"Trading_Strategy":"CCI^STOCH","Transaction_Type":1,"Stock_price":25.128484726,"Transaction_amount":18000.0,"Return_money":null,"Rate_of_Return":null},{"Date":1297123200000,"Trading_Strategy":"CCI^STOCH","Transaction_Type":-1,"Stock_price":25.0447235107,"Transaction_amount":18000.0,"Return_money":-59,"Rate_of_Return":-0.0032777778},{"Date":1300838400000,"Trading_Strategy":"CCI^STOCH","Transaction_Type":1,"Stock_price":20.5634765625,"Transaction_amount":18000.0,"Return_money":null,"Rate_of_Return":null},{"Date":1300924800000,"Trading_Strategy":"CCI^STOCH","Transaction_Type":-1,"Stock_price":20.8566417694,"Transaction_amount":18000.0,"Return_money":256,"Rate_of_Return":0.0142222222},{"Date":1306800000000,"Trading_Strategy":"CCI^STOCH","Transaction_Type":1,"Stock_price":22.4062328339,"Transaction_amount":18000.0,"Return_money":null,"Rate_of_Return":null},{"Date":1306972800000,"Trading_Strategy":"CCI^STOCH","Transaction_Type":-1,"Stock_price":21.4429721832,"Transaction_amount":18000.0,"Return_money":-773,"Rate_of_Return":-0.0429444444},{"Date":1309478400000,"Trading_Strategy":"CCI^STOCH","Transaction_Type":1,"Stock_price":19.4326953888,"Transaction_amount":18000.0,"Return_money":null,"Rate_of_Return":null},{"Date":1313625600000,"Trading_Strategy":"CCI^STOCH","Transaction_Type":-1,"Stock_price":15.2027330399,"Transaction_amount":18000.0,"Return_money":-3918,"Rate_of_Return":-0.2176666667},{"Date":1314057600000,"Trading_Strategy":"CCI^STOCH","Transaction_Type":1,"Stock_price":15.7471828461,"Transaction_amount":18000.0,"Return_money":null,"Rate_of_Return":null},{"Date":1318809600000,"Trading_Strategy":"CCI^STOCH","Transaction_Type":-1,"Stock_price":15.7093477249,"Transaction_amount":18000.0,"Return_money":-43,"Rate_of_Return":-0.0023888889},{"Date":1319673600000,"Trading_Strategy":"CCI^STOCH","Transaction_Type":1,"Stock_price":15.4790058136,"Transaction_amount":18000.0,"Return_money":null,"Rate_of_Return":null},{"Date":1325030400000,"Trading_Strategy":"CCI^STOCH","Transaction_Type":-1,"Stock_price":14.3272943497,"Transaction_amount":18000.0,"Return_money":-1339,"Rate_of_Return":-0.0743888889},{"Date":1327881600000,"Trading_Strategy":"CCI^STOCH","Transaction_Type":1,"Stock_price":14.9722518921,"Transaction_amount":18000.0,"Return_money":null,"Rate_of_Return":null},{"Date":1328659200000,"Trading_Strategy":"CCI^STOCH","Transaction_Type":-1,"Stock_price":17.598154068,"Transaction_amount":18000.0,"Return_money":3156,"Rate_of_Return":0.1753333333},{"Date":1331164800000,"Trading_Strategy":"CCI^STOCH","Transaction_Type":1,"Stock_price":19.2105522156,"Transaction_amount":18000.0,"Return_money":null,"Rate_of_Return":null},{"Date":1339977600000,"Trading_Strategy":"CCI^STOCH","Transaction_Type":-1,"Stock_price":14.3733615875,"Transaction_amount":18000.0,"Return_money":-4532,"Rate_of_Return":-0.2517777778},{"Date":1343692800000,"Trading_Strategy":"CCI^STOCH","Transaction_Type":1,"Stock_price":15.2025947571,"Transaction_amount":18000.0,"Return_money":null,"Rate_of_Return":null},{"Date":1343952000000,"Trading_Strategy":"CCI^STOCH","Transaction_Type":-1,"Stock_price":15.4329366684,"Transaction_amount":18000.0,"Return_money":272,"Rate_of_Return":0.0151111111},{"Date":1347235200000,"Trading_Strategy":"CCI^STOCH","Transaction_Type":1,"Stock_price":15.2025947571,"Transaction_amount":18000.0,"Return_money":null,"Rate_of_Return":null},{"Date":1350604800000,"Trading_Strategy":"CCI^STOCH","Transaction_Type":-1,"Stock_price":14.649772644,"Transaction_amount":18000.0,"Return_money":-654,"Rate_of_Return":-0.0363333333},{"Date":1351728000000,"Trading_Strategy":"CCI^STOCH","Transaction_Type":1,"Stock_price":14.649772644,"Transaction_amount":18000.0,"Return_money":null,"Rate_of_Return":null},{"Date":1352332800000,"Trading_Strategy":"CCI^STOCH","Transaction_Type":-1,"Stock_price":15.0183210373,"Transaction_amount":18000.0,"Return_money":452,"Rate_of_Return":0.0251111111},{"Date":1353628800000,"Trading_Strategy":"CCI^STOCH","Transaction_Type":1,"Stock_price":14.7419099808,"Transaction_amount":18000.0,"Return_money":null,"Rate_of_Return":null},{"Date":1354147200000,"Trading_Strategy":"CCI^STOCH","Transaction_Type":-1,"Stock_price":15.4329366684,"Transaction_amount":18000.0,"Return_money":843,"Rate_of_Return":0.0468333333},{"Date":1284681600000,"Trading_Strategy":"MA5&MA10^STOCH","Transaction_Type":1,"Stock_price":18.9720058441,"Transaction_amount":18000.0,"Return_money":null,"Rate_of_Return":null},{"Date":1284940800000,"Trading_Strategy":"MA5&MA10^STOCH","Transaction_Type":-1,"Stock_price":18.8463630676,"Transaction_amount":18000.0,"Return_money":-119,"Rate_of_Return":-0.0066111111},{"Date":1286150400000,"Trading_Strategy":"MA5&MA10^STOCH","Transaction_Type":1,"Stock_price":18.5531978607,"Transaction_amount":18000.0,"Return_money":null,"Rate_of_Return":null},{"Date":1288224000000,"Trading_Strategy":"MA5&MA10^STOCH","Transaction_Type":-1,"Stock_price":21.7361392975,"Transaction_amount":18000.0,"Return_money":3088,"Rate_of_Return":0.1715555556},{"Date":1290384000000,"Trading_Strategy":"MA5&MA10^STOCH","Transaction_Type":1,"Stock_price":21.9036617279,"Transaction_amount":18000.0,"Return_money":null,"Rate_of_Return":null},{"Date":1290643200000,"Trading_Strategy":"MA5&MA10^STOCH","Transaction_Type":-1,"Stock_price":22.0293045044,"Transaction_amount":18000.0,"Return_money":103,"Rate_of_Return":0.0057222222},{"Date":1291766400000,"Trading_Strategy":"MA5&MA10^STOCH","Transaction_Type":1,"Stock_price":21.3592128754,"Transaction_amount":18000.0,"Return_money":null,"Rate_of_Return":null},{"Date":1294963200000,"Trading_Strategy":"MA5&MA10^STOCH","Transaction_Type":-1,"Stock_price":25.0447235107,"Transaction_amount":18000.0,"Return_money":3105,"Rate_of_Return":0.1725},{"Date":1296086400000,"Trading_Strategy":"MA5&MA10^STOCH","Transaction_Type":1,"Stock_price":25.5472927094,"Transaction_amount":18000.0,"Return_money":null,"Rate_of_Return":null},{"Date":1297123200000,"Trading_Strategy":"MA5&MA10^STOCH","Transaction_Type":-1,"Stock_price":25.0447235107,"Transaction_amount":18000.0,"Return_money":-354,"Rate_of_Return":-0.0196666667},{"Date":1299196800000,"Trading_Strategy":"MA5&MA10^STOCH","Transaction_Type":1,"Stock_price":22.4481124878,"Transaction_amount":18000.0,"Return_money":null,"Rate_of_Return":null},{"Date":1300924800000,"Trading_Strategy":"MA5&MA10^STOCH","Transaction_Type":-1,"Stock_price":20.8566417694,"Transaction_amount":18000.0,"Return_money":-1276,"Rate_of_Return":-0.0708888889},{"Date":1302134400000,"Trading_Strategy":"MA5&MA10^STOCH","Transaction_Type":1,"Stock_price":21.6523761749,"Transaction_amount":18000.0,"Return_money":null,"Rate_of_Return":null},{"Date":1303862400000,"Trading_Strategy":"MA5&MA10^STOCH","Transaction_Type":-1,"Stock_price":22.9088020325,"Transaction_amount":18000.0,"Return_money":1044,"Rate_of_Return":0.058},{"Date":1304899200000,"Trading_Strategy":"MA5&MA10^STOCH","Transaction_Type":1,"Stock_price":23.6626567841,"Transaction_amount":18000.0,"Return_money":null,"Rate_of_Return":null},{"Date":1306972800000,"Trading_Strategy":"MA5&MA10^STOCH","Transaction_Type":-1,"Stock_price":21.4429721832,"Transaction_amount":18000.0,"Return_money":-1688,"Rate_of_Return":-0.0937777778},{"Date":1309392000000,"Trading_Strategy":"MA5&MA10^STOCH","Transaction_Type":1,"Stock_price":19.3489322662,"Transaction_amount":18000.0,"Return_money":null,"Rate_of_Return":null},{"Date":1313625600000,"Trading_Strategy":"MA5&MA10^STOCH","Transaction_Type":-1,"Stock_price":15.2027330399,"Transaction_amount":18000.0,"Return_money":-3857,"Rate_of_Return":-0.2142777778},{"Date":1317340800000,"Trading_Strategy":"MA5&MA10^STOCH","Transaction_Type":1,"Stock_price":14.3733615875,"Transaction_amount":18000.0,"Return_money":null,"Rate_of_Return":null},{"Date":1318809600000,"Trading_Strategy":"MA5&MA10^STOCH","Transaction_Type":-1,"Stock_price":15.7093477249,"Transaction_amount":18000.0,"Return_money":1673,"Rate_of_Return":0.0929444444},{"Date":1320192000000,"Trading_Strategy":"MA5&MA10^STOCH","Transaction_Type":1,"Stock_price":15.2486629486,"Transaction_amount":18000.0,"Return_money":null,"Rate_of_Return":null},{"Date":1325030400000,"Trading_Strategy":"MA5&MA10^STOCH","Transaction_Type":-1,"Stock_price":14.3272943497,"Transaction_amount":18000.0,"Return_money":-1087,"Rate_of_Return":-0.0603888889},{"Date":1328140800000,"Trading_Strategy":"MA5&MA10^STOCH","Transaction_Type":1,"Stock_price":16.5846481323,"Transaction_amount":18000.0,"Return_money":null,"Rate_of_Return":null},{"Date":1328659200000,"Trading_Strategy":"MA5&MA10^STOCH","Transaction_Type":-1,"Stock_price":17.598154068,"Transaction_amount":18000.0,"Return_money":1099,"Rate_of_Return":0.0610555556},{"Date":1329868800000,"Trading_Strategy":"MA5&MA10^STOCH","Transaction_Type":1,"Stock_price":18.058839798,"Transaction_amount":18000.0,"Return_money":null,"Rate_of_Return":null},{"Date":1330041600000,"Trading_Strategy":"MA5&MA10^STOCH","Transaction_Type":-1,"Stock_price":17.9667034149,"Transaction_amount":18000.0,"Return_money":-91,"Rate_of_Return":-0.0050555556},{"Date":1331683200000,"Trading_Strategy":"MA5&MA10^STOCH","Transaction_Type":1,"Stock_price":19.2566204071,"Transaction_amount":18000.0,"Return_money":null,"Rate_of_Return":null},{"Date":1339977600000,"Trading_Strategy":"MA5&MA10^STOCH","Transaction_Type":-1,"Stock_price":14.3733615875,"Transaction_amount":18000.0,"Return_money":-4564,"Rate_of_Return":-0.2535555556},{"Date":1341187200000,"Trading_Strategy":"MA5&MA10^STOCH","Transaction_Type":1,"Stock_price":14.8801145554,"Transaction_amount":18000.0,"Return_money":null,"Rate_of_Return":null},{"Date":1341532800000,"Trading_Strategy":"MA5&MA10^STOCH","Transaction_Type":-1,"Stock_price":15.110458374,"Transaction_amount":18000.0,"Return_money":278,"Rate_of_Return":0.0154444444},{"Date":1342656000000,"Trading_Strategy":"MA5&MA10^STOCH","Transaction_Type":1,"Stock_price":15.110458374,"Transaction_amount":18000.0,"Return_money":null,"Rate_of_Return":null},{"Date":1343952000000,"Trading_Strategy":"MA5&MA10^STOCH","Transaction_Type":-1,"Stock_price":15.4329366684,"Transaction_amount":18000.0,"Return_money":384,"Rate_of_Return":0.0213333333},{"Date":1347494400000,"Trading_Strategy":"MA5&MA10^STOCH","Transaction_Type":1,"Stock_price":14.6037054062,"Transaction_amount":18000.0,"Return_money":null,"Rate_of_Return":null},{"Date":1350604800000,"Trading_Strategy":"MA5&MA10^STOCH","Transaction_Type":-1,"Stock_price":14.649772644,"Transaction_amount":18000.0,"Return_money":56,"Rate_of_Return":0.0031111111},{"Date":1351814400000,"Trading_Strategy":"MA5&MA10^STOCH","Transaction_Type":1,"Stock_price":14.8340473175,"Transaction_amount":18000.0,"Return_money":null,"Rate_of_Return":null},{"Date":1352332800000,"Trading_Strategy":"MA5&MA10^STOCH","Transaction_Type":-1,"Stock_price":15.0183210373,"Transaction_amount":18000.0,"Return_money":223,"Rate_of_Return":0.0123888889},{"Date":1353628800000,"Trading_Strategy":"MA5&MA10^STOCH","Transaction_Type":1,"Stock_price":14.7419099808,"Transaction_amount":18000.0,"Return_money":null,"Rate_of_Return":null},{"Date":1354147200000,"Trading_Strategy":"MA5&MA10^STOCH","Transaction_Type":-1,"Stock_price":15.4329366684,"Transaction_amount":18000.0,"Return_money":843,"Rate_of_Return":0.0468333333},{"Date":1284681600000,"Trading_Strategy":"MA5&MA10^MA5&MA15","Transaction_Type":1,"Stock_price":18.9720058441,"Transaction_amount":18000.0,"Return_money":null,"Rate_of_Return":null},{"Date":1287360000000,"Trading_Strategy":"MA5&MA10^MA5&MA15","Transaction_Type":-1,"Stock_price":18.6788406372,"Transaction_amount":18000.0,"Return_money":-278,"Rate_of_Return":-0.0154444444},{"Date":1287619200000,"Trading_Strategy":"MA5&MA10^MA5&MA15","Transaction_Type":1,"Stock_price":19.516456604,"Transaction_amount":18000.0,"Return_money":null,"Rate_of_Return":null},{"Date":1289433600000,"Trading_Strategy":"MA5&MA10^MA5&MA15","Transaction_Type":-1,"Stock_price":20.2703113556,"Transaction_amount":18000.0,"Return_money":695,"Rate_of_Return":0.0386111111},{"Date":1290384000000,"Trading_Strategy":"MA5&MA10^MA5&MA15","Transaction_Type":1,"Stock_price":21.9036617279,"Transaction_amount":18000.0,"Return_money":null,"Rate_of_Return":null},{"Date":1291852800000,"Trading_Strategy":"MA5&MA10^MA5&MA15","Transaction_Type":-1,"Stock_price":21.6523761749,"Transaction_amount":18000.0,"Return_money":-206,"Rate_of_Return":-0.0114444444},{"Date":1294876800000,"Trading_Strategy":"MA5&MA10^MA5&MA15","Transaction_Type":1,"Stock_price":26.1336231232,"Transaction_amount":18000.0,"Return_money":null,"Rate_of_Return":null},{"Date":1295308800000,"Trading_Strategy":"MA5&MA10^MA5&MA15","Transaction_Type":-1,"Stock_price":24.7515563965,"Transaction_amount":18000.0,"Return_money":-951,"Rate_of_Return":-0.0528333333},{"Date":1296086400000,"Trading_Strategy":"MA5&MA10^MA5&MA15","Transaction_Type":1,"Stock_price":25.5472927094,"Transaction_amount":18000.0,"Return_money":null,"Rate_of_Return":null},{"Date":1297641600000,"Trading_Strategy":"MA5&MA10^MA5&MA15","Transaction_Type":-1,"Stock_price":24.7934379578,"Transaction_amount":18000.0,"Return_money":-531,"Rate_of_Return":-0.0295},{"Date":1299196800000,"Trading_Strategy":"MA5&MA10^MA5&MA15","Transaction_Type":1,"Stock_price":22.4481124878,"Transaction_amount":18000.0,"Return_money":null,"Rate_of_Return":null},{"Date":1305504000000,"Trading_Strategy":"MA5&MA10^MA5&MA15","Transaction_Type":-1,"Stock_price":22.2805900574,"Transaction_amount":18000.0,"Return_money":-134,"Rate_of_Return":-0.0074444444},{"Date":1306886400000,"Trading_Strategy":"MA5&MA10^MA5&MA15","Transaction_Type":1,"Stock_price":22.0711860657,"Transaction_amount":18000.0,"Return_money":null,"Rate_of_Return":null},{"Date":1307404800000,"Trading_Strategy":"MA5&MA10^MA5&MA15","Transaction_Type":-1,"Stock_price":21.1498088837,"Transaction_amount":18000.0,"Return_money":-751,"Rate_of_Return":-0.0417222222},{"Date":1309392000000,"Trading_Strategy":"MA5&MA10^MA5&MA15","Transaction_Type":1,"Stock_price":19.3489322662,"Transaction_amount":18000.0,"Return_money":null,"Rate_of_Return":null},{"Date":1309996800000,"Trading_Strategy":"MA5&MA10^MA5&MA15","Transaction_Type":-1,"Stock_price":18.8044834137,"Transaction_amount":18000.0,"Return_money":-506,"Rate_of_Return":-0.0281111111},{"Date":1313539200000,"Trading_Strategy":"MA5&MA10^MA5&MA15","Transaction_Type":1,"Stock_price":15.5796604156,"Transaction_amount":18000.0,"Return_money":null,"Rate_of_Return":null},{"Date":1315180800000,"Trading_Strategy":"MA5&MA10^MA5&MA15","Transaction_Type":-1,"Stock_price":14.649772644,"Transaction_amount":18000.0,"Return_money":-1074,"Rate_of_Return":-0.0596666667},{"Date":1317340800000,"Trading_Strategy":"MA5&MA10^MA5&MA15","Transaction_Type":1,"Stock_price":14.3733615875,"Transaction_amount":18000.0,"Return_money":null,"Rate_of_Return":null},{"Date":1317772800000,"Trading_Strategy":"MA5&MA10^MA5&MA15","Transaction_Type":-1,"Stock_price":13.5901975632,"Transaction_amount":18000.0,"Return_money":-980,"Rate_of_Return":-0.0544444444},{"Date":1318464000000,"Trading_Strategy":"MA5&MA10^MA5&MA15","Transaction_Type":1,"Stock_price":15.3868694305,"Transaction_amount":18000.0,"Return_money":null,"Rate_of_Return":null},{"Date":1320019200000,"Trading_Strategy":"MA5&MA10^MA5&MA15","Transaction_Type":-1,"Stock_price":15.2947320938,"Transaction_amount":18000.0,"Return_money":-107,"Rate_of_Return":-0.0059444444},{"Date":1320192000000,"Trading_Strategy":"MA5&MA10^MA5&MA15","Transaction_Type":1,"Stock_price":15.2486629486,"Transaction_amount":18000.0,"Return_money":null,"Rate_of_Return":null},{"Date":1327968000000,"Trading_Strategy":"MA5&MA10^MA5&MA15","Transaction_Type":-1,"Stock_price":15.2486629486,"Transaction_amount":18000.0,"Return_money":0,"Rate_of_Return":0.0},{"Date":1328140800000,"Trading_Strategy":"MA5&MA10^MA5&MA15","Transaction_Type":1,"Stock_price":16.5846481323,"Transaction_amount":18000.0,"Return_money":null,"Rate_of_Return":null},{"Date":1332201600000,"Trading_Strategy":"MA5&MA10^MA5&MA15","Transaction_Type":-1,"Stock_price":18.381319046,"Transaction_amount":18000.0,"Return_money":1950,"Rate_of_Return":0.1083333333},{"Date":1335484800000,"Trading_Strategy":"MA5&MA10^MA5&MA15","Transaction_Type":1,"Stock_price":15.8475532532,"Transaction_amount":18000.0,"Return_money":null,"Rate_of_Return":null},{"Date":1337040000000,"Trading_Strategy":"MA5&MA10^MA5&MA15","Transaction_Type":-1,"Stock_price":14.9261837006,"Transaction_amount":18000.0,"Return_money":-1046,"Rate_of_Return":-0.0581111111},{"Date":1339459200000,"Trading_Strategy":"MA5&MA10^MA5&MA15","Transaction_Type":1,"Stock_price":13.5901975632,"Transaction_amount":18000.0,"Return_money":null,"Rate_of_Return":null},{"Date":1343088000000,"Trading_Strategy":"MA5&MA10^MA5&MA15","Transaction_Type":-1,"Stock_price":14.649772644,"Transaction_amount":18000.0,"Return_money":1403,"Rate_of_Return":0.0779444444},{"Date":1343779200000,"Trading_Strategy":"MA5&MA10^MA5&MA15","Transaction_Type":1,"Stock_price":15.6632785797,"Transaction_amount":18000.0,"Return_money":null,"Rate_of_Return":null},{"Date":1345507200000,"Trading_Strategy":"MA5&MA10^MA5&MA15","Transaction_Type":-1,"Stock_price":15.4790058136,"Transaction_amount":18000.0,"Return_money":-211,"Rate_of_Return":-0.0117222222},{"Date":1347494400000,"Trading_Strategy":"MA5&MA10^MA5&MA15","Transaction_Type":1,"Stock_price":14.6037054062,"Transaction_amount":18000.0,"Return_money":null,"Rate_of_Return":null},{"Date":1348704000000,"Trading_Strategy":"MA5&MA10^MA5&MA15","Transaction_Type":-1,"Stock_price":14.3733615875,"Transaction_amount":18000.0,"Return_money":-283,"Rate_of_Return":-0.0157222222},{"Date":1350432000000,"Trading_Strategy":"MA5&MA10^MA5&MA15","Transaction_Type":1,"Stock_price":14.4194307327,"Transaction_amount":18000.0,"Return_money":null,"Rate_of_Return":null},{"Date":1351209600000,"Trading_Strategy":"MA5&MA10^MA5&MA15","Transaction_Type":-1,"Stock_price":13.7744722366,"Transaction_amount":18000.0,"Return_money":-805,"Rate_of_Return":-0.0447222222},{"Date":1351814400000,"Trading_Strategy":"MA5&MA10^MA5&MA15","Transaction_Type":1,"Stock_price":14.8340473175,"Transaction_amount":18000.0,"Return_money":null,"Rate_of_Return":null},{"Date":1352937600000,"Trading_Strategy":"MA5&MA10^MA5&MA15","Transaction_Type":-1,"Stock_price":14.2812252045,"Transaction_amount":18000.0,"Return_money":-670,"Rate_of_Return":-0.0372222222},{"Date":1353628800000,"Trading_Strategy":"MA5&MA10^MA5&MA15","Transaction_Type":1,"Stock_price":14.7419099808,"Transaction_amount":18000.0,"Return_money":null,"Rate_of_Return":null},{"Date":1356048000000,"Trading_Strategy":"MA5&MA10^MA5&MA15","Transaction_Type":-1,"Stock_price":15.5711431503,"Transaction_amount":18000.0,"Return_money":1012,"Rate_of_Return":0.0562222222},{"Date":1287619200000,"Trading_Strategy":"MA5&MA15^STOCH","Transaction_Type":1,"Stock_price":19.516456604,"Transaction_amount":1000.0,"Return_money":null,"Rate_of_Return":null},{"Date":1288224000000,"Trading_Strategy":"MA5&MA15^STOCH","Transaction_Type":-1,"Stock_price":21.7361392975,"Transaction_amount":1000.0,"Return_money":113,"Rate_of_Return":0.113},{"Date":1290470400000,"Trading_Strategy":"MA5&MA15^STOCH","Transaction_Type":1,"Stock_price":22.2805900574,"Transaction_amount":1000.0,"Return_money":null,"Rate_of_Return":null},{"Date":1290643200000,"Trading_Strategy":"MA5&MA15^STOCH","Transaction_Type":-1,"Stock_price":22.0293045044,"Transaction_amount":1000.0,"Return_money":-11,"Rate_of_Return":-0.011},{"Date":1292198400000,"Trading_Strategy":"MA5&MA15^STOCH","Transaction_Type":1,"Stock_price":22.1130657196,"Transaction_amount":1000.0,"Return_money":null,"Rate_of_Return":null},{"Date":1294963200000,"Trading_Strategy":"MA5&MA15^STOCH","Transaction_Type":-1,"Stock_price":25.0447235107,"Transaction_amount":1000.0,"Return_money":132,"Rate_of_Return":0.132},{"Date":1296172800000,"Trading_Strategy":"MA5&MA15^STOCH","Transaction_Type":1,"Stock_price":25.5472927094,"Transaction_amount":1000.0,"Return_money":null,"Rate_of_Return":null},{"Date":1297123200000,"Trading_Strategy":"MA5&MA15^STOCH","Transaction_Type":-1,"Stock_price":25.0447235107,"Transaction_amount":1000.0,"Return_money":-19,"Rate_of_Return":-0.019},{"Date":1301011200000,"Trading_Strategy":"MA5&MA15^STOCH","Transaction_Type":1,"Stock_price":20.689119339,"Transaction_amount":1000.0,"Return_money":null,"Rate_of_Return":null},{"Date":1303862400000,"Trading_Strategy":"MA5&MA15^STOCH","Transaction_Type":-1,"Stock_price":22.9088020325,"Transaction_amount":1000.0,"Return_money":107,"Rate_of_Return":0.107},{"Date":1306972800000,"Trading_Strategy":"MA5&MA15^STOCH","Transaction_Type":1,"Stock_price":21.4429721832,"Transaction_amount":1000.0,"Return_money":null,"Rate_of_Return":null},{"Date":1313625600000,"Trading_Strategy":"MA5&MA15^STOCH","Transaction_Type":-1,"Stock_price":15.2027330399,"Transaction_amount":1000.0,"Return_money":-291,"Rate_of_Return":-0.291},{"Date":1314057600000,"Trading_Strategy":"MA5&MA15^STOCH","Transaction_Type":1,"Stock_price":15.7471828461,"Transaction_amount":1000.0,"Return_money":null,"Rate_of_Return":null},{"Date":1318809600000,"Trading_Strategy":"MA5&MA15^STOCH","Transaction_Type":-1,"Stock_price":15.7093477249,"Transaction_amount":1000.0,"Return_money":-2,"Rate_of_Return":-0.002},{"Date":1324857600000,"Trading_Strategy":"MA5&MA15^STOCH","Transaction_Type":1,"Stock_price":13.4980611801,"Transaction_amount":1000.0,"Return_money":null,"Rate_of_Return":null},{"Date":1325030400000,"Trading_Strategy":"MA5&MA15^STOCH","Transaction_Type":-1,"Stock_price":14.3272943497,"Transaction_amount":1000.0,"Return_money":61,"Rate_of_Return":0.061},{"Date":1328054400000,"Trading_Strategy":"MA5&MA15^STOCH","Transaction_Type":1,"Stock_price":16.0318279266,"Transaction_amount":1000.0,"Return_money":null,"Rate_of_Return":null},{"Date":1328659200000,"Trading_Strategy":"MA5&MA15^STOCH","Transaction_Type":-1,"Stock_price":17.598154068,"Transaction_amount":1000.0,"Return_money":97,"Rate_of_Return":0.097},{"Date":1336089600000,"Trading_Strategy":"MA5&MA15^STOCH","Transaction_Type":1,"Stock_price":17.0914020538,"Transaction_amount":1000.0,"Return_money":null,"Rate_of_Return":null},{"Date":1339977600000,"Trading_Strategy":"MA5&MA15^STOCH","Transaction_Type":-1,"Stock_price":14.3733615875,"Transaction_amount":1000.0,"Return_money":-159,"Rate_of_Return":-0.159},{"Date":1343779200000,"Trading_Strategy":"MA5&MA15^STOCH","Transaction_Type":1,"Stock_price":15.6632785797,"Transaction_amount":1000.0,"Return_money":null,"Rate_of_Return":null},{"Date":1343952000000,"Trading_Strategy":"MA5&MA15^STOCH","Transaction_Type":-1,"Stock_price":15.4329366684,"Transaction_amount":1000.0,"Return_money":-14,"Rate_of_Return":-0.014},{"Date":1347926400000,"Trading_Strategy":"MA5&MA15^STOCH","Transaction_Type":1,"Stock_price":15.3408002853,"Transaction_amount":1000.0,"Return_money":null,"Rate_of_Return":null},{"Date":1350604800000,"Trading_Strategy":"MA5&MA15^STOCH","Transaction_Type":-1,"Stock_price":14.649772644,"Transaction_amount":1000.0,"Return_money":-45,"Rate_of_Return":-0.045},{"Date":1352073600000,"Trading_Strategy":"MA5&MA15^STOCH","Transaction_Type":1,"Stock_price":15.2025947571,"Transaction_amount":1000.0,"Return_money":null,"Rate_of_Return":null},{"Date":1352332800000,"Trading_Strategy":"MA5&MA15^STOCH","Transaction_Type":-1,"Stock_price":15.0183210373,"Transaction_amount":1000.0,"Return_money":-12,"Rate_of_Return":-0.012},{"Date":1353974400000,"Trading_Strategy":"MA5&MA15^STOCH","Transaction_Type":1,"Stock_price":15.2947320938,"Transaction_amount":1000.0,"Return_money":null,"Rate_of_Return":null},{"Date":1354147200000,"Trading_Strategy":"MA5&MA15^STOCH","Transaction_Type":-1,"Stock_price":15.4329366684,"Transaction_amount":1000.0,"Return_money":9,"Rate_of_Return":0.009},{"Date":1287619200000,"Trading_Strategy":"MA5&MA15^MA5&MA15","Transaction_Type":1,"Stock_price":19.516456604,"Transaction_amount":1000.0,"Return_money":null,"Rate_of_Return":null},{"Date":1289433600000,"Trading_Strategy":"MA5&MA15^MA5&MA15","Transaction_Type":-1,"Stock_price":20.2703113556,"Transaction_amount":1000.0,"Return_money":38,"Rate_of_Return":0.038},{"Date":1290470400000,"Trading_Strategy":"MA5&MA15^MA5&MA15","Transaction_Type":1,"Stock_price":22.2805900574,"Transaction_amount":1000.0,"Return_money":null,"Rate_of_Return":null},{"Date":1291852800000,"Trading_Strategy":"MA5&MA15^MA5&MA15","Transaction_Type":-1,"Stock_price":21.6523761749,"Transaction_amount":1000.0,"Return_money":-28,"Rate_of_Return":-0.028},{"Date":1292198400000,"Trading_Strategy":"MA5&MA15^MA5&MA15","Transaction_Type":1,"Stock_price":22.1130657196,"Transaction_amount":1000.0,"Return_money":null,"Rate_of_Return":null},{"Date":1295308800000,"Trading_Strategy":"MA5&MA15^MA5&MA15","Transaction_Type":-1,"Stock_price":24.7515563965,"Transaction_amount":1000.0,"Return_money":119,"Rate_of_Return":0.119},{"Date":1296172800000,"Trading_Strategy":"MA5&MA15^MA5&MA15","Transaction_Type":1,"Stock_price":25.5472927094,"Transaction_amount":1000.0,"Return_money":null,"Rate_of_Return":null},{"Date":1297641600000,"Trading_Strategy":"MA5&MA15^MA5&MA15","Transaction_Type":-1,"Stock_price":24.7934379578,"Transaction_amount":1000.0,"Return_money":-29,"Rate_of_Return":-0.029},{"Date":1301011200000,"Trading_Strategy":"MA5&MA15^MA5&MA15","Transaction_Type":1,"Stock_price":20.689119339,"Transaction_amount":1000.0,"Return_money":null,"Rate_of_Return":null},{"Date":1305504000000,"Trading_Strategy":"MA5&MA15^MA5&MA15","Transaction_Type":-1,"Stock_price":22.2805900574,"Transaction_amount":1000.0,"Return_money":76,"Rate_of_Return":0.076},{"Date":1306972800000,"Trading_Strategy":"MA5&MA15^MA5&MA15","Transaction_Type":1,"Stock_price":21.4429721832,"Transaction_amount":1000.0,"Return_money":null,"Rate_of_Return":null},{"Date":1307404800000,"Trading_Strategy":"MA5&MA15^MA5&MA15","Transaction_Type":-1,"Stock_price":21.1498088837,"Transaction_amount":1000.0,"Return_money":-13,"Rate_of_Return":-0.013},{"Date":1309737600000,"Trading_Strategy":"MA5&MA15^MA5&MA15","Transaction_Type":1,"Stock_price":19.1814098358,"Transaction_amount":1000.0,"Return_money":null,"Rate_of_Return":null},{"Date":1309996800000,"Trading_Strategy":"MA5&MA15^MA5&MA15","Transaction_Type":-1,"Stock_price":18.8044834137,"Transaction_amount":1000.0,"Return_money":-19,"Rate_of_Return":-0.019},{"Date":1314057600000,"Trading_Strategy":"MA5&MA15^MA5&MA15","Transaction_Type":1,"Stock_price":15.7471828461,"Transaction_amount":1000.0,"Return_money":null,"Rate_of_Return":null},{"Date":1315180800000,"Trading_Strategy":"MA5&MA15^MA5&MA15","Transaction_Type":-1,"Stock_price":14.649772644,"Transaction_amount":1000.0,"Return_money":-69,"Rate_of_Return":-0.069},{"Date":1317340800000,"Trading_Strategy":"MA5&MA15^MA5&MA15","Transaction_Type":1,"Stock_price":14.3733615875,"Transaction_amount":1000.0,"Return_money":null,"Rate_of_Return":null},{"Date":1317772800000,"Trading_Strategy":"MA5&MA15^MA5&MA15","Transaction_Type":-1,"Stock_price":13.5901975632,"Transaction_amount":1000.0,"Return_money":-54,"Rate_of_Return":-0.054},{"Date":1318377600000,"Trading_Strategy":"MA5&MA15^MA5&MA15","Transaction_Type":1,"Stock_price":14.4194307327,"Transaction_amount":1000.0,"Return_money":null,"Rate_of_Return":null},{"Date":1320019200000,"Trading_Strategy":"MA5&MA15^MA5&MA15","Transaction_Type":-1,"Stock_price":15.2947320938,"Transaction_amount":1000.0,"Return_money":60,"Rate_of_Return":0.06},{"Date":1324857600000,"Trading_Strategy":"MA5&MA15^MA5&MA15","Transaction_Type":1,"Stock_price":13.4980611801,"Transaction_amount":1000.0,"Return_money":null,"Rate_of_Return":null},{"Date":1327968000000,"Trading_Strategy":"MA5&MA15^MA5&MA15","Transaction_Type":-1,"Stock_price":15.2486629486,"Transaction_amount":1000.0,"Return_money":129,"Rate_of_Return":0.129},{"Date":1328054400000,"Trading_Strategy":"MA5&MA15^MA5&MA15","Transaction_Type":1,"Stock_price":16.0318279266,"Transaction_amount":1000.0,"Return_money":null,"Rate_of_Return":null},{"Date":1332201600000,"Trading_Strategy":"MA5&MA15^MA5&MA15","Transaction_Type":-1,"Stock_price":18.381319046,"Transaction_amount":1000.0,"Return_money":146,"Rate_of_Return":0.146},{"Date":1336089600000,"Trading_Strategy":"MA5&MA15^MA5&MA15","Transaction_Type":1,"Stock_price":17.0914020538,"Transaction_amount":1000.0,"Return_money":null,"Rate_of_Return":null},{"Date":1337040000000,"Trading_Strategy":"MA5&MA15^MA5&MA15","Transaction_Type":-1,"Stock_price":14.9261837006,"Transaction_amount":1000.0,"Return_money":-126,"Rate_of_Return":-0.126},{"Date":1339632000000,"Trading_Strategy":"MA5&MA15^MA5&MA15","Transaction_Type":1,"Stock_price":13.8205413818,"Transaction_amount":1000.0,"Return_money":null,"Rate_of_Return":null},{"Date":1343088000000,"Trading_Strategy":"MA5&MA15^MA5&MA15","Transaction_Type":-1,"Stock_price":14.649772644,"Transaction_amount":1000.0,"Return_money":59,"Rate_of_Return":0.059},{"Date":1343779200000,"Trading_Strategy":"MA5&MA15^MA5&MA15","Transaction_Type":1,"Stock_price":15.6632785797,"Transaction_amount":1000.0,"Return_money":null,"Rate_of_Return":null},{"Date":1345507200000,"Trading_Strategy":"MA5&MA15^MA5&MA15","Transaction_Type":-1,"Stock_price":15.4790058136,"Transaction_amount":1000.0,"Return_money":-11,"Rate_of_Return":-0.011},{"Date":1347926400000,"Trading_Strategy":"MA5&MA15^MA5&MA15","Transaction_Type":1,"Stock_price":15.3408002853,"Transaction_amount":1000.0,"Return_money":null,"Rate_of_Return":null},{"Date":1348704000000,"Trading_Strategy":"MA5&MA15^MA5&MA15","Transaction_Type":-1,"Stock_price":14.3733615875,"Transaction_amount":1000.0,"Return_money":-63,"Rate_of_Return":-0.063},{"Date":1350518400000,"Trading_Strategy":"MA5&MA15^MA5&MA15","Transaction_Type":1,"Stock_price":14.6037054062,"Transaction_amount":1000.0,"Return_money":null,"Rate_of_Return":null},{"Date":1351209600000,"Trading_Strategy":"MA5&MA15^MA5&MA15","Transaction_Type":-1,"Stock_price":13.7744722366,"Transaction_amount":1000.0,"Return_money":-56,"Rate_of_Return":-0.056},{"Date":1352073600000,"Trading_Strategy":"MA5&MA15^MA5&MA15","Transaction_Type":1,"Stock_price":15.2025947571,"Transaction_amount":1000.0,"Return_money":null,"Rate_of_Return":null},{"Date":1352937600000,"Trading_Strategy":"MA5&MA15^MA5&MA15","Transaction_Type":-1,"Stock_price":14.2812252045,"Transaction_amount":1000.0,"Return_money":-60,"Rate_of_Return":-0.06},{"Date":1353974400000,"Trading_Strategy":"MA5&MA15^MA5&MA15","Transaction_Type":1,"Stock_price":15.2947320938,"Transaction_amount":1000.0,"Return_money":null,"Rate_of_Return":null},{"Date":1356048000000,"Trading_Strategy":"MA5&MA15^MA5&MA15","Transaction_Type":-1,"Stock_price":15.5711431503,"Transaction_amount":1000.0,"Return_money":18,"Rate_of_Return":0.018},{"Date":1287619200000,"Trading_Strategy":"MA5&MA15^MA10&MA15","Transaction_Type":1,"Stock_price":19.516456604,"Transaction_amount":1000.0,"Return_money":null,"Rate_of_Return":null},{"Date":1289520000000,"Trading_Strategy":"MA5&MA15^MA10&MA15","Transaction_Type":-1,"Stock_price":19.8933849335,"Transaction_amount":1000.0,"Return_money":19,"Rate_of_Return":0.019},{"Date":1290470400000,"Trading_Strategy":"MA5&MA15^MA10&MA15","Transaction_Type":1,"Stock_price":22.2805900574,"Transaction_amount":1000.0,"Return_money":null,"Rate_of_Return":null},{"Date":1291766400000,"Trading_Strategy":"MA5&MA15^MA10&MA15","Transaction_Type":-1,"Stock_price":21.3592128754,"Transaction_amount":1000.0,"Return_money":-41,"Rate_of_Return":-0.041},{"Date":1292198400000,"Trading_Strategy":"MA5&MA15^MA10&MA15","Transaction_Type":1,"Stock_price":22.1130657196,"Transaction_amount":1000.0,"Return_money":null,"Rate_of_Return":null},{"Date":1295222400000,"Trading_Strategy":"MA5&MA15^MA10&MA15","Transaction_Type":-1,"Stock_price":23.955821991,"Transaction_amount":1000.0,"Return_money":83,"Rate_of_Return":0.083},{"Date":1296172800000,"Trading_Strategy":"MA5&MA15^MA10&MA15","Transaction_Type":1,"Stock_price":25.5472927094,"Transaction_amount":1000.0,"Return_money":null,"Rate_of_Return":null},{"Date":1297900800000,"Trading_Strategy":"MA5&MA15^MA10&MA15","Transaction_Type":-1,"Stock_price":22.783159256,"Transaction_amount":1000.0,"Return_money":-108,"Rate_of_Return":-0.108},{"Date":1301011200000,"Trading_Strategy":"MA5&MA15^MA10&MA15","Transaction_Type":1,"Stock_price":20.689119339,"Transaction_amount":1000.0,"Return_money":null,"Rate_of_Return":null},{"Date":1305849600000,"Trading_Strategy":"MA5&MA15^MA10&MA15","Transaction_Type":-1,"Stock_price":21.3592128754,"Transaction_amount":1000.0,"Return_money":32,"Rate_of_Return":0.032},{"Date":1306972800000,"Trading_Strategy":"MA5&MA15^MA10&MA15","Transaction_Type":1,"Stock_price":21.4429721832,"Transaction_amount":1000.0,"Return_money":null,"Rate_of_Return":null},{"Date":1307923200000,"Trading_Strategy":"MA5&MA15^MA10&MA15","Transaction_Type":-1,"Stock_price":20.2284297943,"Transaction_amount":1000.0,"Return_money":-56,"Rate_of_Return":-0.056},{"Date":1309737600000,"Trading_Strategy":"MA5&MA15^MA10&MA15","Transaction_Type":1,"Stock_price":19.1814098358,"Transaction_amount":1000.0,"Return_money":null,"Rate_of_Return":null},{"Date":1310601600000,"Trading_Strategy":"MA5&MA15^MA10&MA15","Transaction_Type":-1,"Stock_price":17.5061779022,"Transaction_amount":1000.0,"Return_money":-87,"Rate_of_Return":-0.087},{"Date":1314057600000,"Trading_Strategy":"MA5&MA15^MA10&MA15","Transaction_Type":1,"Stock_price":15.7471828461,"Transaction_amount":1000.0,"Return_money":null,"Rate_of_Return":null},{"Date":1315267200000,"Trading_Strategy":"MA5&MA15^MA10&MA15","Transaction_Type":-1,"Stock_price":14.1890878677,"Transaction_amount":1000.0,"Return_money":-98,"Rate_of_Return":-0.098},{"Date":1317340800000,"Trading_Strategy":"MA5&MA15^MA10&MA15","Transaction_Type":1,"Stock_price":14.3733615875,"Transaction_amount":1000.0,"Return_money":null,"Rate_of_Return":null},{"Date":1320192000000,"Trading_Strategy":"MA5&MA15^MA10&MA15","Transaction_Type":-1,"Stock_price":15.2486629486,"Transaction_amount":1000.0,"Return_money":60,"Rate_of_Return":0.06},{"Date":1324857600000,"Trading_Strategy":"MA5&MA15^MA10&MA15","Transaction_Type":1,"Stock_price":13.4980611801,"Transaction_amount":1000.0,"Return_money":null,"Rate_of_Return":null},{"Date":1331856000000,"Trading_Strategy":"MA5&MA15^MA10&MA15","Transaction_Type":-1,"Stock_price":18.4734554291,"Transaction_amount":1000.0,"Return_money":368,"Rate_of_Return":0.368},{"Date":1336089600000,"Trading_Strategy":"MA5&MA15^MA10&MA15","Transaction_Type":1,"Stock_price":17.0914020538,"Transaction_amount":1000.0,"Return_money":null,"Rate_of_Return":null},{"Date":1337126400000,"Trading_Strategy":"MA5&MA15^MA10&MA15","Transaction_Type":-1,"Stock_price":14.7419099808,"Transaction_amount":1000.0,"Return_money":-137,"Rate_of_Return":-0.137},{"Date":1339632000000,"Trading_Strategy":"MA5&MA15^MA10&MA15","Transaction_Type":1,"Stock_price":13.8205413818,"Transaction_amount":1000.0,"Return_money":null,"Rate_of_Return":null},{"Date":1342742400000,"Trading_Strategy":"MA5&MA15^MA10&MA15","Transaction_Type":-1,"Stock_price":15.1565256119,"Transaction_amount":1000.0,"Return_money":96,"Rate_of_Return":0.096},{"Date":1343779200000,"Trading_Strategy":"MA5&MA15^MA10&MA15","Transaction_Type":1,"Stock_price":15.6632785797,"Transaction_amount":1000.0,"Return_money":null,"Rate_of_Return":null},{"Date":1345680000000,"Trading_Strategy":"MA5&MA15^MA10&MA15","Transaction_Type":-1,"Stock_price":15.3868694305,"Transaction_amount":1000.0,"Return_money":-17,"Rate_of_Return":-0.017},{"Date":1347926400000,"Trading_Strategy":"MA5&MA15^MA10&MA15","Transaction_Type":1,"Stock_price":15.3408002853,"Transaction_amount":1000.0,"Return_money":null,"Rate_of_Return":null},{"Date":1349136000000,"Trading_Strategy":"MA5&MA15^MA10&MA15","Transaction_Type":-1,"Stock_price":14.557636261,"Transaction_amount":1000.0,"Return_money":-51,"Rate_of_Return":-0.051},{"Date":1350518400000,"Trading_Strategy":"MA5&MA15^MA10&MA15","Transaction_Type":1,"Stock_price":14.6037054062,"Transaction_amount":1000.0,"Return_money":null,"Rate_of_Return":null},{"Date":1351555200000,"Trading_Strategy":"MA5&MA15^MA10&MA15","Transaction_Type":-1,"Stock_price":14.0048151016,"Transaction_amount":1000.0,"Return_money":-41,"Rate_of_Return":-0.041},{"Date":1352073600000,"Trading_Strategy":"MA5&MA15^MA10&MA15","Transaction_Type":1,"Stock_price":15.2025947571,"Transaction_amount":1000.0,"Return_money":null,"Rate_of_Return":null},{"Date":1353369600000,"Trading_Strategy":"MA5&MA15^MA10&MA15","Transaction_Type":-1,"Stock_price":14.557636261,"Transaction_amount":1000.0,"Return_money":-42,"Rate_of_Return":-0.042},{"Date":1353974400000,"Trading_Strategy":"MA5&MA15^MA10&MA15","Transaction_Type":1,"Stock_price":15.2947320938,"Transaction_amount":1000.0,"Return_money":null,"Rate_of_Return":null},{"Date":1356393600000,"Trading_Strategy":"MA5&MA15^MA10&MA15","Transaction_Type":-1,"Stock_price":16.0778961182,"Transaction_amount":1000.0,"Return_money":51,"Rate_of_Return":0.051},{"Date":1287619200000,"Trading_Strategy":"MA5&MA15^MA10&MA30","Transaction_Type":1,"Stock_price":19.516456604,"Transaction_amount":1000.0,"Return_money":null,"Rate_of_Return":null},{"Date":1297296000000,"Trading_Strategy":"MA5&MA15^MA10&MA30","Transaction_Type":-1,"Stock_price":24.835319519,"Transaction_amount":1000.0,"Return_money":272,"Rate_of_Return":0.272},{"Date":1301011200000,"Trading_Strategy":"MA5&MA15^MA10&MA30","Transaction_Type":1,"Stock_price":20.689119339,"Transaction_amount":1000.0,"Return_money":null,"Rate_of_Return":null},{"Date":1306195200000,"Trading_Strategy":"MA5&MA15^MA10&MA30","Transaction_Type":-1,"Stock_price":21.5686168671,"Transaction_amount":1000.0,"Return_money":42,"Rate_of_Return":0.042},{"Date":1306972800000,"Trading_Strategy":"MA5&MA15^MA10&MA30","Transaction_Type":1,"Stock_price":21.4429721832,"Transaction_amount":1000.0,"Return_money":null,"Rate_of_Return":null},{"Date":1321228800000,"Trading_Strategy":"MA5&MA15^MA10&MA30","Transaction_Type":-1,"Stock_price":14.4654989243,"Transaction_amount":1000.0,"Return_money":-325,"Rate_of_Return":-0.325},{"Date":1324857600000,"Trading_Strategy":"MA5&MA15^MA10&MA30","Transaction_Type":1,"Stock_price":13.4980611801,"Transaction_amount":1000.0,"Return_money":null,"Rate_of_Return":null},{"Date":1333324800000,"Trading_Strategy":"MA5&MA15^MA10&MA30","Transaction_Type":-1,"Stock_price":18.058839798,"Transaction_amount":1000.0,"Return_money":337,"Rate_of_Return":0.337},{"Date":1336089600000,"Trading_Strategy":"MA5&MA15^MA10&MA30","Transaction_Type":1,"Stock_price":17.0914020538,"Transaction_amount":1000.0,"Return_money":null,"Rate_of_Return":null},{"Date":1346198400000,"Trading_Strategy":"MA5&MA15^MA10&MA30","Transaction_Type":-1,"Stock_price":15.110458374,"Transaction_amount":1000.0,"Return_money":-115,"Rate_of_Return":-0.115},{"Date":1347926400000,"Trading_Strategy":"MA5&MA15^MA10&MA30","Transaction_Type":1,"Stock_price":15.3408002853,"Transaction_amount":1000.0,"Return_money":null,"Rate_of_Return":null},{"Date":1349049600000,"Trading_Strategy":"MA5&MA15^MA10&MA30","Transaction_Type":-1,"Stock_price":14.4194307327,"Transaction_amount":1000.0,"Return_money":-60,"Rate_of_Return":-0.06},{"Date":1350518400000,"Trading_Strategy":"MA5&MA15^MA10&MA30","Transaction_Type":1,"Stock_price":14.6037054062,"Transaction_amount":1000.0,"Return_money":null,"Rate_of_Return":null},{"Date":1353542400000,"Trading_Strategy":"MA5&MA15^MA10&MA30","Transaction_Type":-1,"Stock_price":14.2812252045,"Transaction_amount":1000.0,"Return_money":-22,"Rate_of_Return":-0.022},{"Date":1285286400000,"Trading_Strategy":"MA10&MA15^MACD","Transaction_Type":1,"Stock_price":18.0506286621,"Transaction_amount":18000.0,"Return_money":null,"Rate_of_Return":null},{"Date":1289260800000,"Trading_Strategy":"MA10&MA15^MACD","Transaction_Type":-1,"Stock_price":21.1079273224,"Transaction_amount":18000.0,"Return_money":3048,"Rate_of_Return":0.1693333333},{"Date":1290643200000,"Trading_Strategy":"MA10&MA15^MACD","Transaction_Type":1,"Stock_price":22.0293045044,"Transaction_amount":18000.0,"Return_money":null,"Rate_of_Return":null},{"Date":1291334400000,"Trading_Strategy":"MA10&MA15^MACD","Transaction_Type":-1,"Stock_price":21.3592128754,"Transaction_amount":18000.0,"Return_money":-547,"Rate_of_Return":-0.0303888889},{"Date":1292284800000,"Trading_Strategy":"MA10&MA15^MACD","Transaction_Type":1,"Stock_price":22.2387084961,"Transaction_amount":18000.0,"Return_money":null,"Rate_of_Return":null},{"Date":1294358400000,"Trading_Strategy":"MA10&MA15^MACD","Transaction_Type":-1,"Stock_price":24.6259155273,"Transaction_amount":18000.0,"Return_money":1932,"Rate_of_Return":0.1073333333},{"Date":1297382400000,"Trading_Strategy":"MA10&MA15^MACD","Transaction_Type":1,"Stock_price":23.5370140076,"Transaction_amount":18000.0,"Return_money":null,"Rate_of_Return":null},{"Date":1297900800000,"Trading_Strategy":"MA10&MA15^MACD","Transaction_Type":-1,"Stock_price":22.783159256,"Transaction_amount":18000.0,"Return_money":-576,"Rate_of_Return":-0.032},{"Date":1301443200000,"Trading_Strategy":"MA10&MA15^MACD","Transaction_Type":1,"Stock_price":20.7728805542,"Transaction_amount":18000.0,"Return_money":null,"Rate_of_Return":null},{"Date":1305244800000,"Trading_Strategy":"MA10&MA15^MACD","Transaction_Type":-1,"Stock_price":22.531873703,"Transaction_amount":18000.0,"Return_money":1524,"Rate_of_Return":0.0846666667},{"Date":1307577600000,"Trading_Strategy":"MA10&MA15^MACD","Transaction_Type":1,"Stock_price":21.0241641998,"Transaction_amount":18000.0,"Return_money":null,"Rate_of_Return":null},{"Date":1310601600000,"Trading_Strategy":"MA10&MA15^MACD","Transaction_Type":-1,"Stock_price":17.5061779022,"Transaction_amount":18000.0,"Return_money":-3011,"Rate_of_Return":-0.1672777778},{"Date":1314144000000,"Trading_Strategy":"MA10&MA15^MACD","Transaction_Type":1,"Stock_price":15.4121370316,"Transaction_amount":18000.0,"Return_money":null,"Rate_of_Return":null},{"Date":1315353600000,"Trading_Strategy":"MA10&MA15^MACD","Transaction_Type":-1,"Stock_price":14.5115680695,"Transaction_amount":18000.0,"Return_money":-1051,"Rate_of_Return":-0.0583888889},{"Date":1317945600000,"Trading_Strategy":"MA10&MA15^MACD","Transaction_Type":1,"Stock_price":14.0048151016,"Transaction_amount":18000.0,"Return_money":null,"Rate_of_Return":null},{"Date":1320192000000,"Trading_Strategy":"MA10&MA15^MACD","Transaction_Type":-1,"Stock_price":15.2486629486,"Transaction_amount":18000.0,"Return_money":1598,"Rate_of_Return":0.0887777778},{"Date":1323302400000,"Trading_Strategy":"MA10&MA15^MACD","Transaction_Type":1,"Stock_price":13.7284040451,"Transaction_amount":18000.0,"Return_money":null,"Rate_of_Return":null},{"Date":1324252800000,"Trading_Strategy":"MA10&MA15^MACD","Transaction_Type":-1,"Stock_price":12.6688289642,"Transaction_amount":18000.0,"Return_money":-1389,"Rate_of_Return":-0.0771666667},{"Date":1325116800000,"Trading_Strategy":"MA10&MA15^MACD","Transaction_Type":1,"Stock_price":14.2812252045,"Transaction_amount":18000.0,"Return_money":null,"Rate_of_Return":null},{"Date":1327881600000,"Trading_Strategy":"MA10&MA15^MACD","Transaction_Type":-1,"Stock_price":14.9722518921,"Transaction_amount":18000.0,"Return_money":870,"Rate_of_Return":0.0483333333},{"Date":1332288000000,"Trading_Strategy":"MA10&MA15^MACD","Transaction_Type":1,"Stock_price":18.9341411591,"Transaction_amount":18000.0,"Return_money":null,"Rate_of_Return":null},{"Date":1334102400000,"Trading_Strategy":"MA10&MA15^MACD","Transaction_Type":-1,"Stock_price":17.9667034149,"Transaction_amount":18000.0,"Return_money":-919,"Rate_of_Return":-0.0510555556},{"Date":1336348800000,"Trading_Strategy":"MA10&MA15^MACD","Transaction_Type":1,"Stock_price":16.6767864227,"Transaction_amount":18000.0,"Return_money":null,"Rate_of_Return":null},{"Date":1337040000000,"Trading_Strategy":"MA10&MA15^MACD","Transaction_Type":-1,"Stock_price":14.9261837006,"Transaction_amount":18000.0,"Return_money":-1889,"Rate_of_Return":-0.1049444444},{"Date":1339977600000,"Trading_Strategy":"MA10&MA15^MACD","Transaction_Type":1,"Stock_price":14.3733615875,"Transaction_amount":18000.0,"Return_money":null,"Rate_of_Return":null},{"Date":1343001600000,"Trading_Strategy":"MA10&MA15^MACD","Transaction_Type":-1,"Stock_price":14.787979126,"Transaction_amount":18000.0,"Return_money":519,"Rate_of_Return":0.0288333333},{"Date":1344211200000,"Trading_Strategy":"MA10&MA15^MACD","Transaction_Type":1,"Stock_price":15.9396896362,"Transaction_amount":18000.0,"Return_money":null,"Rate_of_Return":null},{"Date":1345420800000,"Trading_Strategy":"MA10&MA15^MACD","Transaction_Type":-1,"Stock_price":15.5250740051,"Transaction_amount":18000.0,"Return_money":-468,"Rate_of_Return":-0.026},{"Date":1348012800000,"Trading_Strategy":"MA10&MA15^MACD","Transaction_Type":1,"Stock_price":15.7093477249,"Transaction_amount":18000.0,"Return_money":null,"Rate_of_Return":null},{"Date":1348617600000,"Trading_Strategy":"MA10&MA15^MACD","Transaction_Type":-1,"Stock_price":14.4654989243,"Transaction_amount":18000.0,"Return_money":-1425,"Rate_of_Return":-0.0791666667},{"Date":1350864000000,"Trading_Strategy":"MA10&MA15^MACD","Transaction_Type":1,"Stock_price":14.557636261,"Transaction_amount":18000.0,"Return_money":null,"Rate_of_Return":null},{"Date":1351209600000,"Trading_Strategy":"MA10&MA15^MACD","Transaction_Type":-1,"Stock_price":13.7744722366,"Transaction_amount":18000.0,"Return_money":-968,"Rate_of_Return":-0.0537777778},{"Date":1352332800000,"Trading_Strategy":"MA10&MA15^MACD","Transaction_Type":1,"Stock_price":15.0183210373,"Transaction_amount":18000.0,"Return_money":null,"Rate_of_Return":null},{"Date":1352851200000,"Trading_Strategy":"MA10&MA15^MACD","Transaction_Type":-1,"Stock_price":14.2351570129,"Transaction_amount":18000.0,"Return_money":-938,"Rate_of_Return":-0.0521111111},{"Date":1354060800000,"Trading_Strategy":"MA10&MA15^MACD","Transaction_Type":1,"Stock_price":15.1565256119,"Transaction_amount":18000.0,"Return_money":null,"Rate_of_Return":null},{"Date":1355788800000,"Trading_Strategy":"MA10&MA15^MACD","Transaction_Type":-1,"Stock_price":15.8475532532,"Transaction_amount":18000.0,"Return_money":820,"Rate_of_Return":0.0455555556},{"Date":1285286400000,"Trading_Strategy":"MA10&MA15^STOCH","Transaction_Type":1,"Stock_price":18.0506286621,"Transaction_amount":1000.0,"Return_money":null,"Rate_of_Return":null},{"Date":1288224000000,"Trading_Strategy":"MA10&MA15^STOCH","Transaction_Type":-1,"Stock_price":21.7361392975,"Transaction_amount":1000.0,"Return_money":204,"Rate_of_Return":0.204},{"Date":1290643200000,"Trading_Strategy":"MA10&MA15^STOCH","Transaction_Type":1,"Stock_price":22.0293045044,"Transaction_amount":1000.0,"Return_money":null,"Rate_of_Return":null},{"Date":1294963200000,"Trading_Strategy":"MA10&MA15^STOCH","Transaction_Type":-1,"Stock_price":25.0447235107,"Transaction_amount":1000.0,"Return_money":136,"Rate_of_Return":0.136},{"Date":1297382400000,"Trading_Strategy":"MA10&MA15^STOCH","Transaction_Type":1,"Stock_price":23.5370140076,"Transaction_amount":1000.0,"Return_money":null,"Rate_of_Return":null},{"Date":1300924800000,"Trading_Strategy":"MA10&MA15^STOCH","Transaction_Type":-1,"Stock_price":20.8566417694,"Transaction_amount":1000.0,"Return_money":-113,"Rate_of_Return":-0.113},{"Date":1301443200000,"Trading_Strategy":"MA10&MA15^STOCH","Transaction_Type":1,"Stock_price":20.7728805542,"Transaction_amount":1000.0,"Return_money":null,"Rate_of_Return":null},{"Date":1303862400000,"Trading_Strategy":"MA10&MA15^STOCH","Transaction_Type":-1,"Stock_price":22.9088020325,"Transaction_amount":1000.0,"Return_money":102,"Rate_of_Return":0.102},{"Date":1307577600000,"Trading_Strategy":"MA10&MA15^STOCH","Transaction_Type":1,"Stock_price":21.0241641998,"Transaction_amount":1000.0,"Return_money":null,"Rate_of_Return":null},{"Date":1313625600000,"Trading_Strategy":"MA10&MA15^STOCH","Transaction_Type":-1,"Stock_price":15.2027330399,"Transaction_amount":1000.0,"Return_money":-276,"Rate_of_Return":-0.276},{"Date":1314144000000,"Trading_Strategy":"MA10&MA15^STOCH","Transaction_Type":1,"Stock_price":15.4121370316,"Transaction_amount":1000.0,"Return_money":null,"Rate_of_Return":null},{"Date":1318809600000,"Trading_Strategy":"MA10&MA15^STOCH","Transaction_Type":-1,"Stock_price":15.7093477249,"Transaction_amount":1000.0,"Return_money":19,"Rate_of_Return":0.019},{"Date":1323302400000,"Trading_Strategy":"MA10&MA15^STOCH","Transaction_Type":1,"Stock_price":13.7284040451,"Transaction_amount":1000.0,"Return_money":null,"Rate_of_Return":null},{"Date":1325030400000,"Trading_Strategy":"MA10&MA15^STOCH","Transaction_Type":-1,"Stock_price":14.3272943497,"Transaction_amount":1000.0,"Return_money":43,"Rate_of_Return":0.043},{"Date":1325116800000,"Trading_Strategy":"MA10&MA15^STOCH","Transaction_Type":1,"Stock_price":14.2812252045,"Transaction_amount":1000.0,"Return_money":null,"Rate_of_Return":null},{"Date":1328659200000,"Trading_Strategy":"MA10&MA15^STOCH","Transaction_Type":-1,"Stock_price":17.598154068,"Transaction_amount":1000.0,"Return_money":232,"Rate_of_Return":0.232},{"Date":1332288000000,"Trading_Strategy":"MA10&MA15^STOCH","Transaction_Type":1,"Stock_price":18.9341411591,"Transaction_amount":1000.0,"Return_money":null,"Rate_of_Return":null},{"Date":1339977600000,"Trading_Strategy":"MA10&MA15^STOCH","Transaction_Type":-1,"Stock_price":14.3733615875,"Transaction_amount":1000.0,"Return_money":-240,"Rate_of_Return":-0.24},{"Date":1344211200000,"Trading_Strategy":"MA10&MA15^STOCH","Transaction_Type":1,"Stock_price":15.9396896362,"Transaction_amount":1000.0,"Return_money":null,"Rate_of_Return":null},{"Date":1344470400000,"Trading_Strategy":"MA10&MA15^STOCH","Transaction_Type":-1,"Stock_price":16.4003753662,"Transaction_amount":1000.0,"Return_money":28,"Rate_of_Return":0.028},{"Date":1348012800000,"Trading_Strategy":"MA10&MA15^STOCH","Transaction_Type":1,"Stock_price":15.7093477249,"Transaction_amount":1000.0,"Return_money":null,"Rate_of_Return":null},{"Date":1350604800000,"Trading_Strategy":"MA10&MA15^STOCH","Transaction_Type":-1,"Stock_price":14.649772644,"Transaction_amount":1000.0,"Return_money":-67,"Rate_of_Return":-0.067},{"Date":1350864000000,"Trading_Strategy":"MA10&MA15^STOCH","Transaction_Type":1,"Stock_price":14.557636261,"Transaction_amount":1000.0,"Return_money":null,"Rate_of_Return":null},{"Date":1352332800000,"Trading_Strategy":"MA10&MA15^STOCH","Transaction_Type":-1,"Stock_price":15.0183210373,"Transaction_amount":1000.0,"Return_money":31,"Rate_of_Return":0.031},{"Date":1354060800000,"Trading_Strategy":"MA10&MA15^STOCH","Transaction_Type":1,"Stock_price":15.1565256119,"Transaction_amount":1000.0,"Return_money":null,"Rate_of_Return":null},{"Date":1354147200000,"Trading_Strategy":"MA10&MA15^STOCH","Transaction_Type":-1,"Stock_price":15.4329366684,"Transaction_amount":1000.0,"Return_money":18,"Rate_of_Return":0.018},{"Date":1285286400000,"Trading_Strategy":"MA10&MA15^MA5&MA30","Transaction_Type":1,"Stock_price":18.0506286621,"Transaction_amount":1000.0,"Return_money":null,"Rate_of_Return":null},{"Date":1289865600000,"Trading_Strategy":"MA10&MA15^MA5&MA30","Transaction_Type":-1,"Stock_price":19.4745750427,"Transaction_amount":1000.0,"Return_money":78,"Rate_of_Return":0.078},{"Date":1290643200000,"Trading_Strategy":"MA10&MA15^MA5&MA30","Transaction_Type":1,"Stock_price":22.0293045044,"Transaction_amount":1000.0,"Return_money":null,"Rate_of_Return":null},{"Date":1297382400000,"Trading_Strategy":"MA10&MA15^MA5&MA30","Transaction_Type":-1,"Stock_price":23.5370140076,"Transaction_amount":1000.0,"Return_money":68,"Rate_of_Return":0.068},{"Date":1301443200000,"Trading_Strategy":"MA10&MA15^MA5&MA30","Transaction_Type":1,"Stock_price":20.7728805542,"Transaction_amount":1000.0,"Return_money":null,"Rate_of_Return":null},{"Date":1305849600000,"Trading_Strategy":"MA10&MA15^MA5&MA30","Transaction_Type":-1,"Stock_price":21.3592128754,"Transaction_amount":1000.0,"Return_money":28,"Rate_of_Return":0.028},{"Date":1307577600000,"Trading_Strategy":"MA10&MA15^MA5&MA30","Transaction_Type":1,"Stock_price":21.0241641998,"Transaction_amount":1000.0,"Return_money":null,"Rate_of_Return":null},{"Date":1320883200000,"Trading_Strategy":"MA10&MA15^MA5&MA30","Transaction_Type":-1,"Stock_price":14.0048151016,"Transaction_amount":1000.0,"Return_money":-333,"Rate_of_Return":-0.333},{"Date":1323302400000,"Trading_Strategy":"MA10&MA15^MA5&MA30","Transaction_Type":1,"Stock_price":13.7284040451,"Transaction_amount":1000.0,"Return_money":null,"Rate_of_Return":null},{"Date":1332979200000,"Trading_Strategy":"MA10&MA15^MA5&MA30","Transaction_Type":-1,"Stock_price":18.3352508545,"Transaction_amount":1000.0,"Return_money":335,"Rate_of_Return":0.335},{"Date":1336348800000,"Trading_Strategy":"MA10&MA15^MA5&MA30","Transaction_Type":1,"Stock_price":16.6767864227,"Transaction_amount":1000.0,"Return_money":null,"Rate_of_Return":null},{"Date":1343347200000,"Trading_Strategy":"MA10&MA15^MA5&MA30","Transaction_Type":-1,"Stock_price":14.7419099808,"Transaction_amount":1000.0,"Return_money":-116,"Rate_of_Return":-0.116},{"Date":1344211200000,"Trading_Strategy":"MA10&MA15^MA5&MA30","Transaction_Type":1,"Stock_price":15.9396896362,"Transaction_amount":1000.0,"Return_money":null,"Rate_of_Return":null},{"Date":1345766400000,"Trading_Strategy":"MA10&MA15^MA5&MA30","Transaction_Type":-1,"Stock_price":15.4790058136,"Transaction_amount":1000.0,"Return_money":-28,"Rate_of_Return":-0.028},{"Date":1348012800000,"Trading_Strategy":"MA10&MA15^MA5&MA30","Transaction_Type":1,"Stock_price":15.7093477249,"Transaction_amount":1000.0,"Return_money":null,"Rate_of_Return":null},{"Date":1348617600000,"Trading_Strategy":"MA10&MA15^MA5&MA30","Transaction_Type":-1,"Stock_price":14.4654989243,"Transaction_amount":1000.0,"Return_money":-79,"Rate_of_Return":-0.079},{"Date":1350864000000,"Trading_Strategy":"MA10&MA15^MA5&MA30","Transaction_Type":1,"Stock_price":14.557636261,"Transaction_amount":1000.0,"Return_money":null,"Rate_of_Return":null},{"Date":1353024000000,"Trading_Strategy":"MA10&MA15^MA5&MA30","Transaction_Type":-1,"Stock_price":14.4654989243,"Transaction_amount":1000.0,"Return_money":-6,"Rate_of_Return":-0.006},{"Date":1302652800000,"Trading_Strategy":"MA10&MA30^STOCH","Transaction_Type":1,"Stock_price":21.4848537445,"Transaction_amount":12500.0,"Return_money":null,"Rate_of_Return":null},{"Date":1303862400000,"Trading_Strategy":"MA10&MA30^STOCH","Transaction_Type":-1,"Stock_price":22.9088020325,"Transaction_amount":12500.0,"Return_money":828,"Rate_of_Return":0.06624},{"Date":1318550400000,"Trading_Strategy":"MA10&MA30^STOCH","Transaction_Type":1,"Stock_price":15.3868694305,"Transaction_amount":12500.0,"Return_money":null,"Rate_of_Return":null},{"Date":1318809600000,"Trading_Strategy":"MA10&MA30^STOCH","Transaction_Type":-1,"Stock_price":15.7093477249,"Transaction_amount":12500.0,"Return_money":261,"Rate_of_Return":0.02088},{"Date":1325203200000,"Trading_Strategy":"MA10&MA30^STOCH","Transaction_Type":1,"Stock_price":14.096950531,"Transaction_amount":12500.0,"Return_money":null,"Rate_of_Return":null},{"Date":1328659200000,"Trading_Strategy":"MA10&MA30^STOCH","Transaction_Type":-1,"Stock_price":17.598154068,"Transaction_amount":12500.0,"Return_money":3104,"Rate_of_Return":0.24832},{"Date":1340323200000,"Trading_Strategy":"MA10&MA30^STOCH","Transaction_Type":1,"Stock_price":14.2812252045,"Transaction_amount":12500.0,"Return_money":null,"Rate_of_Return":null},{"Date":1341532800000,"Trading_Strategy":"MA10&MA30^STOCH","Transaction_Type":-1,"Stock_price":15.110458374,"Transaction_amount":12500.0,"Return_money":725,"Rate_of_Return":0.058},{"Date":1348704000000,"Trading_Strategy":"MA10&MA30^STOCH","Transaction_Type":1,"Stock_price":14.3733615875,"Transaction_amount":12500.0,"Return_money":null,"Rate_of_Return":null},{"Date":1350604800000,"Trading_Strategy":"MA10&MA30^STOCH","Transaction_Type":-1,"Stock_price":14.649772644,"Transaction_amount":12500.0,"Return_money":240,"Rate_of_Return":0.0192},{"Date":1352246400000,"Trading_Strategy":"MA10&MA30^STOCH","Transaction_Type":1,"Stock_price":15.0183210373,"Transaction_amount":12500.0,"Return_money":null,"Rate_of_Return":null},{"Date":1352332800000,"Trading_Strategy":"MA10&MA30^STOCH","Transaction_Type":-1,"Stock_price":15.0183210373,"Transaction_amount":12500.0,"Return_money":0,"Rate_of_Return":0.0},{"Date":1353974400000,"Trading_Strategy":"MA10&MA30^STOCH","Transaction_Type":1,"Stock_price":15.2947320938,"Transaction_amount":12500.0,"Return_money":null,"Rate_of_Return":null},{"Date":1354147200000,"Trading_Strategy":"MA10&MA30^STOCH","Transaction_Type":-1,"Stock_price":15.4329366684,"Transaction_amount":12500.0,"Return_money":112,"Rate_of_Return":0.00896},{"Date":1302652800000,"Trading_Strategy":"MA10&MA30^MA5&MA15","Transaction_Type":1,"Stock_price":21.4848537445,"Transaction_amount":18000.0,"Return_money":null,"Rate_of_Return":null},{"Date":1305504000000,"Trading_Strategy":"MA10&MA30^MA5&MA15","Transaction_Type":-1,"Stock_price":22.2805900574,"Transaction_amount":18000.0,"Return_money":666,"Rate_of_Return":0.037},{"Date":1318550400000,"Trading_Strategy":"MA10&MA30^MA5&MA15","Transaction_Type":1,"Stock_price":15.3868694305,"Transaction_amount":18000.0,"Return_money":null,"Rate_of_Return":null},{"Date":1320019200000,"Trading_Strategy":"MA10&MA30^MA5&MA15","Transaction_Type":-1,"Stock_price":15.2947320938,"Transaction_amount":18000.0,"Return_money":-107,"Rate_of_Return":-0.0059444444},{"Date":1325203200000,"Trading_Strategy":"MA10&MA30^MA5&MA15","Transaction_Type":1,"Stock_price":14.096950531,"Transaction_amount":18000.0,"Return_money":null,"Rate_of_Return":null},{"Date":1327968000000,"Trading_Strategy":"MA10&MA30^MA5&MA15","Transaction_Type":-1,"Stock_price":15.2486629486,"Transaction_amount":18000.0,"Return_money":1470,"Rate_of_Return":0.0816666667},{"Date":1340323200000,"Trading_Strategy":"MA10&MA30^MA5&MA15","Transaction_Type":1,"Stock_price":14.2812252045,"Transaction_amount":18000.0,"Return_money":null,"Rate_of_Return":null},{"Date":1343088000000,"Trading_Strategy":"MA10&MA30^MA5&MA15","Transaction_Type":-1,"Stock_price":14.649772644,"Transaction_amount":18000.0,"Return_money":464,"Rate_of_Return":0.0257777778},{"Date":1348704000000,"Trading_Strategy":"MA10&MA30^MA5&MA15","Transaction_Type":1,"Stock_price":14.3733615875,"Transaction_amount":18000.0,"Return_money":null,"Rate_of_Return":null},{"Date":1351209600000,"Trading_Strategy":"MA10&MA30^MA5&MA15","Transaction_Type":-1,"Stock_price":13.7744722366,"Transaction_amount":18000.0,"Return_money":-749,"Rate_of_Return":-0.0416111111},{"Date":1352246400000,"Trading_Strategy":"MA10&MA30^MA5&MA15","Transaction_Type":1,"Stock_price":15.0183210373,"Transaction_amount":18000.0,"Return_money":null,"Rate_of_Return":null},{"Date":1352937600000,"Trading_Strategy":"MA10&MA30^MA5&MA15","Transaction_Type":-1,"Stock_price":14.2812252045,"Transaction_amount":18000.0,"Return_money":-883,"Rate_of_Return":-0.0490555556},{"Date":1353974400000,"Trading_Strategy":"MA10&MA30^MA5&MA15","Transaction_Type":1,"Stock_price":15.2947320938,"Transaction_amount":18000.0,"Return_money":null,"Rate_of_Return":null},{"Date":1356048000000,"Trading_Strategy":"MA10&MA30^MA5&MA15","Transaction_Type":-1,"Stock_price":15.5711431503,"Transaction_amount":18000.0,"Return_money":325,"Rate_of_Return":0.0180555556},{"Date":1291334400000,"Trading_Strategy":"MA15&MA30^STOCH","Transaction_Type":1,"Stock_price":21.3592128754,"Transaction_amount":12500.0,"Return_money":null,"Rate_of_Return":null},{"Date":1294963200000,"Trading_Strategy":"MA15&MA30^STOCH","Transaction_Type":-1,"Stock_price":25.0447235107,"Transaction_amount":12500.0,"Return_money":2156,"Rate_of_Return":0.17248},{"Date":1302739200000,"Trading_Strategy":"MA15&MA30^STOCH","Transaction_Type":1,"Stock_price":21.6942577362,"Transaction_amount":12500.0,"Return_money":null,"Rate_of_Return":null},{"Date":1303862400000,"Trading_Strategy":"MA15&MA30^STOCH","Transaction_Type":-1,"Stock_price":22.9088020325,"Transaction_amount":12500.0,"Return_money":699,"Rate_of_Return":0.05592},{"Date":1318809600000,"Trading_Strategy":"MA15&MA30^STOCH","Transaction_Type":1,"Stock_price":15.7093477249,"Transaction_amount":12500.0,"Return_money":null,"Rate_of_Return":null},{"Date":1319068800000,"Trading_Strategy":"MA15&MA30^STOCH","Transaction_Type":-1,"Stock_price":15.4790058136,"Transaction_amount":12500.0,"Return_money":-183,"Rate_of_Return":-0.01464},{"Date":1325462400000,"Trading_Strategy":"MA15&MA30^STOCH","Transaction_Type":1,"Stock_price":13.9587459564,"Transaction_amount":12500.0,"Return_money":null,"Rate_of_Return":null},{"Date":1328659200000,"Trading_Strategy":"MA15&MA30^STOCH","Transaction_Type":-1,"Stock_price":17.598154068,"Transaction_amount":12500.0,"Return_money":3259,"Rate_of_Return":0.26072},{"Date":1340755200000,"Trading_Strategy":"MA15&MA30^STOCH","Transaction_Type":1,"Stock_price":14.3733615875,"Transaction_amount":12500.0,"Return_money":null,"Rate_of_Return":null},{"Date":1341532800000,"Trading_Strategy":"MA15&MA30^STOCH","Transaction_Type":-1,"Stock_price":15.110458374,"Transaction_amount":12500.0,"Return_money":641,"Rate_of_Return":0.05128},{"Date":1352160000000,"Trading_Strategy":"MA15&MA30^STOCH","Transaction_Type":1,"Stock_price":15.0183210373,"Transaction_amount":12500.0,"Return_money":null,"Rate_of_Return":null},{"Date":1352332800000,"Trading_Strategy":"MA15&MA30^STOCH","Transaction_Type":-1,"Stock_price":15.0183210373,"Transaction_amount":12500.0,"Return_money":0,"Rate_of_Return":0.0},{"Date":1291334400000,"Trading_Strategy":"MA15&MA30^MA5&MA15","Transaction_Type":1,"Stock_price":21.3592128754,"Transaction_amount":500.0,"Return_money":null,"Rate_of_Return":null},{"Date":1291852800000,"Trading_Strategy":"MA15&MA30^MA5&MA15","Transaction_Type":-1,"Stock_price":21.6523761749,"Transaction_amount":500.0,"Return_money":6,"Rate_of_Return":0.012},{"Date":1302739200000,"Trading_Strategy":"MA15&MA30^MA5&MA15","Transaction_Type":1,"Stock_price":21.6942577362,"Transaction_amount":500.0,"Return_money":null,"Rate_of_Return":null},{"Date":1305504000000,"Trading_Strategy":"MA15&MA30^MA5&MA15","Transaction_Type":-1,"Stock_price":22.2805900574,"Transaction_amount":500.0,"Return_money":13,"Rate_of_Return":0.026},{"Date":1318809600000,"Trading_Strategy":"MA15&MA30^MA5&MA15","Transaction_Type":1,"Stock_price":15.7093477249,"Transaction_amount":500.0,"Return_money":null,"Rate_of_Return":null},{"Date":1320019200000,"Trading_Strategy":"MA15&MA30^MA5&MA15","Transaction_Type":-1,"Stock_price":15.2947320938,"Transaction_amount":500.0,"Return_money":-13,"Rate_of_Return":-0.026},{"Date":1325462400000,"Trading_Strategy":"MA15&MA30^MA5&MA15","Transaction_Type":1,"Stock_price":13.9587459564,"Transaction_amount":500.0,"Return_money":null,"Rate_of_Return":null},{"Date":1327968000000,"Trading_Strategy":"MA15&MA30^MA5&MA15","Transaction_Type":-1,"Stock_price":15.2486629486,"Transaction_amount":500.0,"Return_money":46,"Rate_of_Return":0.092},{"Date":1340755200000,"Trading_Strategy":"MA15&MA30^MA5&MA15","Transaction_Type":1,"Stock_price":14.3733615875,"Transaction_amount":500.0,"Return_money":null,"Rate_of_Return":null},{"Date":1343088000000,"Trading_Strategy":"MA15&MA30^MA5&MA15","Transaction_Type":-1,"Stock_price":14.649772644,"Transaction_amount":500.0,"Return_money":9,"Rate_of_Return":0.018},{"Date":1352160000000,"Trading_Strategy":"MA15&MA30^MA5&MA15","Transaction_Type":1,"Stock_price":15.0183210373,"Transaction_amount":500.0,"Return_money":null,"Rate_of_Return":null},{"Date":1352937600000,"Trading_Strategy":"MA15&MA30^MA5&MA15","Transaction_Type":-1,"Stock_price":14.2812252045,"Transaction_amount":500.0,"Return_money":-24,"Rate_of_Return":-0.048}]