[{"Date":1287619200000,"Trading_Strategy":"MA5&MA15^STOCH","Transaction_Type":1,"Stock_price":19.516456604,"Transaction_amount":1000,"Return_money":null,"Rate_of_Return":null},{"Date":1287964800000,"Trading_Strategy":"MA5&MA15^STOCH","Transaction_Type":-1,"Stock_price":20.7728805542,"Transaction_amount":1000,"Return_money":64.0,"Rate_of_Return":0.064},{"Date":1290470400000,"Trading_Strategy":"MA5&MA15^STOCH","Transaction_Type":1,"Stock_price":22.2805900574,"Transaction_amount":1000,"Return_money":null,"Rate_of_Return":null},{"Date":1290643200000,"Trading_Strategy":"MA5&MA15^STOCH","Transaction_Type":-1,"Stock_price":22.0293045044,"Transaction_amount":1000,"Return_money":-11.0,"Rate_of_Return":-0.011},{"Date":1291334400000,"Trading_Strategy":"MA15&MA30^MA5&MA15","Transaction_Type":1,"Stock_price":21.3592128754,"Transaction_amount":500,"Return_money":null,"Rate_of_Return":null},{"Date":1291593600000,"Trading_Strategy":"MA15&MA30^MA5&MA15","Transaction_Type":-1,"Stock_price":21.610496521,"Transaction_amount":500,"Return_money":5.0,"Rate_of_Return":0.01},{"Date":1292198400000,"Trading_Strategy":"MA5&MA15^STOCH","Transaction_Type":1,"Stock_price":22.1130657196,"Transaction_amount":1000,"Return_money":null,"Rate_of_Return":null},{"Date":1292457600000,"Trading_Strategy":"MA5&MA15^STOCH","Transaction_Type":-1,"Stock_price":22.6156368256,"Transaction_amount":1000,"Return_money":22.0,"Rate_of_Return":0.022},{"Date":1296172800000,"Trading_Strategy":"MA5&MA15^STOCH","Transaction_Type":1,"Stock_price":25.5472927094,"Transaction_amount":1000,"Return_money":null,"Rate_of_Return":null},{"Date":1297123200000,"Trading_Strategy":"MA5&MA15^STOCH","Transaction_Type":-1,"Stock_price":25.0447235107,"Transaction_amount":1000,"Return_money":-19.0,"Rate_of_Return":-0.019},{"Date":1301011200000,"Trading_Strategy":"MA5&MA15^STOCH","Transaction_Type":1,"Stock_price":20.689119339,"Transaction_amount":1000,"Return_money":null,"Rate_of_Return":null},{"Date":1301270400000,"Trading_Strategy":"MA5&MA15^STOCH","Transaction_Type":-1,"Stock_price":20.4797153473,"Transaction_amount":1000,"Return_money":-10.0,"Rate_of_Return":-0.01},{"Date":1302652800000,"Trading_Strategy":"MA10&MA30^MA5&MA15","Transaction_Type":1,"Stock_price":21.4848537445,"Transaction_amount":18000,"Return_money":null,"Rate_of_Return":null},{"Date":1302652800000,"Trading_Strategy":"MA10&MA30^STOCH","Transaction_Type":1,"Stock_price":21.4848537445,"Transaction_amount":12500,"Return_money":null,"Rate_of_Return":null},{"Date":1302739200000,"Trading_Strategy":"MA15&MA30^MA5&MA15","Transaction_Type":1,"Stock_price":21.6942577362,"Transaction_amount":500,"Return_money":null,"Rate_of_Return":null},{"Date":1302825600000,"Trading_Strategy":"MA10&MA30^STOCH","Transaction_Type":-1,"Stock_price":21.1079273224,"Transaction_amount":12500,"Return_money":-219.0,"Rate_of_Return":-0.01752},{"Date":1302825600000,"Trading_Strategy":"MA15&MA30^MA5&MA15","Transaction_Type":-1,"Stock_price":21.1079273224,"Transaction_amount":500,"Return_money":-13.0,"Rate_of_Return":-0.026},{"Date":1302825600000,"Trading_Strategy":"MA10&MA30^MA5&MA15","Transaction_Type":-1,"Stock_price":21.1079273224,"Transaction_amount":18000,"Return_money":-315.0,"Rate_of_Return":-0.0175},{"Date":1306972800000,"Trading_Strategy":"MA5&MA15^STOCH","Transaction_Type":1,"Stock_price":21.4429721832,"Transaction_amount":1000,"Return_money":null,"Rate_of_Return":null},{"Date":1307059200000,"Trading_Strategy":"MA5&MA15^STOCH","Transaction_Type":-1,"Stock_price":21.1916885376,"Transaction_amount":1000,"Return_money":-11.0,"Rate_of_Return":-0.011},{"Date":1309737600000,"Trading_Strategy":"MA5&MA15^STOCH","Transaction_Type":1,"Stock_price":19.1814098358,"Transaction_amount":1000,"Return_money":null,"Rate_of_Return":null},{"Date":1309824000000,"Trading_Strategy":"MA5&MA15^STOCH","Transaction_Type":-1,"Stock_price":18.8463630676,"Transaction_amount":1000,"Return_money":-17.0,"Rate_of_Return":-0.017},{"Date":1314057600000,"Trading_Strategy":"MA5&MA15^STOCH","Transaction_Type":1,"Stock_price":15.7471828461,"Transaction_amount":1000,"Return_money":null,"Rate_of_Return":null},{"Date":1314144000000,"Trading_Strategy":"MA5&MA15^STOCH","Transaction_Type":-1,"Stock_price":15.4121370316,"Transaction_amount":1000,"Return_money":-21.0,"Rate_of_Return":-0.021},{"Date":1317340800000,"Trading_Strategy":"MA5&MA15^STOCH","Transaction_Type":1,"Stock_price":14.3733615875,"Transaction_amount":1000,"Return_money":null,"Rate_of_Return":null},{"Date":1317600000000,"Trading_Strategy":"MA5&MA15^STOCH","Transaction_Type":-1,"Stock_price":13.8205413818,"Transaction_amount":1000,"Return_money":-38.0,"Rate_of_Return":-0.038},{"Date":1318377600000,"Trading_Strategy":"MA5&MA15^STOCH","Transaction_Type":1,"Stock_price":14.4194307327,"Transaction_amount":1000,"Return_money":null,"Rate_of_Return":null},{"Date":1318464000000,"Trading_Strategy":"MA5&MA15^STOCH","Transaction_Type":-1,"Stock_price":15.3868694305,"Transaction_amount":1000,"Return_money":67.0,"Rate_of_Return":0.067},{"Date":1318550400000,"Trading_Strategy":"MA10&MA30^MA5&MA15","Transaction_Type":1,"Stock_price":15.3868694305,"Transaction_amount":18000,"Return_money":null,"Rate_of_Return":null},{"Date":1318550400000,"Trading_Strategy":"MA10&MA30^STOCH","Transaction_Type":1,"Stock_price":15.3868694305,"Transaction_amount":12500,"Return_money":null,"Rate_of_Return":null},{"Date":1318809600000,"Trading_Strategy":"MA15&MA30^MA5&MA15","Transaction_Type":1,"Stock_price":15.7093477249,"Transaction_amount":500,"Return_money":null,"Rate_of_Return":null},{"Date":1318809600000,"Trading_Strategy":"MA10&MA30^STOCH","Transaction_Type":-1,"Stock_price":15.7093477249,"Transaction_amount":12500,"Return_money":261.0,"Rate_of_Return":0.02088},{"Date":1318809600000,"Trading_Strategy":"MA10&MA30^MA5&MA15","Transaction_Type":-1,"Stock_price":15.7093477249,"Transaction_amount":18000,"Return_money":377.0,"Rate_of_Return":0.0209444444},{"Date":1319068800000,"Trading_Strategy":"MA15&MA30^MA5&MA15","Transaction_Type":-1,"Stock_price":15.4790058136,"Transaction_amount":500,"Return_money":-7.0,"Rate_of_Return":-0.014},{"Date":1324857600000,"Trading_Strategy":"MA5&MA15^STOCH","Transaction_Type":1,"Stock_price":13.4980611801,"Transaction_amount":1000,"Return_money":null,"Rate_of_Return":null},{"Date":1324944000000,"Trading_Strategy":"MA5&MA15^STOCH","Transaction_Type":-1,"Stock_price":13.8205413818,"Transaction_amount":1000,"Return_money":23.0,"Rate_of_Return":0.023},{"Date":1325203200000,"Trading_Strategy":"MA10&MA30^MA5&MA15","Transaction_Type":1,"Stock_price":14.096950531,"Transaction_amount":18000,"Return_money":null,"Rate_of_Return":null},{"Date":1325203200000,"Trading_Strategy":"MA10&MA30^STOCH","Transaction_Type":1,"Stock_price":14.096950531,"Transaction_amount":12500,"Return_money":null,"Rate_of_Return":null},{"Date":1325462400000,"Trading_Strategy":"MA15&MA30^MA5&MA15","Transaction_Type":1,"Stock_price":13.9587459564,"Transaction_amount":500,"Return_money":null,"Rate_of_Return":null},{"Date":1325548800000,"Trading_Strategy":"MA15&MA30^MA5&MA15","Transaction_Type":-1,"Stock_price":14.4194307327,"Transaction_amount":500,"Return_money":16.0,"Rate_of_Return":0.032},{"Date":1325548800000,"Trading_Strategy":"MA10&MA30^MA5&MA15","Transaction_Type":-1,"Stock_price":14.4194307327,"Transaction_amount":18000,"Return_money":411.0,"Rate_of_Return":0.0228333333},{"Date":1325548800000,"Trading_Strategy":"MA10&MA30^STOCH","Transaction_Type":-1,"Stock_price":14.4194307327,"Transaction_amount":12500,"Return_money":285.0,"Rate_of_Return":0.0228},{"Date":1328054400000,"Trading_Strategy":"MA5&MA15^STOCH","Transaction_Type":1,"Stock_price":16.0318279266,"Transaction_amount":1000,"Return_money":null,"Rate_of_Return":null},{"Date":1328140800000,"Trading_Strategy":"MA5&MA15^STOCH","Transaction_Type":-1,"Stock_price":16.5846481323,"Transaction_amount":1000,"Return_money":34.0,"Rate_of_Return":0.034},{"Date":1336089600000,"Trading_Strategy":"MA5&MA15^STOCH","Transaction_Type":1,"Stock_price":17.0914020538,"Transaction_amount":1000,"Return_money":null,"Rate_of_Return":null},{"Date":1336348800000,"Trading_Strategy":"MA5&MA15^STOCH","Transaction_Type":-1,"Stock_price":16.6767864227,"Transaction_amount":1000,"Return_money":-24.0,"Rate_of_Return":-0.024},{"Date":1339632000000,"Trading_Strategy":"MA5&MA15^STOCH","Transaction_Type":1,"Stock_price":13.8205413818,"Transaction_amount":1000,"Return_money":null,"Rate_of_Return":null},{"Date":1339977600000,"Trading_Strategy":"MA5&MA15^STOCH","Transaction_Type":-1,"Stock_price":14.3733615875,"Transaction_amount":1000,"Return_money":39.0,"Rate_of_Return":0.039},{"Date":1340323200000,"Trading_Strategy":"MA10&MA30^MA5&MA15","Transaction_Type":1,"Stock_price":14.2812252045,"Transaction_amount":18000,"Return_money":null,"Rate_of_Return":null},{"Date":1340323200000,"Trading_Strategy":"MA10&MA30^STOCH","Transaction_Type":1,"Stock_price":14.2812252045,"Transaction_amount":12500,"Return_money":null,"Rate_of_Return":null},{"Date":1340582400000,"Trading_Strategy":"MA10&MA30^STOCH","Transaction_Type":-1,"Stock_price":14.096950531,"Transaction_amount":12500,"Return_money":-161.0,"Rate_of_Return":-0.01288},{"Date":1340582400000,"Trading_Strategy":"MA10&MA30^MA5&MA15","Transaction_Type":-1,"Stock_price":14.096950531,"Transaction_amount":18000,"Return_money":-232.0,"Rate_of_Return":-0.0128888889},{"Date":1340755200000,"Trading_Strategy":"MA15&MA30^MA5&MA15","Transaction_Type":1,"Stock_price":14.3733615875,"Transaction_amount":500,"Return_money":null,"Rate_of_Return":null},{"Date":1340928000000,"Trading_Strategy":"MA15&MA30^MA5&MA15","Transaction_Type":-1,"Stock_price":14.8340473175,"Transaction_amount":500,"Return_money":16.0,"Rate_of_Return":0.032},{"Date":1343779200000,"Trading_Strategy":"MA5&MA15^STOCH","Transaction_Type":1,"Stock_price":15.6632785797,"Transaction_amount":1000,"Return_money":null,"Rate_of_Return":null},{"Date":1343952000000,"Trading_Strategy":"MA5&MA15^STOCH","Transaction_Type":-1,"Stock_price":15.4329366684,"Transaction_amount":1000,"Return_money":-14.0,"Rate_of_Return":-0.014},{"Date":1347926400000,"Trading_Strategy":"MA5&MA15^STOCH","Transaction_Type":1,"Stock_price":15.3408002853,"Transaction_amount":1000,"Return_money":null,"Rate_of_Return":null},{"Date":1348012800000,"Trading_Strategy":"MA5&MA15^STOCH","Transaction_Type":-1,"Stock_price":15.7093477249,"Transaction_amount":1000,"Return_money":24.0,"Rate_of_Return":0.024},{"Date":1348704000000,"Trading_Strategy":"MA10&MA30^MA5&MA15","Transaction_Type":1,"Stock_price":14.3733615875,"Transaction_amount":18000,"Return_money":null,"Rate_of_Return":null},{"Date":1348704000000,"Trading_Strategy":"MA10&MA30^STOCH","Transaction_Type":1,"Stock_price":14.3733615875,"Transaction_amount":12500,"Return_money":null,"Rate_of_Return":null},{"Date":1349136000000,"Trading_Strategy":"MA10&MA30^MA5&MA15","Transaction_Type":-1,"Stock_price":14.557636261,"Transaction_amount":18000,"Return_money":230.0,"Rate_of_Return":0.0127777778},{"Date":1349136000000,"Trading_Strategy":"MA10&MA30^STOCH","Transaction_Type":-1,"Stock_price":14.557636261,"Transaction_amount":12500,"Return_money":160.0,"Rate_of_Return":0.0128},{"Date":1350518400000,"Trading_Strategy":"MA5&MA15^STOCH","Transaction_Type":1,"Stock_price":14.6037054062,"Transaction_amount":1000,"Return_money":null,"Rate_of_Return":null},{"Date":1350604800000,"Trading_Strategy":"MA5&MA15^STOCH","Transaction_Type":-1,"Stock_price":14.649772644,"Transaction_amount":1000,"Return_money":3.0,"Rate_of_Return":0.003},{"Date":1352073600000,"Trading_Strategy":"MA5&MA15^STOCH","Transaction_Type":1,"Stock_price":15.2025947571,"Transaction_amount":1000,"Return_money":null,"Rate_of_Return":null},{"Date":1352160000000,"Trading_Strategy":"MA5&MA15^STOCH","Transaction_Type":-1,"Stock_price":15.0183210373,"Transaction_amount":1000,"Return_money":-12.0,"Rate_of_Return":-0.012},{"Date":1352160000000,"Trading_Strategy":"MA15&MA30^MA5&MA15","Transaction_Type":1,"Stock_price":15.0183210373,"Transaction_amount":500,"Return_money":null,"Rate_of_Return":null},{"Date":1352246400000,"Trading_Strategy":"MA10&MA30^STOCH","Transaction_Type":1,"Stock_price":15.0183210373,"Transaction_amount":12500,"Return_money":null,"Rate_of_Return":null},{"Date":1352246400000,"Trading_Strategy":"MA10&MA30^MA5&MA15","Transaction_Type":1,"Stock_price":15.0183210373,"Transaction_amount":18000,"Return_money":null,"Rate_of_Return":null},{"Date":1352332800000,"Trading_Strategy":"MA10&MA30^STOCH","Transaction_Type":-1,"Stock_price":15.0183210373,"Transaction_amount":12500,"Return_money":0.0,"Rate_of_Return":0.0},{"Date":1352678400000,"Trading_Strategy":"MA10&MA30^MA5&MA15","Transaction_Type":-1,"Stock_price":14.8340473175,"Transaction_amount":18000,"Return_money":-220.0,"Rate_of_Return":-0.0122222222},{"Date":1352678400000,"Trading_Strategy":"MA15&MA30^MA5&MA15","Transaction_Type":-1,"Stock_price":14.8340473175,"Transaction_amount":500,"Return_money":-6.0,"Rate_of_Return":-0.012},{"Date":1353974400000,"Trading_Strategy":"MA5&MA15^STOCH","Transaction_Type":1,"Stock_price":15.2947320938,"Transaction_amount":1000,"Return_money":null,"Rate_of_Return":null},{"Date":1353974400000,"Trading_Strategy":"MA10&MA30^STOCH","Transaction_Type":1,"Stock_price":15.2947320938,"Transaction_amount":12500,"Return_money":null,"Rate_of_Return":null},{"Date":1353974400000,"Trading_Strategy":"MA10&MA30^MA5&MA15","Transaction_Type":1,"Stock_price":15.2947320938,"Transaction_amount":18000,"Return_money":null,"Rate_of_Return":null},{"Date":1354147200000,"Trading_Strategy":"MA10&MA30^STOCH","Transaction_Type":-1,"Stock_price":15.4329366684,"Transaction_amount":12500,"Return_money":112.0,"Rate_of_Return":0.00896},{"Date":1354147200000,"Trading_Strategy":"MA5&MA15^STOCH","Transaction_Type":-1,"Stock_price":15.4329366684,"Transaction_amount":1000,"Return_money":9.0,"Rate_of_Return":0.009},{"Date":1354233600000,"Trading_Strategy":"MA10&MA30^MA5&MA15","Transaction_Type":-1,"Stock_price":15.7554159164,"Transaction_amount":18000,"Return_money":542.0,"Rate_of_Return":0.0301111111}]