[{"Date":1285286400000,"Trading_Strategy":"MA10&MA15^STOCH","Transaction_Type":1,"Stock_price":18.0506286621,"Transaction_amount":1000,"Return_money":null,"Rate_of_Return":null},{"Date":1285545600000,"Trading_Strategy":"CCI^STOCH","Transaction_Type":1,"Stock_price":18.2181510925,"Transaction_amount":18000,"Return_money":null,"Rate_of_Return":null},{"Date":1285632000000,"Trading_Strategy":"MA10&MA15^STOCH","Transaction_Type":-1,"Stock_price":18.343793869,"Transaction_amount":1000,"Return_money":16.0,"Rate_of_Return":0.016},{"Date":1285718400000,"Trading_Strategy":"CCI^STOCH","Transaction_Type":-1,"Stock_price":18.5950775146,"Transaction_amount":18000,"Return_money":372.0,"Rate_of_Return":0.0206666667},{"Date":1286409600000,"Trading_Strategy":"MA10&MA15^STOCH","Transaction_Type":1,"Stock_price":19.265171051,"Transaction_amount":1000,"Return_money":null,"Rate_of_Return":null},{"Date":1286496000000,"Trading_Strategy":"MA10&MA15^STOCH","Transaction_Type":-1,"Stock_price":18.8463630676,"Transaction_amount":1000,"Return_money":-21.0,"Rate_of_Return":-0.021},{"Date":1287014400000,"Trading_Strategy":"CCI^STOCH","Transaction_Type":1,"Stock_price":18.8463630676,"Transaction_amount":18000,"Return_money":null,"Rate_of_Return":null},{"Date":1287619200000,"Trading_Strategy":"CCI^STOCH","Transaction_Type":-1,"Stock_price":19.516456604,"Transaction_amount":18000,"Return_money":640.0,"Rate_of_Return":0.0355555556},{"Date":1287964800000,"Trading_Strategy":"MA10&MA15^STOCH","Transaction_Type":1,"Stock_price":20.7728805542,"Transaction_amount":1000,"Return_money":null,"Rate_of_Return":null},{"Date":1288137600000,"Trading_Strategy":"MA10&MA15^STOCH","Transaction_Type":-1,"Stock_price":21.3173313141,"Transaction_amount":1000,"Return_money":26.0,"Rate_of_Return":0.026},{"Date":1290124800000,"Trading_Strategy":"CCI^STOCH","Transaction_Type":1,"Stock_price":20.8147602081,"Transaction_amount":18000,"Return_money":null,"Rate_of_Return":null},{"Date":1290384000000,"Trading_Strategy":"CCI^STOCH","Transaction_Type":-1,"Stock_price":21.9036617279,"Transaction_amount":18000,"Return_money":941.0,"Rate_of_Return":0.0522777778},{"Date":1290643200000,"Trading_Strategy":"MA10&MA15^STOCH","Transaction_Type":1,"Stock_price":22.0293045044,"Transaction_amount":1000,"Return_money":null,"Rate_of_Return":null},{"Date":1290729600000,"Trading_Strategy":"MA10&MA15^STOCH","Transaction_Type":-1,"Stock_price":21.2335681915,"Transaction_amount":1000,"Return_money":-36.0,"Rate_of_Return":-0.036},{"Date":1291334400000,"Trading_Strategy":"MA15&MA30^STOCH","Transaction_Type":1,"Stock_price":21.3592128754,"Transaction_amount":12500,"Return_money":null,"Rate_of_Return":null},{"Date":1291593600000,"Trading_Strategy":"MA15&MA30^STOCH","Transaction_Type":-1,"Stock_price":21.610496521,"Transaction_amount":12500,"Return_money":147.0,"Rate_of_Return":0.01176},{"Date":1291939200000,"Trading_Strategy":"CCI^STOCH","Transaction_Type":1,"Stock_price":21.861782074,"Transaction_amount":18000,"Return_money":null,"Rate_of_Return":null},{"Date":1292198400000,"Trading_Strategy":"CCI^STOCH","Transaction_Type":-1,"Stock_price":22.1130657196,"Transaction_amount":18000,"Return_money":206.0,"Rate_of_Return":0.0114444444},{"Date":1292284800000,"Trading_Strategy":"MA10&MA15^STOCH","Transaction_Type":1,"Stock_price":22.2387084961,"Transaction_amount":1000,"Return_money":null,"Rate_of_Return":null},{"Date":1292457600000,"Trading_Strategy":"MA10&MA15^STOCH","Transaction_Type":-1,"Stock_price":22.6156368256,"Transaction_amount":1000,"Return_money":16.0,"Rate_of_Return":0.016},{"Date":1296000000000,"Trading_Strategy":"CCI^STOCH","Transaction_Type":1,"Stock_price":25.128484726,"Transaction_amount":18000,"Return_money":null,"Rate_of_Return":null},{"Date":1296086400000,"Trading_Strategy":"CCI^STOCH","Transaction_Type":-1,"Stock_price":25.5472927094,"Transaction_amount":18000,"Return_money":299.0,"Rate_of_Return":0.0166111111},{"Date":1297382400000,"Trading_Strategy":"MA10&MA15^STOCH","Transaction_Type":1,"Stock_price":23.5370140076,"Transaction_amount":1000,"Return_money":null,"Rate_of_Return":null},{"Date":1297641600000,"Trading_Strategy":"MA10&MA15^STOCH","Transaction_Type":-1,"Stock_price":24.7934379578,"Transaction_amount":1000,"Return_money":53.0,"Rate_of_Return":0.053},{"Date":1300838400000,"Trading_Strategy":"CCI^STOCH","Transaction_Type":1,"Stock_price":20.5634765625,"Transaction_amount":18000,"Return_money":null,"Rate_of_Return":null},{"Date":1300924800000,"Trading_Strategy":"CCI^STOCH","Transaction_Type":-1,"Stock_price":20.8566417694,"Transaction_amount":18000,"Return_money":256.0,"Rate_of_Return":0.0142222222},{"Date":1301443200000,"Trading_Strategy":"MA10&MA15^STOCH","Transaction_Type":1,"Stock_price":20.7728805542,"Transaction_amount":1000,"Return_money":null,"Rate_of_Return":null},{"Date":1301529600000,"Trading_Strategy":"MA10&MA15^STOCH","Transaction_Type":-1,"Stock_price":20.4797153473,"Transaction_amount":1000,"Return_money":-14.0,"Rate_of_Return":-0.014},{"Date":1302739200000,"Trading_Strategy":"MA15&MA30^STOCH","Transaction_Type":1,"Stock_price":21.6942577362,"Transaction_amount":12500,"Return_money":null,"Rate_of_Return":null},{"Date":1302825600000,"Trading_Strategy":"MA15&MA30^STOCH","Transaction_Type":-1,"Stock_price":21.1079273224,"Transaction_amount":12500,"Return_money":-337.0,"Rate_of_Return":-0.02696},{"Date":1306800000000,"Trading_Strategy":"CCI^STOCH","Transaction_Type":1,"Stock_price":22.4062328339,"Transaction_amount":18000,"Return_money":null,"Rate_of_Return":null},{"Date":1306886400000,"Trading_Strategy":"CCI^STOCH","Transaction_Type":-1,"Stock_price":22.0711860657,"Transaction_amount":18000,"Return_money":-269.0,"Rate_of_Return":-0.0149444444},{"Date":1307577600000,"Trading_Strategy":"MA10&MA15^STOCH","Transaction_Type":1,"Stock_price":21.0241641998,"Transaction_amount":1000,"Return_money":null,"Rate_of_Return":null},{"Date":1307923200000,"Trading_Strategy":"MA10&MA15^STOCH","Transaction_Type":-1,"Stock_price":20.2284297943,"Transaction_amount":1000,"Return_money":-37.0,"Rate_of_Return":-0.037},{"Date":1309478400000,"Trading_Strategy":"CCI^STOCH","Transaction_Type":1,"Stock_price":19.4326953888,"Transaction_amount":18000,"Return_money":null,"Rate_of_Return":null},{"Date":1309737600000,"Trading_Strategy":"CCI^STOCH","Transaction_Type":-1,"Stock_price":19.1814098358,"Transaction_amount":18000,"Return_money":-232.0,"Rate_of_Return":-0.0128888889},{"Date":1309996800000,"Trading_Strategy":"MA10&MA15^STOCH","Transaction_Type":1,"Stock_price":18.8044834137,"Transaction_amount":1000,"Return_money":null,"Rate_of_Return":null},{"Date":1310342400000,"Trading_Strategy":"MA10&MA15^STOCH","Transaction_Type":-1,"Stock_price":19.1814098358,"Transaction_amount":1000,"Return_money":20.0,"Rate_of_Return":0.02},{"Date":1310342400000,"Trading_Strategy":"CCI^STOCH","Transaction_Type":1,"Stock_price":19.1814098358,"Transaction_amount":18000,"Return_money":null,"Rate_of_Return":null},{"Date":1310428800000,"Trading_Strategy":"CCI^STOCH","Transaction_Type":-1,"Stock_price":18.6788406372,"Transaction_amount":18000,"Return_money":-471.0,"Rate_of_Return":-0.0261666667},{"Date":1313539200000,"Trading_Strategy":"CCI^STOCH","Transaction_Type":1,"Stock_price":15.5796604156,"Transaction_amount":18000,"Return_money":null,"Rate_of_Return":null},{"Date":1313625600000,"Trading_Strategy":"CCI^STOCH","Transaction_Type":-1,"Stock_price":15.2027330399,"Transaction_amount":18000,"Return_money":-435.0,"Rate_of_Return":-0.0241666667},{"Date":1314057600000,"Trading_Strategy":"CCI^STOCH","Transaction_Type":1,"Stock_price":15.7471828461,"Transaction_amount":18000,"Return_money":null,"Rate_of_Return":null},{"Date":1314144000000,"Trading_Strategy":"MA10&MA15^STOCH","Transaction_Type":1,"Stock_price":15.4121370316,"Transaction_amount":1000,"Return_money":null,"Rate_of_Return":null},{"Date":1314144000000,"Trading_Strategy":"CCI^STOCH","Transaction_Type":-1,"Stock_price":15.4121370316,"Transaction_amount":18000,"Return_money":-382.0,"Rate_of_Return":-0.0212222222},{"Date":1314316800000,"Trading_Strategy":"MA10&MA15^STOCH","Transaction_Type":-1,"Stock_price":15.5796604156,"Transaction_amount":1000,"Return_money":10.0,"Rate_of_Return":0.01},{"Date":1317081600000,"Trading_Strategy":"CCI^STOCH","Transaction_Type":1,"Stock_price":14.4194307327,"Transaction_amount":18000,"Return_money":null,"Rate_of_Return":null},{"Date":1317600000000,"Trading_Strategy":"CCI^STOCH","Transaction_Type":-1,"Stock_price":13.8205413818,"Transaction_amount":18000,"Return_money":-747.0,"Rate_of_Return":-0.0415},{"Date":1317945600000,"Trading_Strategy":"MA10&MA15^STOCH","Transaction_Type":1,"Stock_price":14.0048151016,"Transaction_amount":1000,"Return_money":null,"Rate_of_Return":null},{"Date":1317945600000,"Trading_Strategy":"CCI^STOCH","Transaction_Type":1,"Stock_price":14.0048151016,"Transaction_amount":18000,"Return_money":null,"Rate_of_Return":null},{"Date":1318291200000,"Trading_Strategy":"CCI^STOCH","Transaction_Type":-1,"Stock_price":14.557636261,"Transaction_amount":18000,"Return_money":710.0,"Rate_of_Return":0.0394444444},{"Date":1318291200000,"Trading_Strategy":"MA10&MA15^STOCH","Transaction_Type":-1,"Stock_price":14.557636261,"Transaction_amount":1000,"Return_money":39.0,"Rate_of_Return":0.039},{"Date":1318809600000,"Trading_Strategy":"MA15&MA30^STOCH","Transaction_Type":1,"Stock_price":15.7093477249,"Transaction_amount":12500,"Return_money":null,"Rate_of_Return":null},{"Date":1319068800000,"Trading_Strategy":"MA15&MA30^STOCH","Transaction_Type":-1,"Stock_price":15.4790058136,"Transaction_amount":12500,"Return_money":-183.0,"Rate_of_Return":-0.01464},{"Date":1319673600000,"Trading_Strategy":"CCI^STOCH","Transaction_Type":1,"Stock_price":15.4790058136,"Transaction_amount":18000,"Return_money":null,"Rate_of_Return":null},{"Date":1320019200000,"Trading_Strategy":"CCI^STOCH","Transaction_Type":-1,"Stock_price":15.2947320938,"Transaction_amount":18000,"Return_money":-214.0,"Rate_of_Return":-0.0118888889},{"Date":1320364800000,"Trading_Strategy":"CCI^STOCH","Transaction_Type":1,"Stock_price":15.5711431503,"Transaction_amount":18000,"Return_money":null,"Rate_of_Return":null},{"Date":1320624000000,"Trading_Strategy":"CCI^STOCH","Transaction_Type":-1,"Stock_price":15.2947320938,"Transaction_amount":18000,"Return_money":-319.0,"Rate_of_Return":-0.0177222222},{"Date":1323302400000,"Trading_Strategy":"MA10&MA15^STOCH","Transaction_Type":1,"Stock_price":13.7284040451,"Transaction_amount":1000,"Return_money":null,"Rate_of_Return":null},{"Date":1323388800000,"Trading_Strategy":"MA10&MA15^STOCH","Transaction_Type":-1,"Stock_price":13.4519929886,"Transaction_amount":1000,"Return_money":-20.0,"Rate_of_Return":-0.02},{"Date":1323648000000,"Trading_Strategy":"CCI^STOCH","Transaction_Type":1,"Stock_price":13.5441303253,"Transaction_amount":18000,"Return_money":null,"Rate_of_Return":null},{"Date":1323820800000,"Trading_Strategy":"CCI^STOCH","Transaction_Type":-1,"Stock_price":13.4059238434,"Transaction_amount":18000,"Return_money":-183.0,"Rate_of_Return":-0.0101666667},{"Date":1324425600000,"Trading_Strategy":"CCI^STOCH","Transaction_Type":1,"Stock_price":13.5441303253,"Transaction_amount":18000,"Return_money":null,"Rate_of_Return":null},{"Date":1324512000000,"Trading_Strategy":"CCI^STOCH","Transaction_Type":-1,"Stock_price":13.2216510773,"Transaction_amount":18000,"Return_money":-428.0,"Rate_of_Return":-0.0237777778},{"Date":1324598400000,"Trading_Strategy":"CCI^STOCH","Transaction_Type":1,"Stock_price":13.6362667084,"Transaction_amount":18000,"Return_money":null,"Rate_of_Return":null},{"Date":1324857600000,"Trading_Strategy":"CCI^STOCH","Transaction_Type":-1,"Stock_price":13.4980611801,"Transaction_amount":18000,"Return_money":-182.0,"Rate_of_Return":-0.0101111111},{"Date":1325116800000,"Trading_Strategy":"MA10&MA15^STOCH","Transaction_Type":1,"Stock_price":14.2812252045,"Transaction_amount":1000,"Return_money":null,"Rate_of_Return":null},{"Date":1325203200000,"Trading_Strategy":"MA10&MA15^STOCH","Transaction_Type":-1,"Stock_price":14.096950531,"Transaction_amount":1000,"Return_money":-12.0,"Rate_of_Return":-0.012},{"Date":1325462400000,"Trading_Strategy":"MA15&MA30^STOCH","Transaction_Type":1,"Stock_price":13.9587459564,"Transaction_amount":12500,"Return_money":null,"Rate_of_Return":null},{"Date":1325548800000,"Trading_Strategy":"MA15&MA30^STOCH","Transaction_Type":-1,"Stock_price":14.4194307327,"Transaction_amount":12500,"Return_money":412.0,"Rate_of_Return":0.03296},{"Date":1327881600000,"Trading_Strategy":"CCI^STOCH","Transaction_Type":1,"Stock_price":14.9722518921,"Transaction_amount":18000,"Return_money":null,"Rate_of_Return":null},{"Date":1327968000000,"Trading_Strategy":"CCI^STOCH","Transaction_Type":-1,"Stock_price":15.2486629486,"Transaction_amount":18000,"Return_money":332.0,"Rate_of_Return":0.0184444444},{"Date":1331164800000,"Trading_Strategy":"CCI^STOCH","Transaction_Type":1,"Stock_price":19.2105522156,"Transaction_amount":18000,"Return_money":null,"Rate_of_Return":null},{"Date":1331251200000,"Trading_Strategy":"CCI^STOCH","Transaction_Type":-1,"Stock_price":18.8880710602,"Transaction_amount":18000,"Return_money":-302.0,"Rate_of_Return":-0.0167777778},{"Date":1332288000000,"Trading_Strategy":"MA10&MA15^STOCH","Transaction_Type":1,"Stock_price":18.9341411591,"Transaction_amount":1000,"Return_money":null,"Rate_of_Return":null},{"Date":1332374400000,"Trading_Strategy":"CCI^STOCH","Transaction_Type":1,"Stock_price":18.7498664856,"Transaction_amount":18000,"Return_money":null,"Rate_of_Return":null},{"Date":1332720000000,"Trading_Strategy":"CCI^STOCH","Transaction_Type":-1,"Stock_price":18.381319046,"Transaction_amount":18000,"Return_money":-353.0,"Rate_of_Return":-0.0196111111},{"Date":1332720000000,"Trading_Strategy":"MA10&MA15^STOCH","Transaction_Type":-1,"Stock_price":18.381319046,"Transaction_amount":1000,"Return_money":-29.0,"Rate_of_Return":-0.029},{"Date":1335916800000,"Trading_Strategy":"CCI^STOCH","Transaction_Type":1,"Stock_price":16.3543071747,"Transaction_amount":18000,"Return_money":null,"Rate_of_Return":null},{"Date":1336003200000,"Trading_Strategy":"CCI^STOCH","Transaction_Type":-1,"Stock_price":16.1700325012,"Transaction_amount":18000,"Return_money":-202.0,"Rate_of_Return":-0.0112222222},{"Date":1336348800000,"Trading_Strategy":"MA10&MA15^STOCH","Transaction_Type":1,"Stock_price":16.6767864227,"Transaction_amount":1000,"Return_money":null,"Rate_of_Return":null},{"Date":1336521600000,"Trading_Strategy":"MA10&MA15^STOCH","Transaction_Type":-1,"Stock_price":16.8610591888,"Transaction_amount":1000,"Return_money":11.0,"Rate_of_Return":0.011},{"Date":1339545600000,"Trading_Strategy":"CCI^STOCH","Transaction_Type":1,"Stock_price":13.6362667084,"Transaction_amount":18000,"Return_money":null,"Rate_of_Return":null},{"Date":1339632000000,"Trading_Strategy":"CCI^STOCH","Transaction_Type":-1,"Stock_price":13.8205413818,"Transaction_amount":18000,"Return_money":243.0,"Rate_of_Return":0.0135},{"Date":1339977600000,"Trading_Strategy":"MA10&MA15^STOCH","Transaction_Type":1,"Stock_price":14.3733615875,"Transaction_amount":1000,"Return_money":null,"Rate_of_Return":null},{"Date":1340582400000,"Trading_Strategy":"MA10&MA15^STOCH","Transaction_Type":-1,"Stock_price":14.096950531,"Transaction_amount":1000,"Return_money":-19.0,"Rate_of_Return":-0.019},{"Date":1340755200000,"Trading_Strategy":"MA15&MA30^STOCH","Transaction_Type":1,"Stock_price":14.3733615875,"Transaction_amount":12500,"Return_money":null,"Rate_of_Return":null},{"Date":1340928000000,"Trading_Strategy":"MA15&MA30^STOCH","Transaction_Type":-1,"Stock_price":14.8340473175,"Transaction_amount":12500,"Return_money":400.0,"Rate_of_Return":0.032},{"Date":1343692800000,"Trading_Strategy":"CCI^STOCH","Transaction_Type":1,"Stock_price":15.2025947571,"Transaction_amount":18000,"Return_money":null,"Rate_of_Return":null},{"Date":1343779200000,"Trading_Strategy":"CCI^STOCH","Transaction_Type":-1,"Stock_price":15.6632785797,"Transaction_amount":18000,"Return_money":545.0,"Rate_of_Return":0.0302777778},{"Date":1344211200000,"Trading_Strategy":"MA10&MA15^STOCH","Transaction_Type":1,"Stock_price":15.9396896362,"Transaction_amount":1000,"Return_money":null,"Rate_of_Return":null},{"Date":1344384000000,"Trading_Strategy":"MA10&MA15^STOCH","Transaction_Type":-1,"Stock_price":16.1239643097,"Transaction_amount":1000,"Return_money":11.0,"Rate_of_Return":0.011},{"Date":1347235200000,"Trading_Strategy":"CCI^STOCH","Transaction_Type":1,"Stock_price":15.2025947571,"Transaction_amount":18000,"Return_money":null,"Rate_of_Return":null},{"Date":1347321600000,"Trading_Strategy":"CCI^STOCH","Transaction_Type":-1,"Stock_price":14.8340473175,"Transaction_amount":18000,"Return_money":-436.0,"Rate_of_Return":-0.0242222222},{"Date":1347840000000,"Trading_Strategy":"CCI^STOCH","Transaction_Type":1,"Stock_price":15.4790058136,"Transaction_amount":18000,"Return_money":null,"Rate_of_Return":null},{"Date":1348012800000,"Trading_Strategy":"MA10&MA15^STOCH","Transaction_Type":1,"Stock_price":15.7093477249,"Transaction_amount":1000,"Return_money":null,"Rate_of_Return":null},{"Date":1348012800000,"Trading_Strategy":"CCI^STOCH","Transaction_Type":-1,"Stock_price":15.7093477249,"Transaction_amount":18000,"Return_money":267.0,"Rate_of_Return":0.0148333333},{"Date":1348099200000,"Trading_Strategy":"MA10&MA15^STOCH","Transaction_Type":-1,"Stock_price":15.4329366684,"Transaction_amount":1000,"Return_money":-17.0,"Rate_of_Return":-0.017},{"Date":1350345600000,"Trading_Strategy":"CCI^STOCH","Transaction_Type":1,"Stock_price":14.4654989243,"Transaction_amount":18000,"Return_money":null,"Rate_of_Return":null},{"Date":1350604800000,"Trading_Strategy":"CCI^STOCH","Transaction_Type":-1,"Stock_price":14.649772644,"Transaction_amount":18000,"Return_money":229.0,"Rate_of_Return":0.0127222222},{"Date":1350864000000,"Trading_Strategy":"MA10&MA15^STOCH","Transaction_Type":1,"Stock_price":14.557636261,"Transaction_amount":1000,"Return_money":null,"Rate_of_Return":null},{"Date":1351036800000,"Trading_Strategy":"MA10&MA15^STOCH","Transaction_Type":-1,"Stock_price":14.3272943497,"Transaction_amount":1000,"Return_money":-15.0,"Rate_of_Return":-0.015},{"Date":1351728000000,"Trading_Strategy":"CCI^STOCH","Transaction_Type":1,"Stock_price":14.649772644,"Transaction_amount":18000,"Return_money":null,"Rate_of_Return":null},{"Date":1351814400000,"Trading_Strategy":"CCI^STOCH","Transaction_Type":-1,"Stock_price":14.8340473175,"Transaction_amount":18000,"Return_money":226.0,"Rate_of_Return":0.0125555556},{"Date":1352160000000,"Trading_Strategy":"MA15&MA30^STOCH","Transaction_Type":1,"Stock_price":15.0183210373,"Transaction_amount":12500,"Return_money":null,"Rate_of_Return":null},{"Date":1352332800000,"Trading_Strategy":"MA10&MA15^STOCH","Transaction_Type":1,"Stock_price":15.0183210373,"Transaction_amount":1000,"Return_money":null,"Rate_of_Return":null},{"Date":1352332800000,"Trading_Strategy":"MA15&MA30^STOCH","Transaction_Type":-1,"Stock_price":15.0183210373,"Transaction_amount":12500,"Return_money":0.0,"Rate_of_Return":0.0},{"Date":1352678400000,"Trading_Strategy":"MA10&MA15^STOCH","Transaction_Type":-1,"Stock_price":14.8340473175,"Transaction_amount":1000,"Return_money":-12.0,"Rate_of_Return":-0.012},{"Date":1353628800000,"Trading_Strategy":"CCI^STOCH","Transaction_Type":1,"Stock_price":14.7419099808,"Transaction_amount":18000,"Return_money":null,"Rate_of_Return":null},{"Date":1353888000000,"Trading_Strategy":"CCI^STOCH","Transaction_Type":-1,"Stock_price":15.5250740051,"Transaction_amount":18000,"Return_money":956.0,"Rate_of_Return":0.0531111111},{"Date":1354060800000,"Trading_Strategy":"MA10&MA15^STOCH","Transaction_Type":1,"Stock_price":15.1565256119,"Transaction_amount":1000,"Return_money":null,"Rate_of_Return":null},{"Date":1354147200000,"Trading_Strategy":"MA10&MA15^STOCH","Transaction_Type":-1,"Stock_price":15.4329366684,"Transaction_amount":1000,"Return_money":18.0,"Rate_of_Return":0.018},{"Date":1355875200000,"Trading_Strategy":"CCI^STOCH","Transaction_Type":1,"Stock_price":16.3082370758,"Transaction_amount":18000,"Return_money":null,"Rate_of_Return":null},{"Date":1355961600000,"Trading_Strategy":"CCI^STOCH","Transaction_Type":-1,"Stock_price":15.9396896362,"Transaction_amount":18000,"Return_money":-406.0,"Rate_of_Return":-0.0225555556},{"Date":1356480000000,"Trading_Strategy":"CCI^STOCH","Transaction_Type":1,"Stock_price":16.2621707916,"Transaction_amount":18000,"Return_money":null,"Rate_of_Return":null},{"Date":1356566400000,"Trading_Strategy":"CCI^STOCH","Transaction_Type":-1,"Stock_price":16.0778961182,"Transaction_amount":18000,"Return_money":-203.0,"Rate_of_Return":-0.0112777778}]