[{"Date":1285286400000,"Trading_Strategy":"MA10&MA15^MACD","Transaction_Type":1,"Stock_price":18.0506286621,"Transaction_amount":18000,"Return_money":null,"Rate_of_Return":null},{"Date":1285632000000,"Trading_Strategy":"MA10&MA15^MACD","Transaction_Type":-1,"Stock_price":18.343793869,"Transaction_amount":18000,"Return_money":292.0,"Rate_of_Return":0.0162222222},{"Date":1286409600000,"Trading_Strategy":"MA10&MA15^MACD","Transaction_Type":1,"Stock_price":19.265171051,"Transaction_amount":18000,"Return_money":null,"Rate_of_Return":null},{"Date":1286496000000,"Trading_Strategy":"MA10&MA15^MACD","Transaction_Type":-1,"Stock_price":18.8463630676,"Transaction_amount":18000,"Return_money":-391.0,"Rate_of_Return":-0.0217222222},{"Date":1287619200000,"Trading_Strategy":"MA5&MA15^MA10&MA15","Transaction_Type":1,"Stock_price":19.516456604,"Transaction_amount":1000,"Return_money":null,"Rate_of_Return":null},{"Date":1287964800000,"Trading_Strategy":"MA10&MA15^MACD","Transaction_Type":1,"Stock_price":20.7728805542,"Transaction_amount":18000,"Return_money":null,"Rate_of_Return":null},{"Date":1287964800000,"Trading_Strategy":"MA5&MA15^MA10&MA15","Transaction_Type":-1,"Stock_price":20.7728805542,"Transaction_amount":1000,"Return_money":64.0,"Rate_of_Return":0.064},{"Date":1288137600000,"Trading_Strategy":"MA10&MA15^MACD","Transaction_Type":-1,"Stock_price":21.3173313141,"Transaction_amount":18000,"Return_money":471.0,"Rate_of_Return":0.0261666667},{"Date":1290470400000,"Trading_Strategy":"MA5&MA15^MA10&MA15","Transaction_Type":1,"Stock_price":22.2805900574,"Transaction_amount":1000,"Return_money":null,"Rate_of_Return":null},{"Date":1290643200000,"Trading_Strategy":"MA5&MA15^MA10&MA15","Transaction_Type":-1,"Stock_price":22.0293045044,"Transaction_amount":1000,"Return_money":-11.0,"Rate_of_Return":-0.011},{"Date":1290643200000,"Trading_Strategy":"MA10&MA15^MACD","Transaction_Type":1,"Stock_price":22.0293045044,"Transaction_amount":18000,"Return_money":null,"Rate_of_Return":null},{"Date":1290729600000,"Trading_Strategy":"MA10&MA15^MACD","Transaction_Type":-1,"Stock_price":21.2335681915,"Transaction_amount":18000,"Return_money":-650.0,"Rate_of_Return":-0.0361111111},{"Date":1292198400000,"Trading_Strategy":"MA5&MA15^MA10&MA15","Transaction_Type":1,"Stock_price":22.1130657196,"Transaction_amount":1000,"Return_money":null,"Rate_of_Return":null},{"Date":1292284800000,"Trading_Strategy":"MA10&MA15^MACD","Transaction_Type":1,"Stock_price":22.2387084961,"Transaction_amount":18000,"Return_money":null,"Rate_of_Return":null},{"Date":1292457600000,"Trading_Strategy":"MA10&MA15^MACD","Transaction_Type":-1,"Stock_price":22.6156368256,"Transaction_amount":18000,"Return_money":305.0,"Rate_of_Return":0.0169444444},{"Date":1292457600000,"Trading_Strategy":"MA5&MA15^MA10&MA15","Transaction_Type":-1,"Stock_price":22.6156368256,"Transaction_amount":1000,"Return_money":22.0,"Rate_of_Return":0.022},{"Date":1296172800000,"Trading_Strategy":"MA5&MA15^MA10&MA15","Transaction_Type":1,"Stock_price":25.5472927094,"Transaction_amount":1000,"Return_money":null,"Rate_of_Return":null},{"Date":1297123200000,"Trading_Strategy":"MA5&MA15^MA10&MA15","Transaction_Type":-1,"Stock_price":25.0447235107,"Transaction_amount":1000,"Return_money":-19.0,"Rate_of_Return":-0.019},{"Date":1297382400000,"Trading_Strategy":"MA10&MA15^MACD","Transaction_Type":1,"Stock_price":23.5370140076,"Transaction_amount":18000,"Return_money":null,"Rate_of_Return":null},{"Date":1297641600000,"Trading_Strategy":"MA10&MA15^MACD","Transaction_Type":-1,"Stock_price":24.7934379578,"Transaction_amount":18000,"Return_money":960.0,"Rate_of_Return":0.0533333333},{"Date":1301011200000,"Trading_Strategy":"MA5&MA15^MA10&MA15","Transaction_Type":1,"Stock_price":20.689119339,"Transaction_amount":1000,"Return_money":null,"Rate_of_Return":null},{"Date":1301270400000,"Trading_Strategy":"MA5&MA15^MA10&MA15","Transaction_Type":-1,"Stock_price":20.4797153473,"Transaction_amount":1000,"Return_money":-10.0,"Rate_of_Return":-0.01},{"Date":1301443200000,"Trading_Strategy":"MA10&MA15^MACD","Transaction_Type":1,"Stock_price":20.7728805542,"Transaction_amount":18000,"Return_money":null,"Rate_of_Return":null},{"Date":1301529600000,"Trading_Strategy":"MA10&MA15^MACD","Transaction_Type":-1,"Stock_price":20.4797153473,"Transaction_amount":18000,"Return_money":-254.0,"Rate_of_Return":-0.0141111111},{"Date":1302652800000,"Trading_Strategy":"MA10&MA30^STOCH","Transaction_Type":1,"Stock_price":21.4848537445,"Transaction_amount":12500,"Return_money":null,"Rate_of_Return":null},{"Date":1302825600000,"Trading_Strategy":"MA10&MA30^STOCH","Transaction_Type":-1,"Stock_price":21.1079273224,"Transaction_amount":12500,"Return_money":-219.0,"Rate_of_Return":-0.01752},{"Date":1306972800000,"Trading_Strategy":"MA5&MA15^MA10&MA15","Transaction_Type":1,"Stock_price":21.4429721832,"Transaction_amount":1000,"Return_money":null,"Rate_of_Return":null},{"Date":1307059200000,"Trading_Strategy":"MA5&MA15^MA10&MA15","Transaction_Type":-1,"Stock_price":21.1916885376,"Transaction_amount":1000,"Return_money":-11.0,"Rate_of_Return":-0.011},{"Date":1307577600000,"Trading_Strategy":"MA10&MA15^MACD","Transaction_Type":1,"Stock_price":21.0241641998,"Transaction_amount":18000,"Return_money":null,"Rate_of_Return":null},{"Date":1307923200000,"Trading_Strategy":"MA10&MA15^MACD","Transaction_Type":-1,"Stock_price":20.2284297943,"Transaction_amount":18000,"Return_money":-681.0,"Rate_of_Return":-0.0378333333},{"Date":1309737600000,"Trading_Strategy":"MA5&MA15^MA10&MA15","Transaction_Type":1,"Stock_price":19.1814098358,"Transaction_amount":1000,"Return_money":null,"Rate_of_Return":null},{"Date":1309824000000,"Trading_Strategy":"MA5&MA15^MA10&MA15","Transaction_Type":-1,"Stock_price":18.8463630676,"Transaction_amount":1000,"Return_money":-17.0,"Rate_of_Return":-0.017},{"Date":1309996800000,"Trading_Strategy":"MA10&MA15^MACD","Transaction_Type":1,"Stock_price":18.8044834137,"Transaction_amount":18000,"Return_money":null,"Rate_of_Return":null},{"Date":1310342400000,"Trading_Strategy":"MA10&MA15^MACD","Transaction_Type":-1,"Stock_price":19.1814098358,"Transaction_amount":18000,"Return_money":360.0,"Rate_of_Return":0.02},{"Date":1314057600000,"Trading_Strategy":"MA5&MA15^MA10&MA15","Transaction_Type":1,"Stock_price":15.7471828461,"Transaction_amount":1000,"Return_money":null,"Rate_of_Return":null},{"Date":1314144000000,"Trading_Strategy":"MA10&MA15^MACD","Transaction_Type":1,"Stock_price":15.4121370316,"Transaction_amount":18000,"Return_money":null,"Rate_of_Return":null},{"Date":1314144000000,"Trading_Strategy":"MA5&MA15^MA10&MA15","Transaction_Type":-1,"Stock_price":15.4121370316,"Transaction_amount":1000,"Return_money":-21.0,"Rate_of_Return":-0.021},{"Date":1314316800000,"Trading_Strategy":"MA10&MA15^MACD","Transaction_Type":-1,"Stock_price":15.5796604156,"Transaction_amount":18000,"Return_money":195.0,"Rate_of_Return":0.0108333333},{"Date":1317340800000,"Trading_Strategy":"MA5&MA15^MA10&MA15","Transaction_Type":1,"Stock_price":14.3733615875,"Transaction_amount":1000,"Return_money":null,"Rate_of_Return":null},{"Date":1317600000000,"Trading_Strategy":"MA5&MA15^MA10&MA15","Transaction_Type":-1,"Stock_price":13.8205413818,"Transaction_amount":1000,"Return_money":-38.0,"Rate_of_Return":-0.038},{"Date":1317945600000,"Trading_Strategy":"MA10&MA15^MACD","Transaction_Type":1,"Stock_price":14.0048151016,"Transaction_amount":18000,"Return_money":null,"Rate_of_Return":null},{"Date":1318291200000,"Trading_Strategy":"MA10&MA15^MACD","Transaction_Type":-1,"Stock_price":14.557636261,"Transaction_amount":18000,"Return_money":710.0,"Rate_of_Return":0.0394444444},{"Date":1318377600000,"Trading_Strategy":"MA5&MA15^MA10&MA15","Transaction_Type":1,"Stock_price":14.4194307327,"Transaction_amount":1000,"Return_money":null,"Rate_of_Return":null},{"Date":1318464000000,"Trading_Strategy":"MA5&MA15^MA10&MA15","Transaction_Type":-1,"Stock_price":15.3868694305,"Transaction_amount":1000,"Return_money":67.0,"Rate_of_Return":0.067},{"Date":1318550400000,"Trading_Strategy":"MA10&MA30^STOCH","Transaction_Type":1,"Stock_price":15.3868694305,"Transaction_amount":12500,"Return_money":null,"Rate_of_Return":null},{"Date":1318809600000,"Trading_Strategy":"MA10&MA30^STOCH","Transaction_Type":-1,"Stock_price":15.7093477249,"Transaction_amount":12500,"Return_money":261.0,"Rate_of_Return":0.02088},{"Date":1323302400000,"Trading_Strategy":"MA10&MA15^MACD","Transaction_Type":1,"Stock_price":13.7284040451,"Transaction_amount":18000,"Return_money":null,"Rate_of_Return":null},{"Date":1323388800000,"Trading_Strategy":"MA10&MA15^MACD","Transaction_Type":-1,"Stock_price":13.4519929886,"Transaction_amount":18000,"Return_money":-362.0,"Rate_of_Return":-0.0201111111},{"Date":1324857600000,"Trading_Strategy":"MA5&MA15^MA10&MA15","Transaction_Type":1,"Stock_price":13.4980611801,"Transaction_amount":1000,"Return_money":null,"Rate_of_Return":null},{"Date":1324944000000,"Trading_Strategy":"MA5&MA15^MA10&MA15","Transaction_Type":-1,"Stock_price":13.8205413818,"Transaction_amount":1000,"Return_money":23.0,"Rate_of_Return":0.023},{"Date":1325116800000,"Trading_Strategy":"MA10&MA15^MACD","Transaction_Type":1,"Stock_price":14.2812252045,"Transaction_amount":18000,"Return_money":null,"Rate_of_Return":null},{"Date":1325203200000,"Trading_Strategy":"MA10&MA30^STOCH","Transaction_Type":1,"Stock_price":14.096950531,"Transaction_amount":12500,"Return_money":null,"Rate_of_Return":null},{"Date":1325203200000,"Trading_Strategy":"MA10&MA15^MACD","Transaction_Type":-1,"Stock_price":14.096950531,"Transaction_amount":18000,"Return_money":-232.0,"Rate_of_Return":-0.0128888889},{"Date":1325548800000,"Trading_Strategy":"MA10&MA30^STOCH","Transaction_Type":-1,"Stock_price":14.4194307327,"Transaction_amount":12500,"Return_money":285.0,"Rate_of_Return":0.0228},{"Date":1328054400000,"Trading_Strategy":"MA5&MA15^MA10&MA15","Transaction_Type":1,"Stock_price":16.0318279266,"Transaction_amount":1000,"Return_money":null,"Rate_of_Return":null},{"Date":1328140800000,"Trading_Strategy":"MA5&MA15^MA10&MA15","Transaction_Type":-1,"Stock_price":16.5846481323,"Transaction_amount":1000,"Return_money":34.0,"Rate_of_Return":0.034},{"Date":1332288000000,"Trading_Strategy":"MA10&MA15^MACD","Transaction_Type":1,"Stock_price":18.9341411591,"Transaction_amount":18000,"Return_money":null,"Rate_of_Return":null},{"Date":1332720000000,"Trading_Strategy":"MA10&MA15^MACD","Transaction_Type":-1,"Stock_price":18.381319046,"Transaction_amount":18000,"Return_money":-525.0,"Rate_of_Return":-0.0291666667},{"Date":1336089600000,"Trading_Strategy":"MA5&MA15^MA10&MA15","Transaction_Type":1,"Stock_price":17.0914020538,"Transaction_amount":1000,"Return_money":null,"Rate_of_Return":null},{"Date":1336348800000,"Trading_Strategy":"MA5&MA15^MA10&MA15","Transaction_Type":-1,"Stock_price":16.6767864227,"Transaction_amount":1000,"Return_money":-24.0,"Rate_of_Return":-0.024},{"Date":1336348800000,"Trading_Strategy":"MA10&MA15^MACD","Transaction_Type":1,"Stock_price":16.6767864227,"Transaction_amount":18000,"Return_money":null,"Rate_of_Return":null},{"Date":1336521600000,"Trading_Strategy":"MA10&MA15^MACD","Transaction_Type":-1,"Stock_price":16.8610591888,"Transaction_amount":18000,"Return_money":198.0,"Rate_of_Return":0.011},{"Date":1339632000000,"Trading_Strategy":"MA5&MA15^MA10&MA15","Transaction_Type":1,"Stock_price":13.8205413818,"Transaction_amount":1000,"Return_money":null,"Rate_of_Return":null},{"Date":1339977600000,"Trading_Strategy":"MA10&MA15^MACD","Transaction_Type":1,"Stock_price":14.3733615875,"Transaction_amount":18000,"Return_money":null,"Rate_of_Return":null},{"Date":1339977600000,"Trading_Strategy":"MA5&MA15^MA10&MA15","Transaction_Type":-1,"Stock_price":14.3733615875,"Transaction_amount":1000,"Return_money":39.0,"Rate_of_Return":0.039},{"Date":1340323200000,"Trading_Strategy":"MA10&MA30^STOCH","Transaction_Type":1,"Stock_price":14.2812252045,"Transaction_amount":12500,"Return_money":null,"Rate_of_Return":null},{"Date":1340582400000,"Trading_Strategy":"MA10&MA30^STOCH","Transaction_Type":-1,"Stock_price":14.096950531,"Transaction_amount":12500,"Return_money":-161.0,"Rate_of_Return":-0.01288},{"Date":1340582400000,"Trading_Strategy":"MA10&MA15^MACD","Transaction_Type":-1,"Stock_price":14.096950531,"Transaction_amount":18000,"Return_money":-346.0,"Rate_of_Return":-0.0192222222},{"Date":1343779200000,"Trading_Strategy":"MA5&MA15^MA10&MA15","Transaction_Type":1,"Stock_price":15.6632785797,"Transaction_amount":1000,"Return_money":null,"Rate_of_Return":null},{"Date":1343952000000,"Trading_Strategy":"MA5&MA15^MA10&MA15","Transaction_Type":-1,"Stock_price":15.4329366684,"Transaction_amount":1000,"Return_money":-14.0,"Rate_of_Return":-0.014},{"Date":1344211200000,"Trading_Strategy":"MA10&MA15^MACD","Transaction_Type":1,"Stock_price":15.9396896362,"Transaction_amount":18000,"Return_money":null,"Rate_of_Return":null},{"Date":1344384000000,"Trading_Strategy":"MA10&MA15^MACD","Transaction_Type":-1,"Stock_price":16.1239643097,"Transaction_amount":18000,"Return_money":208.0,"Rate_of_Return":0.0115555556},{"Date":1347926400000,"Trading_Strategy":"MA5&MA15^MA10&MA15","Transaction_Type":1,"Stock_price":15.3408002853,"Transaction_amount":1000,"Return_money":null,"Rate_of_Return":null},{"Date":1348012800000,"Trading_Strategy":"MA5&MA15^MA10&MA15","Transaction_Type":-1,"Stock_price":15.7093477249,"Transaction_amount":1000,"Return_money":24.0,"Rate_of_Return":0.024},{"Date":1348012800000,"Trading_Strategy":"MA10&MA15^MACD","Transaction_Type":1,"Stock_price":15.7093477249,"Transaction_amount":18000,"Return_money":null,"Rate_of_Return":null},{"Date":1348099200000,"Trading_Strategy":"MA10&MA15^MACD","Transaction_Type":-1,"Stock_price":15.4329366684,"Transaction_amount":18000,"Return_money":-316.0,"Rate_of_Return":-0.0175555556},{"Date":1348704000000,"Trading_Strategy":"MA10&MA30^STOCH","Transaction_Type":1,"Stock_price":14.3733615875,"Transaction_amount":12500,"Return_money":null,"Rate_of_Return":null},{"Date":1349136000000,"Trading_Strategy":"MA10&MA30^STOCH","Transaction_Type":-1,"Stock_price":14.557636261,"Transaction_amount":12500,"Return_money":160.0,"Rate_of_Return":0.0128},{"Date":1350518400000,"Trading_Strategy":"MA5&MA15^MA10&MA15","Transaction_Type":1,"Stock_price":14.6037054062,"Transaction_amount":1000,"Return_money":null,"Rate_of_Return":null},{"Date":1350864000000,"Trading_Strategy":"MA10&MA15^MACD","Transaction_Type":1,"Stock_price":14.557636261,"Transaction_amount":18000,"Return_money":null,"Rate_of_Return":null},{"Date":1351036800000,"Trading_Strategy":"MA5&MA15^MA10&MA15","Transaction_Type":-1,"Stock_price":14.3272943497,"Transaction_amount":1000,"Return_money":-18.0,"Rate_of_Return":-0.018},{"Date":1351036800000,"Trading_Strategy":"MA10&MA15^MACD","Transaction_Type":-1,"Stock_price":14.3272943497,"Transaction_amount":18000,"Return_money":-284.0,"Rate_of_Return":-0.0157777778},{"Date":1352073600000,"Trading_Strategy":"MA5&MA15^MA10&MA15","Transaction_Type":1,"Stock_price":15.2025947571,"Transaction_amount":1000,"Return_money":null,"Rate_of_Return":null},{"Date":1352160000000,"Trading_Strategy":"MA5&MA15^MA10&MA15","Transaction_Type":-1,"Stock_price":15.0183210373,"Transaction_amount":1000,"Return_money":-12.0,"Rate_of_Return":-0.012},{"Date":1352246400000,"Trading_Strategy":"MA10&MA30^STOCH","Transaction_Type":1,"Stock_price":15.0183210373,"Transaction_amount":12500,"Return_money":null,"Rate_of_Return":null},{"Date":1352332800000,"Trading_Strategy":"MA10&MA30^STOCH","Transaction_Type":-1,"Stock_price":15.0183210373,"Transaction_amount":12500,"Return_money":0.0,"Rate_of_Return":0.0},{"Date":1352332800000,"Trading_Strategy":"MA10&MA15^MACD","Transaction_Type":1,"Stock_price":15.0183210373,"Transaction_amount":18000,"Return_money":null,"Rate_of_Return":null},{"Date":1352678400000,"Trading_Strategy":"MA10&MA15^MACD","Transaction_Type":-1,"Stock_price":14.8340473175,"Transaction_amount":18000,"Return_money":-220.0,"Rate_of_Return":-0.0122222222},{"Date":1353974400000,"Trading_Strategy":"MA5&MA15^MA10&MA15","Transaction_Type":1,"Stock_price":15.2947320938,"Transaction_amount":1000,"Return_money":null,"Rate_of_Return":null},{"Date":1353974400000,"Trading_Strategy":"MA10&MA30^STOCH","Transaction_Type":1,"Stock_price":15.2947320938,"Transaction_amount":12500,"Return_money":null,"Rate_of_Return":null},{"Date":1354060800000,"Trading_Strategy":"MA10&MA15^MACD","Transaction_Type":1,"Stock_price":15.1565256119,"Transaction_amount":18000,"Return_money":null,"Rate_of_Return":null},{"Date":1354147200000,"Trading_Strategy":"MA10&MA15^MACD","Transaction_Type":-1,"Stock_price":15.4329366684,"Transaction_amount":18000,"Return_money":328.0,"Rate_of_Return":0.0182222222},{"Date":1354147200000,"Trading_Strategy":"MA10&MA30^STOCH","Transaction_Type":-1,"Stock_price":15.4329366684,"Transaction_amount":12500,"Return_money":112.0,"Rate_of_Return":0.00896},{"Date":1354233600000,"Trading_Strategy":"MA5&MA15^MA10&MA15","Transaction_Type":-1,"Stock_price":15.7554159164,"Transaction_amount":1000,"Return_money":30.0,"Rate_of_Return":0.03}]